Workbook

Sheet detalle CIE10
A1: CIE_10 | B1: Descriptor
A2: J00-J06
A3: J00X | B3: RINOFARINGITIS AGUDA (RESFRIADO COMUN)
A4: J010 | B4: SINUSITIS MAXILAR AGUDA
A5: J011 | B5: SINUSITIS FRONTAL AGUDA
A6: J012 | B6: SINUSITIS ETMOIDAL AGUDA
A7: J013 | B7: SINUSITIS ESFENOIDAL AGUDA
A8: J014 | B8: PANSINUSITIS AGUDA
A9: J018 | B9: OTRAS SINUSITIS AGUDAS
A10: J019 | B10: SINUSITIS AGUDA, NO ESPECIFICADA
A11: J020 | B11: FARINGITIS ESTREPTOCOCICA
A12: J028 | B12: FARINGITIS AGUDA DEBIDA A OTROS MICROORGANISMOS ESPECIFICADOS
A13: J029 | B13: FARINGITIS AGUDA, NO ESPECIFICADA
A14: J030 | B14: AMIGDALITIS ESTREPTOCOCICA
... A24: J069 | B24: INFECCION AGUDA DE LAS VÍAS RESPIRATORIAS SUPERIORES, NO ESPECIFICADA
A26: J09-J11
A27: J09X | B27: INFLUENZA DEBIDA A CIERTOS VIRUS DE LA INFLUENZA IDENTIFICADOS
A28: J100 | B28: INFLUENZA CON NEUMONIA, DEBIDA A VIRUS DE LA INFLUENZA IDENTIFICADO
A29: J101 | B29: INFLUENZA CON OTRAS MANIFESTACIONES RESPIRATORIAS, DEBIDA A VIRUS DE LA INFLUENZA IDENTIFICADO
A30: J108 | B30: INFLUENZA, CON OTRAS MANIFESTACIONES, DEBIDA A VIRUS DE LA INFLUENZA IDENTIFICADO
A31: J110 | B31: INFLUENZA CON NEUMONIA, VIRUS NO IDENTIFICADO
A32: J111 | B32: INFLUENZA CON OTRAS MANIFESTACIONES RESPIRATORIAS, VIRUS NO IDENTIFICADO
A33: J118 | B33: INFLUENZA CON OTRAS MANIFESTACIONES, VIRUS NO IDENTIFICADO
A36: J12-J18
A37: J120 | B37: NEUMONIA DEBIDA A ADENOVIRUS
A38: J121 | B38: NEUMONIA DEBIDA A VIRUS SINCICIAL RESPIRATORIO
A39: J122 | B39: NEUMONIA DEBIDA A VIRUS PARAINFLUENZA
A40: J123 | B40: NEUMONÍA DEBIDA A METANEUMOVIRUS HUMANO
A41: J128 | B41: NEUMONIA DEBIDA A OTROS VIRUS
A42: J129 | B42: NEUMONIA VIRAL, NO ESPECIFICADA (VIRUS)
A43: J13X | B43: NEUMONIA DEBIDA A STREPTOCOCCUS PNEUMONIAE
A44: J14X | B44: NEUMONIA DEBIDA A HAEMOPHILUS INFLUENZAE
A45: J150 | B45: NEUMONIA DEBIDA A KLEBSIELLA PNEUMONIAE
A46: J151 | B46: NEUMONIA DEBIDA A PSEUDOMONAS
A47: J152 | B47: NEUMONIA DEBIDA A ESTAFILOCOCOS
A48: J153 | B48: NEUMONIA DEBIDA A ESTREPTOCOCOS DEL GRUPO B
... A61: J189 | B61: NEUMONIA, NO ESPECIFICADA
A64: J20-J21
A65: J200 | B65: BRONQUITIS AGUDA DEBIDA A MYCOPLASMA PNEUMONIAE
A66: J201 | B66: BRONQUITIS AGUDA DEBIDA A HAEMOPHILUS INFLUENZAE
A67: J202 | B67: BRONQUITIS AGUDA DEBIDA A ESTREPTOCOCOS
A68: J203 | B68: BRONQUITIS AGUDA DEBIDA A VIRUS COXSACKIE
A69: J204 | B69: BRONQUITIS AGUDA DEBIDA A VIRUS PARAINFLUENZA
A70: J205 | B70: BRONQUITIS AGUDA DEBIDA A VIRUS SINCITIAL RESPIRATORIO
A71: J206 | B71: BRONQUITIS AGUDA DEBIDA A RINOVIRUS
A72: J207 | B72: BRONQUITIS AGUDA DEBIDA A VIRUS ECHO
A73: J208 | B73: BRONQUITIS AGUDA DEBIDA A OTROS MICROORGANISMOS ESPECIFICADOS
A74: J209 | B74: BRONQUITIS AGUDA, NO ESPECIFICADO
A75: J210 | B75: BRONQUIOLITIS AGUDA DEBIDA A VIRUS SINCITIAL RESPIRATORIO
A76: J211 | B76: BRONQUIOLITIS AGUDA DEBIDA A METANEUMOVIRUS HUMANO
... A78: J219 | B78: BRONQUIOLITIS AGUDA, NO ESPECIFICADA
A81: J40-J46
A82: J40X | B82: BRONQUITIS, NO ESPECIFICADA COMO AGUDA O CRONICA
A83: J410 | B83: BRONQUITIS CRONICA SIMPLE
A84: J411 | B84: BRONQUITIS CRONICA MUCOPURULENTA
A85: J418 | B85: BRONQUITIS CRONICA MIXTA SIMPLE Y MUCOPURULENTA
A86: J42X | B86: BRONQUITIS CRONICA NO ESPECIFICADA
A87: J430 | B87: SINDROME DE MACLEOD
A88: J431 | B88: ENFISEMA PANLOBULAR
A89: J432 | B89: ENFISEMA CENTROLOBULAR
A90: J438 | B90: OTROS TIPOS DE ENFISEMA
A91: J439 | B91: ENFISEMA, NO ESPECIFICADO
A92: J440 | B92: ENFERMEDAD PULMÓNAR OBSTRUCTIVA CRONICA C/INFECC. AG.DE VÍAS RESPIRATORIAS INFERIORES
A93: J441 | B93: ENFERMEDAD PULMÓNAR OBSTRUCTIVA CRONICA CON EXACERBACION AGUDA, NO ESPECIFICADA
... A100: J46X | B100: ESTADO ASMATICO
A103: J22,J30-J39,J60-J98
A104: J22X | B104: INFECCION AGUDA NO ESPECIFICADA DE LAS VÍAS RESPIRATORIAS INFERIORES
A105: J300 | B105: RINITIS VASOMOTORA
A106: J301 | B106: RINITIS ALERGICA DEBIDA AL POLEN
A107: J302 | B107: OTRA RINITIS ALERGICA ESTACIONAL
A108: J303 | B108: OTRAS RINITIS ALERGICAS
A109: J304 | B109: RINITIS ALERGICA, NO ESPECIFICADA
A110: J310 | B110: RINITIS CRONICA
A111: J311 | B111: RINOFARINGITIS CRONICA
A112: J312 | B112: FARINGITIS CRONICA
A113: J320 | B113: SINUSITIS MAXILAR CRONICA
A114: J321 | B114: SINUSITIS FRONTAL CRONICA
A115: J322 | B115: SINUSITIS ETMOIDAL CRONICA
... A231: J989 | B231: TRASTORNO RESPIRATORIO, NO ESPECIFICADO

Sheet FORMATO
A2: X X X X X | B2: 1 | C2: =+B2+1 -> 2 | D2: =+C2+1 -> 3 | E2: =+D2+1 -> 4 | F2: =+E2+1 -> 5 | G2: =+F2+1 -> 6 | H2: =+G2+1 -> 7 | I2: =+H2+1 -> 8 | J2: =+I2+1 -> 9 | ... AA2: =+Z2+1 -> 26 | AB2: 27 | AC2: =+AB2+1 -> 28 | AD2: 29 | AE2: 30 | AF2: 31 | AG2: TOTAL
A3: Total de Inscritos | B3: =SUM(B4:B27) -> 0 | C3: =SUM(C4:C27) -> 0 | D3: =SUM(D4:D27) -> 0 | E3: =SUM(E4:E27) -> 0 | F3: =SUM(F4:F27) -> 0 | G3: =SUM(G4:G27) -> 0 | H3: =SUM(H4:H27) -> 0 | I3: =SUM(I4:I27) -> 0 | ... AF3: =SUM(AF4:AF27) -> 0 | AG3: =SUM(B3:AF3) -> 0
A4: 08:00 | AG4: =SUM(B4:AF4) -> 0
A5: 09:00 | AG5: =SUM(B5:AF5) -> 0
A6: 10:00 | AG6: =SUM(B6:AF6) -> 0
A7: 11:00 | AG7: =SUM(B7:AF7) -> 0
A8: 12:00 | AG8: =SUM(B8:AF8) -> 0
A9: 13:00 | AG9: =SUM(B9:AF9) -> 0
A10: 14:00 | AG10: =SUM(B10:AF10) -> 0
A11: 15:00 | AG11: =SUM(B11:AF11) -> 0
A12: 16:00 | AG12: =SUM(B12:AF12) -> 0
A13: 17:00 | AG13: =SUM(B13:AF13) -> 0
A14: 18:00 | AG14: =SUM(B14:AF14) -> 0
A15: 19:00 | AG15: =SUM(B15:AF15) -> 0
... A27: 07:00 | AG27: =SUM(B27:AF27) -> 0
A28: Total de atendidos | B28: =SUM(B29:B52) -> 0 | C28: =SUM(C29:C52) -> 0 | D28: =SUM(D29:D52) -> 0 | E28: =SUM(E29:E52) -> 0 | F28: =SUM(F29:F52) -> 0 | G28: =SUM(G29:G52) -> 0 | H28: =SUM(H29:H52) -> 0 | I28: =SUM(I29:I52) -> 0 | ... AF28: =SUM(AF29:AF52) -> 0 | AG28: =SUM(B28:AF28) -> 0
A29: 08:00 | AG29: =SUM(B29:AF29) -> 0
A30: 09:00 | AG30: =SUM(B30:AF30) -> 0
A31: 10:00 | AG31: =SUM(B31:AF31) -> 0
A32: 11:00 | AG32: =SUM(B32:AF32) -> 0
A33: 12:00 | AG33: =SUM(B33:AF33) -> 0
A34: 13:00 | AG34: =SUM(B34:AF34) -> 0
A35: 14:00 | AG35: =SUM(B35:AF35) -> 0
A36: 15:00 | AG36: =SUM(B36:AF36) -> 0
A37: 16:00 | AG37: =SUM(B37:AF37) -> 0
A38: 17:00 | AG38: =SUM(B38:AF38) -> 0
A39: 18:00 | AG39: =SUM(B39:AF39) -> 0
A40: 19:00 | AG40: =SUM(B40:AF40) -> 0
... A52: 07:00 | AG52: =SUM(B52:AF52) -> 0
A53: Total de NSP | B53: =SUM(B54:B77) -> 0 | C53: =SUM(C54:C77) -> 0 | D53: =SUM(D54:D77) -> 0 | E53: =SUM(E54:E77) -> 0 | F53: =SUM(F54:F77) -> 0 | G53: =SUM(G54:G77) -> 0 | H53: =SUM(H54:H77) -> 0 | I53: =SUM(I54:I77) -> 0 | ... AF53: =SUM(AF54:AF77) -> 0 | AG53: =SUM(B53:AF53) -> 0
A54: 08:00 | AG54: =SUM(B54:AF54) -> 0
A55: 09:00 | AG55: =SUM(B55:AF55) -> 0
A56: 10:00 | AG56: =SUM(B56:AF56) -> 0
A57: 11:00 | AG57: =SUM(B57:AF57) -> 0
A58: 12:00 | AG58: =SUM(B58:AF58) -> 0
A59: 13:00 | AG59: =SUM(B59:AF59) -> 0
A60: 14:00 | AG60: =SUM(B60:AF60) -> 0
A61: 15:00 | AG61: =SUM(B61:AF61) -> 0
A62: 16:00 | AG62: =SUM(B62:AF62) -> 0
A63: 17:00 | AG63: =SUM(B63:AF63) -> 0
A64: 18:00 | AG64: =SUM(B64:AF64) -> 0
A65: 19:00 | AG65: =SUM(B65:AF65) -> 0
... A77: 07:00 | AG77: =SUM(B77:AF77) -> 0
A78: TOTAL PACIENTES INSCRITOS | B78: =SUM(B79:B80) -> 0 | C78: =SUM(C79:C80) -> 0 | D78: =SUM(D79:D80) -> 0 | E78: =SUM(E79:E80) -> 0 | F78: =SUM(F79:F80) -> 0 | G78: =SUM(G79:G80) -> 0 | H78: =SUM(H79:H80) -> 0 | I78: =SUM(I79:I80) -> 0 | ... AF78: =SUM(AF79:AF80) -> 0 | AG78: =SUM(B78:AF78) -> 0
A79: SAR | B79: =SUM(B4:B27)-B80 -> 0 | C79: =SUM(C4:C27)-C80 -> 0 | D79: =SUM(D4:D27)-D80 -> 0 | E79: =SUM(E4:E27)-E80 -> 0 | F79: =SUM(F4:F27)-F80 -> 0 | G79: =SUM(G4:G27)-G80 -> 0 | H79: =SUM(H4:H27)-H80 -> 0 | I79: =SUM(I4:I27)-I80 -> 0 | ... AF79: =SUM(AF4:AF27)-AF80 -> 0 | AG79: =SUM(B79:AF79) -> 0
A80: PAR | D80: 0 | E80: 0 | F80: =SUM(F4:F12) -> 0 | G80: =SUM(G4:G12) -> 0 | H80: =SUM(H4:H12) -> 0 | K80: 0 | L80: 0 | M80: =SUM(M4:M12) -> 0 | N80: =SUM(N4:N12) -> 0 | O80: =SUM(O4:O12) -> 0 | R80: =SUM(R4:R12) -> 0 | S80: =SUM(S4:S12) -> 0 | T80: =SUM(T4:T12) -> 0 | U80: =SUM(U4:U12) -> 0 | V80: =SUM(V4:V12) -> 0 | Y80: =SUM(Y4:Y12) -> 0 | AA80: =SUM(AA4:AA12) -> 0 | AB80: =SUM(AB4:AB12) -> 0 | AC80: =SUM(AC4:AC12) -> 0 | AF80: =SUM(AF4:AF12) -> 0 | AG80: =SUM(B80:AF80) -> 0
A81: TOTAL NSP | B81: =SUM(B82:B83) -> 0 | C81: =SUM(C82:C83) -> 0 | D81: =SUM(D82:D83) -> 0 | E81: =SUM(E82:E83) -> 0 | F81: =SUM(F82:F83) -> 0 | G81: =SUM(G82:G83) -> 0 | H81: =SUM(H82:H83) -> 0 | I81: =SUM(I82:I83) -> 0 | ... AF81: =SUM(AF82:AF83) -> 0 | AG81: =SUM(B81:AF81) -> 0 | AH81: =IF(AG81<>AG53,"*","")
A82: PAR | B82: =SUM(B54:B62) -> 0 | C82: =SUM(C54:C62) -> 0 | D82: =SUM(D54:D62) -> 0 | E82: =SUM(E54:E62) -> 0 | F82: =SUM(F54:F62) -> 0 | G82: =SUM(G54:G62) -> 0 | H82: =SUM(H54:H62) -> 0 | I82: =SUM(I54:I62) -> 0 | ... AF82: =SUM(AF54:AF62) -> 0 | AG82: =SUM(B82:AF82) -> 0
A83: SAR | B83: =SUM(B54:B77)-B82 -> 0 | C83: =SUM(C54:C77)-C82 -> 0 | D83: =SUM(D54:D77)-D82 -> 0 | E83: =SUM(E54:E77)-E82 -> 0 | F83: =SUM(F54:F77)-F82 -> 0 | G83: =SUM(G54:G77)-G82 -> 0 | H83: =SUM(H54:H77)-H82 -> 0 | I83: =SUM(I54:I77)-I82 -> 0 | ... AF83: =SUM(AF54:AF77)-AF82 -> 0 | AG83: =SUM(B83:AF83) -> 0
A84: NSP PEDIATR. / ADULTOS | B84: =SUM(B85:B86) -> 0 | C84: =SUM(C85:C86) -> 0 | D84: =SUM(D85:D86) -> 0 | E84: =SUM(E85:E86) -> 0 | F84: =SUM(F85:F86) -> 0 | G84: =SUM(G85:G86) -> 0 | H84: =SUM(H85:H86) -> 0 | I84: =SUM(I85:I86) -> 0 | ... AF84: =SUM(AF85:AF86) -> 0 | AG84: =SUM(B84:AF84) -> 0 | AH84: =IF(AG84<>AG82+AG83,"*","") | AI84: NSP
A85: NSP PEDIATRICOS (<15 AÑOS) | AG85: =SUM(B85:AF85) -> 0
A86: NSP ADULTOS | AG86: =SUM(B86:AF86) -> 0
A87: NSP CATEGORIZACION | B87: =SUM(B88:B92) -> 0 | C87: =SUM(C88:C92) -> 0 | D87: =SUM(D88:D92) -> 0 | E87: =SUM(E88:E92) -> 0 | F87: =SUM(F88:F92) -> 0 | G87: =SUM(G88:G92) -> 0 | H87: =SUM(H88:H92) -> 0 | I87: =SUM(I88:I92) -> 0 | ... AF87: =SUM(AF88:AF92) -> 0 | AG87: =SUM(B87:AF87) -> 0 | AH87: =IF(AG87<>AG84,"*","")
A88: SIN CATEGORIZACIÓN nsp | AG88: =SUM(B88:AF88) -> 0
A89: C2 | AG89: =SUM(B89:AF89) -> 0
A90: C3 | AG90: =SUM(B90:AF90) -> 0
A91: C4 | AG91: =SUM(B91:AF91) -> 0
A92: C5 | AG92: =SUM(B92:AF92) -> 0
A93: TOTAL PACIENTES ATENDIDOS | B93: =+B94+B100 -> 0 | C93: =+C94+C100 -> 0 | D93: =+D94+D100 -> 0 | E93: =+E94+E100 -> 0 | F93: =+F94+F100 -> 0 | G93: =+G94+G100 -> 0 | H93: =+H94+H100 -> 0 | I93: =+I94+I100 -> 0 | ... AF93: =+AF94+AF100 -> 0 | AG93: =SUM(B93:AF93) -> 0 | AH93: =IF(AG93<>AG28,"*","")
A94: Menor 15 años | B94: =SUM(B95:B99) -> 0 | C94: =SUM(C95:C99) -> 0 | D94: =SUM(D95:D99) -> 0 | E94: =SUM(E95:E99) -> 0 | F94: =SUM(F95:F99) -> 0 | G94: =SUM(G95:G99) -> 0 | H94: =SUM(H95:H99) -> 0 | I94: =SUM(I95:I99) -> 0 | ... AF94: =SUM(AF95:AF99) -> 0 | AG94: =SUM(B94:AF94) -> 0
A95: Menor 1 Año | AG95: =SUM(B95:AF95) -> 0
A96: 1 Año | AG96: =SUM(B96:AF96) -> 0
A97: 2 - 4 | AG97: =SUM(B97:AF97) -> 0
A98: 5 - 9 | AG98: =SUM(B98:AF98) -> 0
A99: 10 - 14 | AG99: =SUM(B99:AF99) -> 0
A100: Mayor de 15 años | B100: =SUM(B101:B115) -> 0 | C100: =SUM(C101:C115) -> 0 | D100: =SUM(D101:D115) -> 0 | E100: =SUM(E101:E115) -> 0 | F100: =SUM(F101:F115) -> 0 | G100: =SUM(G101:G115) -> 0 | H100: =SUM(H101:H115) -> 0 | I100: =SUM(I101:I115) -> 0 | ... AF100: =SUM(AF101:AF115) -> 0 | AG100: =SUM(B100:AF100) -> 0
A101: 15 - 19 | AG101: =SUM(B101:AF101) -> 0
A102: 20 - 24 | AG102: =SUM(B102:AF102) -> 0
A103: 25 - 29 | AG103: =SUM(B103:AF103) -> 0
A104: 30 - 34 | AG104: =SUM(B104:AF104) -> 0
A105: 35 - 39 | AG105: =SUM(B105:AF105) -> 0
A106: 40 - 44 | AG106: =SUM(B106:AF106) -> 0
A107: 45 - 49 | AG107: =SUM(B107:AF107) -> 0
A108: 50 - 54 | AG108: =SUM(B108:AF108) -> 0
A109: 55 - 59 | AG109: =SUM(B109:AF109) -> 0
A110: 60 - 64 | AG110: =SUM(B110:AF110) -> 0
A111: 65 - 69 | AG111: =SUM(B111:AF111) -> 0
A112: 70 - 74 | AG112: =SUM(B112:AF112) -> 0
... A114: 80 y mas | AG114: =SUM(B114:AF114) -> 0
AG115: =SUM(B115:AF115) -> 0
A116: CENTRO DE SALUD INSCRITO | B116: =SUM(B117:B129) -> 0 | C116: =SUM(C117:C129) -> 0 | D116: =SUM(D117:D129) -> 0 | E116: =SUM(E117:E129) -> 0 | F116: =SUM(F117:F129) -> 0 | G116: =SUM(G117:G129) -> 0 | H116: =SUM(H117:H129) -> 0 | I116: =SUM(I117:I129) -> 0 | ... AF116: =SUM(AF117:AF129) -> 0 | AG116: =SUM(B116:AF116) -> 0
A117: Violeta Parra | AG117: =SUM(B117:AF117) -> 0
A118: Ultraestación | AG118: =SUM(B118:AF118) -> 0
A119: Los Volcanes | AG119: =SUM(B119:AF119) -> 0
A120: Isabel Riquelme | AG120: =SUM(B120:AF120) -> 0
A121: Sol de Oriente | AG121: =SUM(B121:AF121) -> 0
A122: San Ramón Nonato | AG122: =SUM(B122:AF122) -> 0
A123: Federico Puga | AG123: =SUM(B123:AF123) -> 0
A124: Michelle Bachelet | AG124: =SUM(B124:AF124) -> 0
A125: Coihueco | AG125: =SUM(B125:AF125) -> 0
A126: Pinto | AG126: =SUM(B126:AF126) -> 0
A127: Portezuelo | AG127: =SUM(B127:AF127) -> 0
A128: Otros | AG128: =SUM(B128:AF128) -> 0
A129: Sin Centro de Salud | AG129: =SUM(B129:AF129) -> 0
A130: CENTRO DE SALUD ATENDIDO | B130: =SUM(B131:B143) -> 0 | C130: =SUM(C131:C143) -> 0 | D130: =SUM(D131:D143) -> 0 | E130: =SUM(E131:E143) -> 0 | F130: =SUM(F131:F143) -> 0 | G130: =SUM(G131:G143) -> 0 | H130: =SUM(H131:H143) -> 0 | I130: =SUM(I131:I143) -> 0 | ... AF130: =SUM(AF131:AF143) -> 0 | AG130: =SUM(B130:AF130) -> 0 | AH130: =IF(AG130<>AG93,"*","")
A131: Violeta Parra | AG131: =SUM(B131:AF131) -> 0
A132: Ultraestación | AG132: =SUM(B132:AF132) -> 0
A133: Los Volcanes | AG133: =SUM(B133:AF133) -> 0
A134: Isabel Riquelme | AG134: =SUM(B134:AF134) -> 0
A135: Sol de Oriente | AG135: =SUM(B135:AF135) -> 0
...

Sheet CONSOLIDADO
A2: 2019 | B2: ENERO | C2: FEBRERO | D2: MARZO | E2: ABRIL | F2: MAYO | G2: JUNIO | H2: JULIO | I2: AGOSTO | J2: SEPTIEMBRE | K2: OCTUBRE | L2: NOVIEMBRE | M2: DICIEMBRE | N2: TOTAL
A3: Total de Inscritos | B3: =+ENERO!AG3 -> 6497 | C3: =+FEBRERO!AG3 -> 5688 | D3: =+MARZO!AG3 -> 6448 | E3: =+ABRIL!AG3 -> 5662 | F3: =+MAYO!AG3 -> 6212 | G3: =+JUNIO!AG3 -> 6358 | H3: =+JULIO!AG3 -> 5478 | I3: =+AGOSTO!AG3 -> 6354 | J3: =+SEPTIEMBRE!AG3 -> 6735 | K3: =+OCTUBRE!AG3 -> 5836 | L3: =+NOVIEMBRE!AG3 -> 5266 | M3: =+DICIEMBRE!AG3 -> 5179 | N3: =SUM(B3:M3) -> 71713
A4: 08:00 | B4: =+ENERO!AG4 -> 52 | C4: =+FEBRERO!AG4 -> 50 | D4: =+MARZO!AG4 -> 54 | E4: =+ABRIL!AG4 -> 50 | F4: =+MAYO!AG4 -> 62 | G4: =+JUNIO!AG4 -> 64 | H4: =+JULIO!AG4 -> 35 | I4: =+AGOSTO!AG4 -> 69 | J4: =+SEPTIEMBRE!AG4 -> 59 | K4: =+OCTUBRE!AG4 -> 44 | L4: =+NOVIEMBRE!AG4 -> 58 | M4: =+DICIEMBRE!AG4 -> 50 | N4: =SUM(B4:M4) -> 647
A5: 09:00 | B5: =+ENERO!AG5 -> 81 | C5: =+FEBRERO!AG5 -> 75 | D5: =+MARZO!AG5 -> 81 | E5: =+ABRIL!AG5 -> 85 | F5: =+MAYO!AG5 -> 120 | G5: =+JUNIO!AG5 -> 125 | H5: =+JULIO!AG5 -> 114 | I5: =+AGOSTO!AG5 -> 121 | J5: =+SEPTIEMBRE!AG5 -> 148 | K5: =+OCTUBRE!AG5 -> 89 | L5: =+NOVIEMBRE!AG5 -> 111 | M5: =+DICIEMBRE!AG5 -> 103 | N5: =SUM(B5:M5) -> 1253
A6: 10:00 | B6: =+ENERO!AG6 -> 108 | C6: =+FEBRERO!AG6 -> 113 | D6: =+MARZO!AG6 -> 108 | E6: =+ABRIL!AG6 -> 148 | F6: =+MAYO!AG6 -> 167 | G6: =+JUNIO!AG6 -> 182 | H6: =+JULIO!AG6 -> 111 | I6: =+AGOSTO!AG6 -> 171 | J6: =+SEPTIEMBRE!AG6 -> 188 | K6: =+OCTUBRE!AG6 -> 136 | L6: =+NOVIEMBRE!AG6 -> 96 | M6: =+DICIEMBRE!AG6 -> 106 | N6: =SUM(B6:M6) -> 1634
A7: 11:00 | B7: =+ENERO!AG7 -> 416 | C7: =+FEBRERO!AG7 -> 309 | D7: =+MARZO!AG7 -> 418 | E7: =+ABRIL!AG7 -> 219 | F7: =+MAYO!AG7 -> 189 | G7: =+JUNIO!AG7 -> 209 | H7: =+JULIO!AG7 -> 149 | I7: =+AGOSTO!AG7 -> 183 | J7: =+SEPTIEMBRE!AG7 -> 250 | K7: =+OCTUBRE!AG7 -> 138 | L7: =+NOVIEMBRE!AG7 -> 169 | M7: =+DICIEMBRE!AG7 -> 138 | N7: =SUM(B7:M7) -> 2787
A8: 12:00 | B8: =+ENERO!AG8 -> 211 | C8: =+FEBRERO!AG8 -> 207 | D8: =+MARZO!AG8 -> 267 | E8: =+ABRIL!AG8 -> 166 | F8: =+MAYO!AG8 -> 190 | G8: =+JUNIO!AG8 -> 210 | H8: =+JULIO!AG8 -> 146 | I8: =+AGOSTO!AG8 -> 196 | J8: =+SEPTIEMBRE!AG8 -> 232 | K8: =+OCTUBRE!AG8 -> 158 | L8: =+NOVIEMBRE!AG8 -> 124 | M8: =+DICIEMBRE!AG8 -> 131 | N8: =SUM(B8:M8) -> 2238
A9: 13:00 | B9: =+ENERO!AG9 -> 206 | C9: =+FEBRERO!AG9 -> 128 | D9: =+MARZO!AG9 -> 191 | E9: =+ABRIL!AG9 -> 159 | F9: =+MAYO!AG9 -> 142 | G9: =+JUNIO!AG9 -> 210 | H9: =+JULIO!AG9 -> 125 | I9: =+AGOSTO!AG9 -> 149 | J9: =+SEPTIEMBRE!AG9 -> 191 | K9: =+OCTUBRE!AG9 -> 125 | L9: =+NOVIEMBRE!AG9 -> 92 | M9: =+DICIEMBRE!AG9 -> 124 | N9: =SUM(B9:M9) -> 1842
A10: 14:00 | B10: =+ENERO!AG10 -> 204 | C10: =+FEBRERO!AG10 -> 174 | D10: =+MARZO!AG10 -> 233 | E10: =+ABRIL!AG10 -> 137 | F10: =+MAYO!AG10 -> 177 | G10: =+JUNIO!AG10 -> 164 | H10: =+JULIO!AG10 -> 123 | I10: =+AGOSTO!AG10 -> 164 | J10: =+SEPTIEMBRE!AG10 -> 187 | K10: =+OCTUBRE!AG10 -> 128 | L10: =+NOVIEMBRE!AG10 -> 110 | M10: =+DICIEMBRE!AG10 -> 101 | N10: =SUM(B10:M10) -> 1902
A11: 15:00 | B11: =+ENERO!AG11 -> 215 | C11: =+FEBRERO!AG11 -> 182 | D11: =+MARZO!AG11 -> 248 | E11: =+ABRIL!AG11 -> 190 | F11: =+MAYO!AG11 -> 179 | G11: =+JUNIO!AG11 -> 204 | H11: =+JULIO!AG11 -> 159 | I11: =+AGOSTO!AG11 -> 222 | J11: =+SEPTIEMBRE!AG11 -> 199 | K11: =+OCTUBRE!AG11 -> 130 | L11: =+NOVIEMBRE!AG11 -> 143 | M11: =+DICIEMBRE!AG11 -> 100 | N11: =SUM(B11:M11) -> 2171
A12: 16:00 | B12: =+ENERO!AG12 -> 205 | C12: =+FEBRERO!AG12 -> 221 | D12: =+MARZO!AG12 -> 261 | E12: =+ABRIL!AG12 -> 179 | F12: =+MAYO!AG12 -> 207 | G12: =+JUNIO!AG12 -> 212 | H12: =+JULIO!AG12 -> 174 | I12: =+AGOSTO!AG12 -> 201 | J12: =+SEPTIEMBRE!AG12 -> 259 | K12: =+OCTUBRE!AG12 -> 164 | L12: =+NOVIEMBRE!AG12 -> 162 | M12: =+DICIEMBRE!AG12 -> 191 | N12: =SUM(B12:M12) -> 2436
A13: 17:00 | B13: =+ENERO!AG13 -> 1136 | C13: =+FEBRERO!AG13 -> 999 | D13: =+MARZO!AG13 -> 1279 | E13: =+ABRIL!AG13 -> 1375 | F13: =+MAYO!AG13 -> 1671 | G13: =+JUNIO!AG13 -> 1704 | H13: =+JULIO!AG13 -> 1517 | I13: =+AGOSTO!AG13 -> 1661 | J13: =+SEPTIEMBRE!AG13 -> 1480 | K13: =+OCTUBRE!AG13 -> 1562 | L13: =+NOVIEMBRE!AG13 -> 1216 | M13: =+DICIEMBRE!AG13 -> 1133 | N13: =SUM(B13:M13) -> 16733
A14: 18:00 | B14: =+ENERO!AG14 -> 581 | C14: =+FEBRERO!AG14 -> 544 | D14: =+MARZO!AG14 -> 585 | E14: =+ABRIL!AG14 -> 640 | F14: =+MAYO!AG14 -> 640 | G14: =+JUNIO!AG14 -> 639 | H14: =+JULIO!AG14 -> 567 | I14: =+AGOSTO!AG14 -> 703 | J14: =+SEPTIEMBRE!AG14 -> 662 | K14: =+OCTUBRE!AG14 -> 547 | L14: =+NOVIEMBRE!AG14 -> 516 | M14: =+DICIEMBRE!AG14 -> 493 | N14: =SUM(B14:M14) -> 7117
... A27: 07:00 | B27: =+ENERO!AG27 -> 49 | C27: =+FEBRERO!AG27 -> 38 | D27: =+MARZO!AG27 -> 39 | E27: =+ABRIL!AG27 -> 22 | F27: =+MAYO!AG27 -> 41 | G27: =+JUNIO!AG27 -> 31 | H27: =+JULIO!AG27 -> 23 | I27: =+AGOSTO!AG27 -> 46 | J27: =+SEPTIEMBRE!AG27 -> 21 | K27: =+OCTUBRE!AG27 -> 25 | L27: =+NOVIEMBRE!AG27 -> 20 | M27: =+DICIEMBRE!AG27 -> 14 | N27: =SUM(B27:M27) -> 369
A28: Total de atendidos | B28: =+ENERO!AG28 -> 5938 | C28: =+FEBRERO!AG28 -> 5319 | D28: =+MARZO!AG28 -> 5734 | E28: =+ABRIL!AG28 -> 5114 | F28: =+MAYO!AG28 -> 5518 | G28: =+JUNIO!AG28 -> 5586 | H28: =+JULIO!AG28 -> 5211 | I28: =+AGOSTO!AG28 -> 5859 | J28: =+SEPTIEMBRE!AG28 -> 6140 | K28: =+OCTUBRE!AG28 -> 5334 | L28: =+NOVIEMBRE!AG28 -> 4817 | M28: =+DICIEMBRE!AG28 -> 4768 | N28: =SUM(B28:M28) -> 65338 | O28: =+N28-65340 -> -2
A29: 08:00 | B29: =+ENERO!AG29 -> 37 | C29: =+FEBRERO!AG29 -> 40 | D29: =+MARZO!AG29 -> 20 | E29: =+ABRIL!AG29 -> 37 | F29: =+MAYO!AG29 -> 42 | G29: =+JUNIO!AG29 -> 31 | H29: =+JULIO!AG29 -> 12 | I29: =+AGOSTO!AG29 -> 37 | J29: =+SEPTIEMBRE!AG29 -> 32 | K29: =+OCTUBRE!AG29 -> 30 | L29: =+NOVIEMBRE!AG29 -> 34 | M29: =+DICIEMBRE!AG29 -> 24 | N29: =SUM(B29:M29) -> 376
A30: 09:00 | B30: =+ENERO!AG30 -> 62 | C30: =+FEBRERO!AG30 -> 66 | D30: =+MARZO!AG30 -> 62 | E30: =+ABRIL!AG30 -> 38 | F30: =+MAYO!AG30 -> 62 | G30: =+JUNIO!AG30 -> 62 | H30: =+JULIO!AG30 -> 61 | I30: =+AGOSTO!AG30 -> 78 | J30: =+SEPTIEMBRE!AG30 -> 73 | K30: =+OCTUBRE!AG30 -> 57 | L30: =+NOVIEMBRE!AG30 -> 68 | M30: =+DICIEMBRE!AG30 -> 56 | N30: =SUM(B30:M30) -> 745
A31: 10:00 | B31: =+ENERO!AG31 -> 85 | C31: =+FEBRERO!AG31 -> 98 | D31: =+MARZO!AG31 -> 93 | E31: =+ABRIL!AG31 -> 97 | F31: =+MAYO!AG31 -> 126 | G31: =+JUNIO!AG31 -> 114 | H31: =+JULIO!AG31 -> 116 | I31: =+AGOSTO!AG31 -> 117 | J31: =+SEPTIEMBRE!AG31 -> 148 | K31: =+OCTUBRE!AG31 -> 99 | L31: =+NOVIEMBRE!AG31 -> 88 | M31: =+DICIEMBRE!AG31 -> 93 | N31: =SUM(B31:M31) -> 1274
A32: 11:00 | B32: =+ENERO!AG32 -> 210 | C32: =+FEBRERO!AG32 -> 215 | D32: =+MARZO!AG32 -> 211 | E32: =+ABRIL!AG32 -> 167 | F32: =+MAYO!AG32 -> 147 | G32: =+JUNIO!AG32 -> 155 | H32: =+JULIO!AG32 -> 114 | I32: =+AGOSTO!AG32 -> 164 | J32: =+SEPTIEMBRE!AG32 -> 207 | K32: =+OCTUBRE!AG32 -> 117 | L32: =+NOVIEMBRE!AG32 -> 109 | M32: =+DICIEMBRE!AG32 -> 105 | N32: =SUM(B32:M32) -> 1921
A33: 12:00 | B33: =+ENERO!AG33 -> 231 | C33: =+FEBRERO!AG33 -> 213 | D33: =+MARZO!AG33 -> 266 | E33: =+ABRIL!AG33 -> 136 | F33: =+MAYO!AG33 -> 155 | G33: =+JUNIO!AG33 -> 119 | H33: =+JULIO!AG33 -> 117 | I33: =+AGOSTO!AG33 -> 142 | J33: =+SEPTIEMBRE!AG33 -> 181 | K33: =+OCTUBRE!AG33 -> 116 | L33: =+NOVIEMBRE!AG33 -> 88 | M33: =+DICIEMBRE!AG33 -> 103 | N33: =SUM(B33:M33) -> 1867
A34: 13:00 | B34: =+ENERO!AG34 -> 185 | C34: =+FEBRERO!AG34 -> 143 | D34: =+MARZO!AG34 -> 144 | E34: =+ABRIL!AG34 -> 110 | F34: =+MAYO!AG34 -> 114 | G34: =+JUNIO!AG34 -> 112 | H34: =+JULIO!AG34 -> 106 | I34: =+AGOSTO!AG34 -> 137 | J34: =+SEPTIEMBRE!AG34 -> 151 | K34: =+OCTUBRE!AG34 -> 116 | L34: =+NOVIEMBRE!AG34 -> 94 | M34: =+DICIEMBRE!AG34 -> 104 | N34: =SUM(B34:M34) -> 1516
A35: 14:00 | B35: =+ENERO!AG35 -> 205 | C35: =+FEBRERO!AG35 -> 164 | D35: =+MARZO!AG35 -> 216 | E35: =+ABRIL!AG35 -> 144 | F35: =+MAYO!AG35 -> 147 | G35: =+JUNIO!AG35 -> 119 | H35: =+JULIO!AG35 -> 111 | I35: =+AGOSTO!AG35 -> 138 | J35: =+SEPTIEMBRE!AG35 -> 167 | K35: =+OCTUBRE!AG35 -> 107 | L35: =+NOVIEMBRE!AG35 -> 119 | M35: =+DICIEMBRE!AG35 -> 124 | N35: =SUM(B35:M35) -> 1761
A36: 15:00 | B36: =+ENERO!AG36 -> 229 | C36: =+FEBRERO!AG36 -> 178 | D36: =+MARZO!AG36 -> 257 | E36: =+ABRIL!AG36 -> 165 | F36: =+MAYO!AG36 -> 164 | G36: =+JUNIO!AG36 -> 147 | H36: =+JULIO!AG36 -> 148 | I36: =+AGOSTO!AG36 -> 142 | J36: =+SEPTIEMBRE!AG36 -> 189 | K36: =+OCTUBRE!AG36 -> 121 | L36: =+NOVIEMBRE!AG36 -> 126 | M36: =+DICIEMBRE!AG36 -> 129 | N36: =SUM(B36:M36) -> 1995
A37: 16:00 | B37: =+ENERO!AG37 -> 233 | C37: =+FEBRERO!AG37 -> 215 | D37: =+MARZO!AG37 -> 211 | E37: =+ABRIL!AG37 -> 150 | F37: =+MAYO!AG37 -> 179 | G37: =+JUNIO!AG37 -> 157 | H37: =+JULIO!AG37 -> 161 | I37: =+AGOSTO!AG37 -> 176 | J37: =+SEPTIEMBRE!AG37 -> 196 | K37: =+OCTUBRE!AG37 -> 127 | L37: =+NOVIEMBRE!AG37 -> 137 | M37: =+DICIEMBRE!AG37 -> 140 | N37: =SUM(B37:M37) -> 2082
A38: 17:00 | B38: =+ENERO!AG38 -> 454 | C38: =+FEBRERO!AG38 -> 445 | D38: =+MARZO!AG38 -> 374 | E38: =+ABRIL!AG38 -> 330 | F38: =+MAYO!AG38 -> 357 | G38: =+JUNIO!AG38 -> 329 | H38: =+JULIO!AG38 -> 365 | I38: =+AGOSTO!AG38 -> 396 | J38: =+SEPTIEMBRE!AG38 -> 360 | K38: =+OCTUBRE!AG38 -> 286 | L38: =+NOVIEMBRE!AG38 -> 288 | M38: =+DICIEMBRE!AG38 -> 300 | N38: =SUM(B38:M38) -> 4284
A39: 18:00 | B39: =+ENERO!AG39 -> 577 | C39: =+FEBRERO!AG39 -> 507 | D39: =+MARZO!AG39 -> 556 | E39: =+ABRIL!AG39 -> 569 | F39: =+MAYO!AG39 -> 646 | G39: =+JUNIO!AG39 -> 650 | H39: =+JULIO!AG39 -> 700 | I39: =+AGOSTO!AG39 -> 705 | J39: =+SEPTIEMBRE!AG39 -> 644 | K39: =+OCTUBRE!AG39 -> 625 | L39: =+NOVIEMBRE!AG39 -> 541 | M39: =+DICIEMBRE!AG39 -> 485 | N39: =SUM(B39:M39) -> 7205
A40: 19:00 | B40: =+ENERO!AG40 -> 572 | C40: =+FEBRERO!AG40 -> 522 | D40: =+MARZO!AG40 -> 592 | E40: =+ABRIL!AG40 -> 648 | F40: =+MAYO!AG40 -> 652 | G40: =+JUNIO!AG40 -> 699 | H40: =+JULIO!AG40 -> 783 | I40: =+AGOSTO!AG40 -> 809 | J40: =+SEPTIEMBRE!AG40 -> 701 | K40: =+OCTUBRE!AG40 -> 737 | L40: =+NOVIEMBRE!AG40 -> 599 | M40: =+DICIEMBRE!AG40 -> 527 | N40: =SUM(B40:M40) -> 7841
... A80: PAR | B80: =+ENERO!AG80 -> 1130 | C80: =+FEBRERO!AG80 -> 619 | D80: =+MARZO!AG80 -> 809 | E80: =+ABRIL!AG80 -> 1168 | F80: =+MAYO!AG80 -> 858 | G80: =+JUNIO!AG80 -> 3 | H80: =+JULIO!AG80 -> 1028 | I80: =+AGOSTO!AG80 -> 726 | J80: =+SEPTIEMBRE!AG80 -> 1033 | K80: =+OCTUBRE!AG80 -> 1105 | L80: =+NOVIEMBRE!AG80 -> 247 | M80: =+DICIEMBRE!AG80 -> 484 | N80: =SUM(B80:M80) -> 9210
A81: TOTAL NSP | B81: =+ENERO!AG81 -> 559 | C81: =+FEBRERO!AG81 -> 369 | D81: =+MARZO!AG81 -> 714 | E81: =+ABRIL!AG81 -> 548 | F81: =+MAYO!AG81 -> 694 | G81: =+JUNIO!AG81 -> 772 | H81: =+JULIO!AG81 -> 267 | I81: =+AGOSTO!AG81 -> 495 | J81: =+SEPTIEMBRE!AG81 -> 596 | K81: =+OCTUBRE!AG81 -> 502 | L81: =+NOVIEMBRE!AG81 -> 450 | M81: =+DICIEMBRE!AG81 -> 411 | N81: =SUM(B81:M81) -> 6377 | O81: =IF(N81<>N53,"*","")
A82: PAR | B82: =+ENERO!AG82 -> 35 | C82: =+FEBRERO!AG82 -> 4 | D82: =+MARZO!AG82 -> 24 | E82: =+ABRIL!AG82 -> 4 | F82: =+MAYO!AG82 -> 0 | G82: =+JUNIO!AG82 -> 0 | H82: =+JULIO!AG82 -> 0 | I82: =+AGOSTO!AG82 -> 0 | J82: =+SEPTIEMBRE!AG82 -> 0 | K82: =+OCTUBRE!AG82 -> 4 | L82: =+NOVIEMBRE!AG82 -> 0 | M82: =+DICIEMBRE!AG82 -> 0 | N82: =SUM(B82:M82) -> 71
A83: SAR | B83: =+ENERO!AG83 -> 524 | C83: =+FEBRERO!AG83 -> 365 | D83: =+MARZO!AG83 -> 690 | E83: =+ABRIL!AG83 -> 544 | F83: =+MAYO!AG83 -> 694 | G83: =+JUNIO!AG83 -> 772 | H83: =+JULIO!AG83 -> 267 | I83: =+AGOSTO!AG83 -> 495 | J83: =+SEPTIEMBRE!AG83 -> 596 | K83: =+OCTUBRE!AG83 -> 498 | L83: =+NOVIEMBRE!AG83 -> 450 | M83: =+DICIEMBRE!AG83 -> 411 | N83: =SUM(B83:M83) -> 6306
A84: NSP PEDIATR. / ADULTOS | B84: =+ENERO!AG84 -> 559 | C84: =+FEBRERO!AG84 -> 369 | D84: =+MARZO!AG84 -> 714 | E84: =+ABRIL!AG84 -> 548 | F84: =+MAYO!AG84 -> 694 | G84: =+JUNIO!AG84 -> 772 | H84: =+JULIO!AG84 -> 267 | I84: =+AGOSTO!AG84 -> 495 | J84: =+SEPTIEMBRE!AG84 -> 596 | K84: =+OCTUBRE!AG84 -> 502 | L84: =+NOVIEMBRE!AG84 -> 450 | M84: =+DICIEMBRE!AG84 -> 411 | N84: =SUM(B84:M84) -> 6377 | O84: =IF(N84<>N82+N83,"*","") | P84: NSP
A85: NSP PEDIATRICOS (<15 AÑOS) | B85: =+ENERO!AG85 -> 108 | C85: =+FEBRERO!AG85 -> 55 | D85: =+MARZO!AG85 -> 162 | E85: =+ABRIL!AG85 -> 120 | F85: =+MAYO!AG85 -> 145 | G85: =+JUNIO!AG85 -> 178 | H85: =+JULIO!AG85 -> 37 | I85: =+AGOSTO!AG85 -> 122 | J85: =+SEPTIEMBRE!AG85 -> 108 | K85: =+OCTUBRE!AG85 -> 116 | L85: =+NOVIEMBRE!AG85 -> 89 | M85: =+DICIEMBRE!AG85 -> 81 | N85: =SUM(B85:M85) -> 1321
A86: NSP ADULTOS | B86: =+ENERO!AG86 -> 451 | C86: =+FEBRERO!AG86 -> 314 | D86: =+MARZO!AG86 -> 552 | E86: =+ABRIL!AG86 -> 428 | F86: =+MAYO!AG86 -> 549 | G86: =+JUNIO!AG86 -> 594 | H86: =+JULIO!AG86 -> 230 | I86: =+AGOSTO!AG86 -> 373 | J86: =+SEPTIEMBRE!AG86 -> 488 | K86: =+OCTUBRE!AG86 -> 386 | L86: =+NOVIEMBRE!AG86 -> 361 | M86: =+DICIEMBRE!AG86 -> 330 | N86: =SUM(B86:M86) -> 5056
A87: NSP CATEGORIZACION | B87: =+ENERO!AG87 -> 559 | C87: =+FEBRERO!AG87 -> 369 | D87: =+MARZO!AG87 -> 714 | E87: =+ABRIL!AG87 -> 548 | F87: =+MAYO!AG87 -> 694 | G87: =+JUNIO!AG87 -> 772 | H87: =+JULIO!AG87 -> 267 | I87: =+AGOSTO!AG87 -> 495 | J87: =+SEPTIEMBRE!AG87 -> 596 | K87: =+OCTUBRE!AG87 -> 502 | L87: =+NOVIEMBRE!AG87 -> 450 | M87: =+DICIEMBRE!AG87 -> 411 | N87: =SUM(B87:M87) -> 6377 | O87: =IF(N87<>N84,"*","")
A88: SIN CATEGORIZACIÓN nsp | B88: =+ENERO!AG88 -> 142 | C88: =+FEBRERO!AG88 -> 84 | D88: =+MARZO!AG88 -> 152 | E88: =+ABRIL!AG88 -> 173 | F88: =+MAYO!AG88 -> 280 | G88: =+JUNIO!AG88 -> 245 | H88: =+JULIO!AG88 -> 122 | I88: =+AGOSTO!AG88 -> 182 | J88: =+SEPTIEMBRE!AG88 -> 194 | K88: =+OCTUBRE!AG88 -> 183 | L88: =+NOVIEMBRE!AG88 -> 121 | M88: =+DICIEMBRE!AG88 -> 122 | N88: =SUM(B88:M88) -> 2000
A89: C2 | B89: =+ENERO!AG89 -> 0 | C89: =+FEBRERO!AG89 -> 0 | D89: =+MARZO!AG89 -> 0 | E89: =+ABRIL!AG89 -> 0 | F89: =+MAYO!AG89 -> 0 | G89: =+JUNIO!AG89 -> 0 | H89: =+JULIO!AG89 -> 0 | I89: =+AGOSTO!AG89 -> 0 | J89: =+SEPTIEMBRE!AG89 -> 0 | K89: =+OCTUBRE!AG89 -> 0 | L89: =+NOVIEMBRE!AG89 -> 0 | M89: =+DICIEMBRE!AG89 -> 0 | N89: =SUM(B89:M89) -> 0
A90: C3 | B90: =+ENERO!AG90 -> 1 | C90: =+FEBRERO!AG90 -> 2 | D90: =+MARZO!AG90 -> 3 | E90: =+ABRIL!AG90 -> 0 | F90: =+MAYO!AG90 -> 4 | G90: =+JUNIO!AG90 -> 3 | H90: =+JULIO!AG90 -> 1 | I90: =+AGOSTO!AG90 -> 2 | J90: =+SEPTIEMBRE!AG90 -> 2 | K90: =+OCTUBRE!AG90 -> 2 | L90: =+NOVIEMBRE!AG90 -> 6 | M90: =+DICIEMBRE!AG90 -> 3 | N90: =SUM(B90:M90) -> 29
A91: C4 | B91: =+ENERO!AG91 -> 204 | C91: =+FEBRERO!AG91 -> 102 | D91: =+MARZO!AG91 -> 257 | E91: =+ABRIL!AG91 -> 156 | F91: =+MAYO!AG91 -> 120 | G91: =+JUNIO!AG91 -> 159 | H91: =+JULIO!AG91 -> 39 | I91: =+AGOSTO!AG91 -> 125 | J91: =+SEPTIEMBRE!AG91 -> 153 | K91: =+OCTUBRE!AG91 -> 141 | L91: =+NOVIEMBRE!AG91 -> 177 | M91: =+DICIEMBRE!AG91 -> 144 | N91: =SUM(B91:M91) -> 1777
A92: C5 | B92: =+ENERO!AG92 -> 212 | C92: =+FEBRERO!AG92 -> 181 | D92: =+MARZO!AG92 -> 302 | E92: =+ABRIL!AG92 -> 219 | F92: =+MAYO!AG92 -> 290 | G92: =+JUNIO!AG92 -> 365 | H92: =+JULIO!AG92 -> 105 | I92: =+AGOSTO!AG92 -> 186 | J92: =+SEPTIEMBRE!AG92 -> 247 | K92: =+OCTUBRE!AG92 -> 176 | L92: =+NOVIEMBRE!AG92 -> 146 | M92: =+DICIEMBRE!AG92 -> 142 | N92: =SUM(B92:M92) -> 2571
A93: TOTAL PACIENTES ATENDIDOS | B93: =+ENERO!AG93 -> 5938 | C93: =+FEBRERO!AG93 -> 5319 | D93: =+MARZO!AG93 -> 5734 | E93: =+ABRIL!AG93 -> 5114 | F93: =+MAYO!AG93 -> 5518 | G93: =+JUNIO!AG93 -> 5586 | H93: =+JULIO!AG93 -> 5211 | I93: =+AGOSTO!AG93 -> 5859 | J93: =+SEPTIEMBRE!AG93 -> 6140 | K93: =+OCTUBRE!AG93 -> 5334 | L93: =+NOVIEMBRE!AG93 -> 4817 | M93: =+DICIEMBRE!AG93 -> 4768 | N93: =SUM(B93:M93) -> 65338 | O93: =IF(N93<>N28,"*","")
A94: Menor 15 años | B94: =+ENERO!AG94 -> 870 | C94: =+FEBRERO!AG94 -> 651 | D94: =+MARZO!AG94 -> 856 | E94: =+ABRIL!AG94 -> 1117 | F94: =+MAYO!AG94 -> 1267 | G94: =+JUNIO!AG94 -> 1274 | H94: =+JULIO!AG94 -> 889 | I94: =+AGOSTO!AG94 -> 1272 | J94: =+SEPTIEMBRE!AG94 -> 1347 | K94: =+OCTUBRE!AG94 -> 1065 | L94: =+NOVIEMBRE!AG94 -> 822 | M94: =+DICIEMBRE!AG94 -> 759 | N94: =SUM(B94:M94) -> 12189
A95: Menor 1 Año | B95: =+ENERO!AG95 -> 38 | C95: =+FEBRERO!AG95 -> 22 | D95: =+MARZO!AG95 -> 33 | E95: =+ABRIL!AG95 -> 57 | F95: =+MAYO!AG95 -> 51 | G95: =+JUNIO!AG95 -> 41 | H95: =+JULIO!AG95 -> 52 | I95: =+AGOSTO!AG95 -> 72 | J95: =+SEPTIEMBRE!AG95 -> 73 | K95: =+OCTUBRE!AG95 -> 42 | L95: =+NOVIEMBRE!AG95 -> 38 | M95: =+DICIEMBRE!AG95 -> 35 | N95: =SUM(B95:M95) -> 554
A96: 1 Año | B96: =+ENERO!AG96 -> 63 | C96: =+FEBRERO!AG96 -> 43 | D96: =+MARZO!AG96 -> 46 | E96: =+ABRIL!AG96 -> 83 | F96: =+MAYO!AG96 -> 99 | G96: =+JUNIO!AG96 -> 66 | H96: =+JULIO!AG96 -> 79 | I96: =+AGOSTO!AG96 -> 107 | J96: =+SEPTIEMBRE!AG96 -> 115 | K96: =+OCTUBRE!AG96 -> 80 | L96: =+NOVIEMBRE!AG96 -> 72 | M96: =+DICIEMBRE!AG96 -> 53 | N96: =SUM(B96:M96) -> 906
A97: 2 - 4 | B97: =+ENERO!AG97 -> 186 | C97: =+FEBRERO!AG97 -> 137 | D97: =+MARZO!AG97 -> 178 | E97: =+ABRIL!AG97 -> 300 | F97: =+MAYO!AG97 -> 311 | G97: =+JUNIO!AG97 -> 271 | H97: =+JULIO!AG97 -> 237 | I97: =+AGOSTO!AG97 -> 302 | J97: =+SEPTIEMBRE!AG97 -> 284 | K97: =+OCTUBRE!AG97 -> 250 | L97: =+NOVIEMBRE!AG97 -> 196 | M97: =+DICIEMBRE!AG97 -> 196 | N97: =SUM(B97:M97) -> 2848
A98: 5 - 9 | B98: =+ENERO!AG98 -> 338 | C98: =+FEBRERO!AG98 -> 231 | D98: =+MARZO!AG98 -> 315 | E98: =+ABRIL!AG98 -> 384 | F98: =+MAYO!AG98 -> 501 | G98: =+JUNIO!AG98 -> 506 | H98: =+JULIO!AG98 -> 280 | I98: =+AGOSTO!AG98 -> 404 | J98: =+SEPTIEMBRE!AG98 -> 466 | K98: =+OCTUBRE!AG98 -> 386 | L98: =+NOVIEMBRE!AG98 -> 276 | M98: =+DICIEMBRE!AG98 -> 263 | N98: =SUM(B98:M98) -> 4350
A99: 10 - 14 | B99: =+ENERO!AG99 -> 245 | C99: =+FEBRERO!AG99 -> 218 | D99: =+MARZO!AG99 -> 284 | E99: =+ABRIL!AG99 -> 293 | F99: =+MAYO!AG99 -> 305 | G99: =+JUNIO!AG99 -> 390 | H99: =+JULIO!AG99 -> 241 | I99: =+AGOSTO!AG99 -> 387 | J99: =+SEPTIEMBRE!AG99 -> 409 | K99: =+OCTUBRE!AG99 -> 307 | L99: =+NOVIEMBRE!AG99 -> 240 | M99: =+DICIEMBRE!AG99 -> 212 | N99: =SUM(B99:M99) -> 3531
A100: Mayor de 15 años | B100: =+ENERO!AG100 -> 5068 | C100: =+FEBRERO!AG100 -> 4668 | D100: =+MARZO!AG100 -> 4878 | E100: =+ABRIL!AG100 -> 3997 | F100: =+MAYO!AG100 -> 4251 | G100: =+JUNIO!AG100 -> 4312 | H100: =+JULIO!AG100 -> 4322 | I100: =+AGOSTO!AG100 -> 4587 | J100: =+SEPTIEMBRE!AG100 -> 4793 | K100: =+OCTUBRE!AG100 -> 4269 | L100: =+NOVIEMBRE!AG100 -> 3995 | M100: =+DICIEMBRE!AG100 -> 4009 | N100: =SUM(B100:M100) -> 53149
A101: 15 - 19 | B101: =+ENERO!AG101 -> 459 | C101: =+FEBRERO!AG101 -> 411 | D101: =+MARZO!AG101 -> 527 | E101: =+ABRIL!AG101 -> 442 | F101: =+MAYO!AG101 -> 407 | G101: =+JUNIO!AG101 -> 428 | H101: =+JULIO!AG101 -> 349 | I101: =+AGOSTO!AG101 -> 423 | J101: =+SEPTIEMBRE!AG101 -> 472 | K101: =+OCTUBRE!AG101 -> 403 | L101: =+NOVIEMBRE!AG101 -> 312 | M101: =+DICIEMBRE!AG101 -> 296 | N101: =SUM(B101:M101) -> 4929
A102: 20 - 24 | B102: =+ENERO!AG102 -> 643 | C102: =+FEBRERO!AG102 -> 542 | D102: =+MARZO!AG102 -> 545 | E102: =+ABRIL!AG102 -> 484 | F102: =+MAYO!AG102 -> 543 | G102: =+JUNIO!AG102 -> 488 | H102: =+JULIO!AG102 -> 508 | I102: =+AGOSTO!AG102 -> 502 | J102: =+SEPTIEMBRE!AG102 -> 502 | K102: =+OCTUBRE!AG102 -> 474 | L102: =+NOVIEMBRE!AG102 -> 443 | M102: =+DICIEMBRE!AG102 -> 458 | N102: =SUM(B102:M102) -> 6132
A103: 25 - 29 | B103: =+ENERO!AG103 -> 511 | C103: =+FEBRERO!AG103 -> 500 | D103: =+MARZO!AG103 -> 459 | E103: =+ABRIL!AG103 -> 360 | F103: =+MAYO!AG103 -> 405 | G103: =+JUNIO!AG103 -> 437 | H103: =+JULIO!AG103 -> 421 | I103: =+AGOSTO!AG103 -> 396 | J103: =+SEPTIEMBRE!AG103 -> 445 | K103: =+OCTUBRE!AG103 -> 391 | L103: =+NOVIEMBRE!AG103 -> 371 | M103: =+DICIEMBRE!AG103 -> 411 | N103: =SUM(B103:M103) -> 5107
A104: 30 - 34 | B104: =+ENERO!AG104 -> 404 | C104: =+FEBRERO!AG104 -> 402 | D104: =+MARZO!AG104 -> 381 | E104: =+ABRIL!AG104 -> 337 | F104: =+MAYO!AG104 -> 352 | G104: =+JUNIO!AG104 -> 344 | H104: =+JULIO!AG104 -> 367 | I104: =+AGOSTO!AG104 -> 350 | J104: =+SEPTIEMBRE!AG104 -> 356 | K104: =+OCTUBRE!AG104 -> 308 | L104: =+NOVIEMBRE!AG104 -> 314 | M104: =+DICIEMBRE!AG104 -> 307 | N104: =SUM(B104:M104) -> 4222
A105: 35 - 39 | B105: =+ENERO!AG105 -> 374 | C105: =+FEBRERO!AG105 -> 359 | D105: =+MARZO!AG105 -> 356 | E105: =+ABRIL!AG105 -> 282 | F105: =+MAYO!AG105 -> 336 | G105: =+JUNIO!AG105 -> 356 | H105: =+JULIO!AG105 -> 323 | I105: =+AGOSTO!AG105 -> 297 | J105: =+SEPTIEMBRE!AG105 -> 359 | K105: =+OCTUBRE!AG105 -> 279 | L105: =+NOVIEMBRE!AG105 -> 277 | M105: =+DICIEMBRE!AG105 -> 275 | N105: =SUM(B105:M105) -> 3873
... A114: 80 y mas | B114: =+ENERO!AG114 -> 223 | C114: =+FEBRERO!AG114 -> 179 | D114: =+MARZO!AG114 -> 216 | E114: =+ABRIL!AG114 -> 169 | F114: =+MAYO!AG114 -> 169 | G114: =+JUNIO!AG114 -> 146 | H114: =+JULIO!AG114 -> 151 | I114: =+AGOSTO!AG114 -> 243 | J114: =+SEPTIEMBRE!AG114 -> 240 | K114: =+OCTUBRE!AG114 -> 205 | L114: =+NOVIEMBRE!AG114 -> 218 | M114: =+DICIEMBRE!AG114 -> 167 | N114: =SUM(B114:M114) -> 2326
N115: =SUM(B115:M115) -> 0
A116: CENTRO DE SALUD INSCRITO | B116: =SUM(B117:B129) -> 2700 | C116: =SUM(C117:C129) -> 2338 | D116: =SUM(D117:D129) -> 2819 | E116: =+ABRIL!$AG116 -> 2567 | F116: =+MAYO!$AG116 -> 2698 | G116: =+JUNIO!$AG116 -> 2641 | H116: =+JULIO!$AG116 -> 2402 | I116: =+AGOSTO!$AG116 -> 2776 | J116: =+SEPTIEMBRE!$AG116 -> 2912 | K116: =+OCTUBRE!$AG116 -> 2559 | L116: =+NOVIEMBRE!$AG116 -> 2287 | M116: =+DICIEMBRE!$AG116 -> 2241 | N116: =SUM(B116:M116) -> 30940
A117: Violeta Parra | B117: =+ENERO!$AG117 -> 1767 | C117: =+FEBRERO!$AG117 -> 1465 | D117: =+MARZO!$AG117 -> 1867 | E117: =+ABRIL!$AG117 -> 1792 | F117: =+MAYO!$AG117 -> 1921 | G117: =+JUNIO!$AG117 -> 1830 | H117: =+JULIO!$AG117 -> 1703 | I117: =+AGOSTO!$AG117 -> 2020 | J117: =+SEPTIEMBRE!$AG117 -> 2120 | K117: =+OCTUBRE!$AG117 -> 1889 | L117: =+NOVIEMBRE!$AG117 -> 1620 | M117: =+DICIEMBRE!$AG117 -> 1640 | N117: =SUM(B117:M117) -> 21634
A118: Ultraestación | E118: =+ABRIL!$AG118 -> 0 | F118: =+MAYO!$AG118 -> 0 | G118: =+JUNIO!$AG118 -> 0 | H118: =+JULIO!$AG118 -> 0 | I118: =+AGOSTO!$AG118 -> 0 | J118: =+SEPTIEMBRE!$AG118 -> 0 | K118: =+OCTUBRE!$AG118 -> 0 | L118: =+NOVIEMBRE!$AG118 -> 0 | M118: =+DICIEMBRE!$AG118 -> 0 | N118: =SUM(B118:M118) -> 0
A119: Los Volcanes | E119: =+ABRIL!$AG119 -> 0 | F119: =+MAYO!$AG119 -> 0 | G119: =+JUNIO!$AG119 -> 0 | H119: =+JULIO!$AG119 -> 0 | I119: =+AGOSTO!$AG119 -> 0 | J119: =+SEPTIEMBRE!$AG119 -> 0 | K119: =+OCTUBRE!$AG119 -> 0 | L119: =+NOVIEMBRE!$AG119 -> 0 | M119: =+DICIEMBRE!$AG119 -> 0 | N119: =SUM(B119:M119) -> 0
A120: Isabel Riquelme | E120: =+ABRIL!$AG120 -> 0 | F120: =+MAYO!$AG120 -> 0 | G120: =+JUNIO!$AG120 -> 0 | H120: =+JULIO!$AG120 -> 0 | I120: =+AGOSTO!$AG120 -> 0 | J120: =+SEPTIEMBRE!$AG120 -> 0 | K120: =+OCTUBRE!$AG120 -> 0 | L120: =+NOVIEMBRE!$AG120 -> 0 | M120: =+DICIEMBRE!$AG120 -> 0 | N120: =SUM(B120:M120) -> 0
A121: Sol de Oriente | E121: =+ABRIL!$AG121 -> 0 | F121: =+MAYO!$AG121 -> 0 | G121: =+JUNIO!$AG121 -> 0 | H121: =+JULIO!$AG121 -> 0 | I121: =+AGOSTO!$AG121 -> 0 | J121: =+SEPTIEMBRE!$AG121 -> 0 | K121: =+OCTUBRE!$AG121 -> 0 | L121: =+NOVIEMBRE!$AG121 -> 0 | M121: =+DICIEMBRE!$AG121 -> 0 | N121: =SUM(B121:M121) -> 0
A122: San Ramón Nonato | E122: =+ABRIL!$AG122 -> 0 | F122: =+MAYO!$AG122 -> 0 | G122: =+JUNIO!$AG122 -> 0 | H122: =+JULIO!$AG122 -> 0 | I122: =+AGOSTO!$AG122 -> 0 | J122: =+SEPTIEMBRE!$AG122 -> 0 | K122: =+OCTUBRE!$AG122 -> 0 | L122: =+NOVIEMBRE!$AG122 -> 0 | M122: =+DICIEMBRE!$AG122 -> 0 | N122: =SUM(B122:M122) -> 0
A123: Federico Puga | E123: =+ABRIL!$AG123 -> 0 | F123: =+MAYO!$AG123 -> 0 | G123: =+JUNIO!$AG123 -> 0 | H123: =+JULIO!$AG123 -> 0 | I123: =+AGOSTO!$AG123 -> 0 | J123: =+SEPTIEMBRE!$AG123 -> 0 | K123: =+OCTUBRE!$AG123 -> 0 | L123: =+NOVIEMBRE!$AG123 -> 0 | M123: =+DICIEMBRE!$AG123 -> 0 | N123: =SUM(B123:M123) -> 0
A124: Michelle Bachelet | E124: =+ABRIL!$AG124 -> 0 | F124: =+MAYO!$AG124 -> 0 | G124: =+JUNIO!$AG124 -> 0 | H124: =+JULIO!$AG124 -> 0 | I124: =+AGOSTO!$AG124 -> 0 | J124: =+SEPTIEMBRE!$AG124 -> 0 | K124: =+OCTUBRE!$AG124 -> 0 | L124: =+NOVIEMBRE!$AG124 -> 0 | M124: =+DICIEMBRE!$AG124 -> 0 | N124: =SUM(B124:M124) -> 0
A125: Coihueco | E125: =+ABRIL!$AG125 -> 0 | F125: =+MAYO!$AG125 -> 0 | G125: =+JUNIO!$AG125 -> 0 | H125: =+JULIO!$AG125 -> 0 | I125: =+AGOSTO!$AG125 -> 0 | J125: =+SEPTIEMBRE!$AG125 -> 0 | K125: =+OCTUBRE!$AG125 -> 0 | L125: =+NOVIEMBRE!$AG125 -> 0 | M125: =+DICIEMBRE!$AG125 -> 0 | N125: =SUM(B125:M125) -> 0
A126: Pinto | E126: =+ABRIL!$AG126 -> 0 | F126: =+MAYO!$AG126 -> 0 | G126: =+JUNIO!$AG126 -> 0 | H126: =+JULIO!$AG126 -> 0 | I126: =+AGOSTO!$AG126 -> 0 | J126: =+SEPTIEMBRE!$AG126 -> 0 | K126: =+OCTUBRE!$AG126 -> 0 | L126: =+NOVIEMBRE!$AG126 -> 0 | M126: =+DICIEMBRE!$AG126 -> 0 | N126: =SUM(B126:M126) -> 0
A127: Portezuelo | E127: =+ABRIL!$AG127 -> 0 | F127: =+MAYO!$AG127 -> 0 | G127: =+JUNIO!$AG127 -> 0 | H127: =+JULIO!$AG127 -> 0 | I127: =+AGOSTO!$AG127 -> 0 | J127: =+SEPTIEMBRE!$AG127 -> 0 | K127: =+OCTUBRE!$AG127 -> 0 | L127: =+NOVIEMBRE!$AG127 -> 0 | M127: =+DICIEMBRE!$AG127 -> 0 | N127: =SUM(B127:M127) -> 0
A128: Otros | E128: =+ABRIL!$AG128 -> 0 | F128: =+MAYO!$AG128 -> 0 | G128: =+JUNIO!$AG128 -> 0 | H128: =+JULIO!$AG128 -> 0 | I128: =+AGOSTO!$AG128 -> 0 | J128: =+SEPTIEMBRE!$AG128 -> 0 | K128: =+OCTUBRE!$AG128 -> 0 | L128: =+NOVIEMBRE!$AG128 -> 0 | M128: =+DICIEMBRE!$AG128 -> 0 | N128: =SUM(B128:M128) -> 0
A129: Sin Centro de Salud | B129: =+ENERO!$AG129 -> 933 | C129: =+FEBRERO!$AG129 -> 873 | D129: =+MARZO!$AG129 -> 952 | E129: =+ABRIL!$AG129 -> 775 | F129: =+MAYO!$AG129 -> 777 | G129: =+JUNIO!$AG129 -> 811 | H129: =+JULIO!$AG129 -> 699 | I129: =+AGOSTO!$AG129 -> 756 | J129: =+SEPTIEMBRE!$AG129 -> 792 | K129: =+OCTUBRE!$AG129 -> 670 | L129: =+NOVIEMBRE!$AG129 -> 667 | M129: =+DICIEMBRE!$AG129 -> 601 | N129: =SUM(B129:M129) -> 9306
A130: CENTRO DE SALUD ATENDIDO | B130: =SUM(B131:B143) -> 5938 | C130: =SUM(C131:C143) -> 5319 | D130: =SUM(D131:D143) -> 5734 | E130: =+ABRIL!$AG130 -> 5114 | F130: =+MAYO!$AG130 -> 5518 | G130: =+JUNIO!$AG130 -> 5586 | H130: =+JULIO!$AG130 -> 5211 | I130: =+AGOSTO!$AG130 -> 5859 | J130: =+SEPTIEMBRE!$AG130 -> 6140 | K130: =+OCTUBRE!$AG130 -> 5334 | L130: =+NOVIEMBRE!$AG130 -> 4817 | M130: =+DICIEMBRE!$AG130 -> 4768 | N130: =SUM(B130:M130) -> 65338 | O130: =IF(N130<>N93,"*","")
A131: Violeta Parra | B131: =+ENERO!$AG131 -> 1668 | C131: =+FEBRERO!$AG131 -> 1544 | D131: =+MARZO!$AG131 -> 1691 | E131: =+ABRIL!$AG131 -> 1619 | F131: =+MAYO!$AG131 -> 1707 | G131: =+JUNIO!$AG131 -> 1610 | H131: =+JULIO!$AG131 -> 1605 | I131: =+AGOSTO!$AG131 -> 1859 | J131: =+SEPTIEMBRE!$AG131 -> 1904 | K131: =+OCTUBRE!$AG131 -> 1737 | L131: =+NOVIEMBRE!$AG131 -> 1530 | M131: =+DICIEMBRE!$AG131 -> 1520 | N131: =SUM(B131:M131) -> 19994
A132: Ultraestación | B132: =+ENERO!$AG132 -> 396 | C132: =+FEBRERO!$AG132 -> 282 | D132: =+MARZO!$AG132 -> 316 | E132: =+ABRIL!$AG132 -> 271 | F132: =+MAYO!$AG132 -> 294 | G132: =+JUNIO!$AG132 -> 284 | H132: =+JULIO!$AG132 -> 311 | I132: =+AGOSTO!$AG132 -> 312 | J132: =+SEPTIEMBRE!$AG132 -> 359 | K132: =+OCTUBRE!$AG132 -> 309 | L132: =+NOVIEMBRE!$AG132 -> 289 | M132: =+DICIEMBRE!$AG132 -> 289 | N132: =SUM(B132:M132) -> 3712
A133: Los Volcanes | B133: =+ENERO!$AG133 -> 412 | C133: =+FEBRERO!$AG133 -> 367 | D133: =+MARZO!$AG133 -> 381 | E133: =+ABRIL!$AG133 -> 309 | F133: =+MAYO!$AG133 -> 414 | G133: =+JUNIO!$AG133 -> 394 | H133: =+JULIO!$AG133 -> 346 | I133: =+AGOSTO!$AG133 -> 344 | J133: =+SEPTIEMBRE!$AG133 -> 445 | K133: =+OCTUBRE!$AG133 -> 364 | L133: =+NOVIEMBRE!$AG133 -> 328 | M133: =+DICIEMBRE!$AG133 -> 309 | N133: =SUM(B133:M133) -> 4413
A134: Isabel Riquelme | B134: =+ENERO!$AG134 -> 329 | C134: =+FEBRERO!$AG134 -> 309 | D134: =+MARZO!$AG134 -> 321 | E134: =+ABRIL!$AG134 -> 280 | F134: =+MAYO!$AG134 -> 317 | G134: =+JUNIO!$AG134 -> 307 | H134: =+JULIO!$AG134 -> 312 | I134: =+AGOSTO!$AG134 -> 362 | J134: =+SEPTIEMBRE!$AG134 -> 360 | K134: =+OCTUBRE!$AG134 -> 291 | L134: =+NOVIEMBRE!$AG134 -> 261 | M134: =+DICIEMBRE!$AG134 -> 299 | N134: =SUM(B134:M134) -> 3748
A135: Sol de Oriente | B135: =+ENERO!$AG135 -> 373 | C135: =+FEBRERO!$AG135 -> 290 | D135: =+MARZO!$AG135 -> 337 | E135: =+ABRIL!$AG135 -> 319 | F135: =+MAYO!$AG135 -> 333 | G135: =+JUNIO!$AG135 -> 386 | H135: =+JULIO!$AG135 -> 343 | I135: =+AGOSTO!$AG135 -> 342 | J135: =+SEPTIEMBRE!$AG135 -> 419 | K135: =+OCTUBRE!$AG135 -> 327 | L135: =+NOVIEMBRE!$AG135 -> 310 | M135: =+DICIEMBRE!$AG135 -> 306 | N135: =SUM(B135:M135) -> 4085
A136: San Ramón Nonato | B136: =+ENERO!$AG136 -> 1054 | C136: =+FEBRERO!$AG136 -> 916 | D136: =+MARZO!$AG136 -> 1033 | E136: =+ABRIL!$AG136 -> 938 | F136: =+MAYO!$AG136 -> 1074 | G136: =+JUNIO!$AG136 -> 1144 | H136: =+JULIO!$AG136 -> 944 | I136: =+AGOSTO!$AG136 -> 1180 | J136: =+SEPTIEMBRE!$AG136 -> 1126 | K136: =+OCTUBRE!$AG136 -> 989 | L136: =+NOVIEMBRE!$AG136 -> 881 | M136: =+DICIEMBRE!$AG136 -> 837 | N136: =SUM(B136:M136) -> 12116
A137: Federico Puga | B137: =+ENERO!$AG137 -> 246 | C137: =+FEBRERO!$AG137 -> 210 | D137: =+MARZO!$AG137 -> 249 | E137: =+ABRIL!$AG137 -> 226 | F137: =+MAYO!$AG137 -> 261 | G137: =+JUNIO!$AG137 -> 259 | H137: =+JULIO!$AG137 -> 227 | I137: =+AGOSTO!$AG137 -> 266 | J137: =+SEPTIEMBRE!$AG137 -> 272 | K137: =+OCTUBRE!$AG137 -> 248 | L137: =+NOVIEMBRE!$AG137 -> 242 | M137: =+DICIEMBRE!$AG137 -> 205 | N137: =SUM(B137:M137) -> 2911
A138: Michelle Bachelet | B138: =+ENERO!$AG138 -> 171 | C138: =+FEBRERO!$AG138 -> 159 | D138: =+MARZO!$AG138 -> 180 | E138: =+ABRIL!$AG138 -> 169 | F138: =+MAYO!$AG138 -> 197 | G138: =+JUNIO!$AG138 -> 209 | H138: =+JULIO!$AG138 -> 170 | I138: =+AGOSTO!$AG138 -> 170 | J138: =+SEPTIEMBRE!$AG138 -> 215 | K138: =+OCTUBRE!$AG138 -> 203 | L138: =+NOVIEMBRE!$AG138 -> 161 | M138: =+DICIEMBRE!$AG138 -> 176 | N138: =SUM(B138:M138) -> 2180
A139: Coihueco | B139: =+ENERO!$AG139 -> 111 | C139: =+FEBRERO!$AG139 -> 80 | D139: =+MARZO!$AG139 -> 100 | E139: =+ABRIL!$AG139 -> 97 | F139: =+MAYO!$AG139 -> 63 | G139: =+JUNIO!$AG139 -> 79 | H139: =+JULIO!$AG139 -> 87 | I139: =+AGOSTO!$AG139 -> 91 | J139: =+SEPTIEMBRE!$AG139 -> 86 | K139: =+OCTUBRE!$AG139 -> 60 | L139: =+NOVIEMBRE!$AG139 -> 67 | M139: =+DICIEMBRE!$AG139 -> 64 | N139: =SUM(B139:M139) -> 985
A140: Pinto | B140: =+ENERO!$AG140 -> 84 | C140: =+FEBRERO!$AG140 -> 94 | D140: =+MARZO!$AG140 -> 58 | E140: =+ABRIL!$AG140 -> 50 | F140: =+MAYO!$AG140 -> 57 | G140: =+JUNIO!$AG140 -> 43 | H140: =+JULIO!$AG140 -> 52 | I140: =+AGOSTO!$AG140 -> 68 | J140: =+SEPTIEMBRE!$AG140 -> 73 | K140: =+OCTUBRE!$AG140 -> 46 | L140: =+NOVIEMBRE!$AG140 -> 49 | M140: =+DICIEMBRE!$AG140 -> 45 | N140: =SUM(B140:M140) -> 719
A141: Portezuelo | B141: =+ENERO!$AG141 -> 18 | C141: =+FEBRERO!$AG141 -> 13 | D141: =+MARZO!$AG141 -> 25 | E141: =+ABRIL!$AG141 -> 13 | F141: =+MAYO!$AG141 -> 10 | G141: =+JUNIO!$AG141 -> 11 | H141: =+JULIO!$AG141 -> 7 | I141: =+AGOSTO!$AG141 -> 5 | J141: =+SEPTIEMBRE!$AG141 -> 8 | K141: =+OCTUBRE!$AG141 -> 4 | L141: =+NOVIEMBRE!$AG141 -> 4 | M141: =+DICIEMBRE!$AG141 -> 5 | N141: =SUM(B141:M141) -> 123
A142: Otros | B142: =+ENERO!$AG142 -> 221 | C142: =+FEBRERO!$AG142 -> 174 | D142: =+MARZO!$AG142 -> 252 | E142: =+ABRIL!$AG142 -> 175 | F142: =+MAYO!$AG142 -> 168 | G142: =+JUNIO!$AG142 -> 155 | H142: =+JULIO!$AG142 -> 170 | I142: =+AGOSTO!$AG142 -> 179 | J142: =+SEPTIEMBRE!$AG142 -> 161 | K142: =+OCTUBRE!$AG142 -> 170 | L142: =+NOVIEMBRE!$AG142 -> 137 | M142: =+DICIEMBRE!$AG142 -> 161 | N142: =SUM(B142:M142) -> 2123
A143: Sin Centro de Salud | B143: =+ENERO!$AG143 -> 855 | C143: =+FEBRERO!$AG143 -> 881 | D143: =+MARZO!$AG143 -> 791 | E143: =+ABRIL!$AG143 -> 648 | F143: =+MAYO!$AG143 -> 623 | G143: =+JUNIO!$AG143 -> 705 | H143: =+JULIO!$AG143 -> 637 | I143: =+AGOSTO!$AG143 -> 681 | J143: =+SEPTIEMBRE!$AG143 -> 712 | K143: =+OCTUBRE!$AG143 -> 586 | L143: =+NOVIEMBRE!$AG143 -> 558 | M143: =+DICIEMBRE!$AG143 -> 552 | N143: =SUM(B143:M143) -> 8229
A144: TOTAL ATENDIDOS | B144: =+B146+B156+B158+B167 -> 5938 | C144: =+C146+C156+C158+C167 -> 5319 | D144: =+D146+D156+D158+D167 -> 5734 | E144: =+ABRIL!$AG144 -> 5114 | F144: =+MAYO!$AG144 -> 5520 | G144: =+JUNIO!$AG144 -> 5586 | H144: =+JULIO!$AG144 -> 5211 | I144: =+AGOSTO!$AG144 -> 5859 | J144: =+SEPTIEMBRE!$AG144 -> 6140 | K144: =+OCTUBRE!$AG144 -> 5334 | L144: =+NOVIEMBRE!$AG144 -> 4817 | M144: =+DICIEMBRE!$AG144 -> 4768 | N144: =SUM(B144:M144) -> 65340 | O144: =IF(N144<>N93,"*","") -> * | P144: EST. ORIGEN
A145: TOTAL NSP | B145: =+B149+B155+B157+B172 -> 559 | C145: =+C149+C155+C157+C172 -> 369 | D145: =+D149+D155+D157+D172 -> 714 | E145: =+ABRIL!$AG145 -> 548 | F145: =+MAYO!$AG145 -> 692 | G145: =+JUNIO!$AG145 -> 772 | H145: =+JULIO!$AG145 -> 267 | I145: =+AGOSTO!$AG145 -> 472 | J145: =+SEPTIEMBRE!$AG145 -> 596 | K145: =+OCTUBRE!$AG145 -> 502 | L145: =+NOVIEMBRE!$AG145 -> 450 | M145: =+DICIEMBRE!$AG145 -> 411 | N145: =SUM(B145:M145) -> 6352
A146: Redirec. de UEH a SAR | B146: =+B148+B154 -> 1338 | C146: =+C148+C154 -> 1077 | D146: =+D148+D154 -> 1162 | E146: =+ABRIL!$AG146 -> 155 | F146: =+MAYO!$AG146 -> 5 | G146: =+JUNIO!$AG146 -> 10 | H146: =+JULIO!$AG146 -> 5 | I146: =+AGOSTO!$AG146 -> 23 | J146: =+SEPTIEMBRE!$AG146 -> 8 | K146: =+OCTUBRE!$AG146 -> 5 | L146: =+NOVIEMBRE!$AG146 -> 1 | M146: =+DICIEMBRE!$AG146 -> 1 | N146: =+N148+N154 -> 3790
A147: NSP Infantil + Adultos | B147: =+B149+B155 -> 90 | C147: =+C149+C155 -> 58 | D147: =+D149+D155 -> 71 | E147: =+ABRIL!$AG147 -> 19 | F147: =+MAYO!$AG147 -> 1 | G147: =+JUNIO!$AG147 -> 2 | H147: =+JULIO!$AG147 -> 0 | I147: =+AGOSTO!$AG147 -> 0 | J147: =+SEPTIEMBRE!$AG147 -> 0 | K147: =+OCTUBRE!$AG147 -> 0 | L147: =+NOVIEMBRE!$AG147 -> 0 | M147: =+DICIEMBRE!$AG147 -> 0 | N147: =SUM(B147:M147) -> 241
A148: UE Pediatrica a SAR | B148: =SUM(B150:B153) -> 149 | C148: =SUM(C150:C153) -> 65 | D148: =SUM(D150:D153) -> 101 | E148: =+ABRIL!$AG148 -> 25 | F148: =+MAYO!$AG148 -> 0 | G148: =+JUNIO!$AG148 -> 0 | H148: =+JULIO!$AG148 -> 1 | I148: =+AGOSTO!$AG148 -> 5 | J148: =+SEPTIEMBRE!$AG148 -> 2 | K148: =+OCTUBRE!$AG148 -> 1 | L148: =+NOVIEMBRE!$AG148 -> 0 | M148: =+DICIEMBRE!$AG148 -> 0 | N148: =SUM(B148:M148) -> 349
A149: NSP Infantil | B149: =+ENERO!$AG149 -> 14 | C149: =+FEBRERO!$AG149 -> 7 | D149: =+MARZO!$AG149 -> 13 | E149: =+ABRIL!$AG149 -> 6 | F149: =+MAYO!$AG149 -> 0 | G149: =+JUNIO!$AG149 -> 0 | H149: =+JULIO!$AG149 -> 0 | I149: =+AGOSTO!$AG149 -> 0 | J149: =+SEPTIEMBRE!$AG149 -> 0 | K149: =+OCTUBRE!$AG149 -> 0 | L149: =+NOVIEMBRE!$AG149 -> 0 | M149: =+DICIEMBRE!$AG149 -> 0 | N149: =SUM(B149:M149) -> 40
A150: < 1 año | B150: =+ENERO!$AG150 -> 0 | C150: =+FEBRERO!$AG150 -> 0 | D150: =+MARZO!$AG150 -> 0 | E150: =+ABRIL!$AG150 -> 0 | F150: =+MAYO!$AG150 -> 0 | G150: =+JUNIO!$AG150 -> 0 | H150: =+JULIO!$AG150 -> 0 | I150: =+AGOSTO!$AG150 -> 1 | J150: =+SEPTIEMBRE!$AG150 -> 0 | K150: =+OCTUBRE!$AG150 -> 0 | L150: =+NOVIEMBRE!$AG150 -> 0 | M150: =+DICIEMBRE!$AG150 -> 0 | N150: =SUM(B150:M150) -> 1
A151: 1 - 4 años | B151: =+ENERO!$AG151 -> 2 | C151: =+FEBRERO!$AG151 -> 2 | D151: =+MARZO!$AG151 -> 1 | E151: =+ABRIL!$AG151 -> 1 | F151: =+MAYO!$AG151 -> 0 | G151: =+JUNIO!$AG151 -> 0 | H151: =+JULIO!$AG151 -> 1 | I151: =+AGOSTO!$AG151 -> 2 | J151: =+SEPTIEMBRE!$AG151 -> 1 | K151: =+OCTUBRE!$AG151 -> 0 | L151: =+NOVIEMBRE!$AG151 -> 0 | M151: =+DICIEMBRE!$AG151 -> 0 | N151: =SUM(B151:M151) -> 10
A152: 5 - 9 años | B152: =+ENERO!$AG152 -> 89 | C152: =+FEBRERO!$AG152 -> 34 | D152: =+MARZO!$AG152 -> 52 | E152: =+ABRIL!$AG152 -> 17 | F152: =+MAYO!$AG152 -> 0 | G152: =+JUNIO!$AG152 -> 0 | H152: =+JULIO!$AG152 -> 0 | I152: =+AGOSTO!$AG152 -> 1 | J152: =+SEPTIEMBRE!$AG152 -> 0 | K152: =+OCTUBRE!$AG152 -> 1 | L152: =+NOVIEMBRE!$AG152 -> 0 | M152: =+DICIEMBRE!$AG152 -> 0 | N152: =SUM(B152:M152) -> 194
A153: 10 - 14 años | B153: =+ENERO!$AG153 -> 58 | C153: =+FEBRERO!$AG153 -> 29 | D153: =+MARZO!$AG153 -> 48 | E153: =+ABRIL!$AG153 -> 7 | F153: =+MAYO!$AG153 -> 0 | G153: =+JUNIO!$AG153 -> 0 | H153: =+JULIO!$AG153 -> 0 | I153: =+AGOSTO!$AG153 -> 1 | J153: =+SEPTIEMBRE!$AG153 -> 1 | K153: =+OCTUBRE!$AG153 -> 0 | L153: =+NOVIEMBRE!$AG153 -> 0 | M153: =+DICIEMBRE!$AG153 -> 0 | N153: =SUM(B153:M153) -> 144
A154: UE Adulto a SAR | B154: =+ENERO!$AG154 -> 1189 | C154: =+FEBRERO!$AG154 -> 1012 | D154: =+MARZO!$AG154 -> 1061 | E154: =+ABRIL!$AG154 -> 130 | F154: =+MAYO!$AG154 -> 5 | G154: =+JUNIO!$AG154 -> 10 | H154: =+JULIO!$AG154 -> 4 | I154: =+AGOSTO!$AG154 -> 18 | J154: =+SEPTIEMBRE!$AG154 -> 6 | K154: =+OCTUBRE!$AG154 -> 4 | L154: =+NOVIEMBRE!$AG154 -> 1 | M154: =+DICIEMBRE!$AG154 -> 1 | N154: =SUM(B154:M154) -> 3441
A155: NSP Adultos | B155: =+ENERO!$AG155 -> 76 | C155: =+FEBRERO!$AG155 -> 51 | D155: =+MARZO!$AG155 -> 58 | E155: =+ABRIL!$AG155 -> 13 | F155: =+MAYO!$AG155 -> 1 | G155: =+JUNIO!$AG155 -> 2 | H155: =+JULIO!$AG155 -> 0 | I155: =+AGOSTO!$AG155 -> 0 | J155: =+SEPTIEMBRE!$AG155 -> 0 | K155: =+OCTUBRE!$AG155 -> 0 | L155: =+NOVIEMBRE!$AG155 -> 0 | M155: =+DICIEMBRE!$AG155 -> 0 | N155: =SUM(B155:M155) -> 201
A156: CONSULTA ESPONTANEA | B156: =+ENERO!$AG156 -> 4543 | C156: =+FEBRERO!$AG156 -> 4171 | D156: =+MARZO!$AG156 -> 4539 | E156: =+ABRIL!$AG156 -> 4912 | F156: =+MAYO!$AG156 -> 5483 | G156: =+JUNIO!$AG156 -> 5550 | H156: =+JULIO!$AG156 -> 5178 | I156: =+AGOSTO!$AG156 -> 5802 | J156: =+SEPTIEMBRE!$AG156 -> 6088 | K156: =+OCTUBRE!$AG156 -> 5300 | L156: =+NOVIEMBRE!$AG156 -> 4797 | M156: =+DICIEMBRE!$AG156 -> 4743 | N156: =SUM(B156:M156) -> 61106 | O156: PROC. EXTERNA
A157: NSP | B157: =+ENERO!$AG157 -> 462 | C157: =+FEBRERO!$AG157 -> 310 | D157: =+MARZO!$AG157 -> 639 | E157: =+ABRIL!$AG157 -> 526 | F157: =+MAYO!$AG157 -> 690 | G157: =+JUNIO!$AG157 -> 770 | H157: =+JULIO!$AG157 -> 266 | I157: =+AGOSTO!$AG157 -> 468 | J157: =+SEPTIEMBRE!$AG157 -> 592 | K157: =+OCTUBRE!$AG157 -> 499 | L157: =+NOVIEMBRE!$AG157 -> 447 | M157: =+DICIEMBRE!$AG157 -> 410 | N157: =SUM(B157:M157) -> 6079
A158: Derivados de SAPU a SAR | B158: =SUM(B159:B166) -> 27 | C158: =SUM(C159:C166) -> 35 | D158: =SUM(D159:D166) -> 14 | E158: =+ABRIL!$AG158 -> 31 | F158: =+MAYO!$AG158 -> 27 | G158: =+JUNIO!$AG158 -> 17 | H158: =+JULIO!$AG158 -> 18 | I158: =+AGOSTO!$AG158 -> 18 | J158: =+SEPTIEMBRE!$AG158 -> 20 | K158: =+OCTUBRE!$AG158 -> 17 | L158: =+NOVIEMBRE!$AG158 -> 14 | M158: =+DICIEMBRE!$AG158 -> 16 | N158: =SUM(B158:M158) -> 254
A159: Ultraestación | B159: =+ENERO!$AG159 -> 4 | C159: =+FEBRERO!$AG159 -> 5 | D159: =+MARZO!$AG159 -> 2 | E159: =+ABRIL!$AG159 -> 4 | F159: =+MAYO!$AG159 -> 1 | G159: =+JUNIO!$AG159 -> 0 | H159: =+JULIO!$AG159 -> 2 | I159: =+AGOSTO!$AG159 -> 3 | J159: =+SEPTIEMBRE!$AG159 -> 2 | K159: =+OCTUBRE!$AG159 -> 1 | L159: =+NOVIEMBRE!$AG159 -> 3 | M159: =+DICIEMBRE!$AG159 -> 1 | N159: =SUM(B159:M159) -> 28
A160: Los Volcanes | B160: =+ENERO!$AG160 -> 7 | C160: =+FEBRERO!$AG160 -> 4 | D160: =+MARZO!$AG160 -> 4 | E160: =+ABRIL!$AG160 -> 12 | F160: =+MAYO!$AG160 -> 6 | G160: =+JUNIO!$AG160 -> 3 | H160: =+JULIO!$AG160 -> 5 | I160: =+AGOSTO!$AG160 -> 5 | J160: =+SEPTIEMBRE!$AG160 -> 5 | K160: =+OCTUBRE!$AG160 -> 5 | L160: =+NOVIEMBRE!$AG160 -> 1 | M160: =+DICIEMBRE!$AG160 -> 4 | N160: =SUM(B160:M160) -> 61
...

Sheet ENERO
A2: ENERO | B2: 1 | C2: =+B2+1 -> 2 | D2: =+C2+1 -> 3 | E2: =+D2+1 -> 4 | F2: =+E2+1 -> 5 | G2: =+F2+1 -> 6 | H2: =+G2+1 -> 7 | I2: =+H2+1 -> 8 | J2: =+I2+1 -> 9 | ... AA2: =+Z2+1 -> 26 | AB2: 27 | AC2: =+AB2+1 -> 28 | AD2: =+AC2+1 -> 29 | AE2: =+AD2+1 -> 30 | AF2: =+AE2+1 -> 31 | AG2: TOTAL
A3: Total de Inscritos | B3: =SUM(B4:B27) -> 215 | C3: =SUM(C4:C27) -> 245 | D3: =SUM(D4:D27) -> 233 | E3: =SUM(E4:E27) -> 212 | F3: =SUM(F4:F27) -> 264 | G3: =SUM(G4:G27) -> 243 | H3: =SUM(H4:H27) -> 236 | I3: =SUM(I4:I27) -> 167 | ... AF3: =SUM(AF4:AF27) -> 168 | AG3: =SUM(B3:AF3) -> 6497
A4: 08:00 | B4: 8 | F4: 12 | G4: 2 | M4: 3 | N4: 5 | T4: 4 | U4: 4 | AA4: 6 | AB4: 8 | AG4: =SUM(B4:AF4) -> 52
A5: 09:00 | B5: 3 | F5: 10 | G5: 11 | M5: 11 | N5: 9 | T5: 12 | U5: 8 | AA5: 12 | AB5: 5 | AG5: =SUM(B5:AF5) -> 81
A6: 10:00 | B6: 13 | F6: 16 | G6: 18 | M6: 4 | N6: 13 | T6: 14 | U6: 12 | AA6: 11 | AB6: 7 | AG6: =SUM(B6:AF6) -> 108
A7: 11:00 | B7: 9 | C7: 17 | D7: 12 | E7: 18 | F7: 18 | G7: 18 | H7: 8 | I7: 12 | J7: 13 | K7: 20 | L7: 12 | M7: 23 | N7: 20 | O7: 23 | P7: 5 | Q7: 9 | R7: 9 | S7: 11 | T7: 13 | U7: 13 | V7: 9 | W7: 5 | X7: 13 | Y7: 9 | Z7: 9 | AA7: 20 | AB7: 12 | AC7: 11 | AD7: 8 | AE7: 30 | AF7: 7 | AG7: =SUM(B7:AF7) -> 416
A8: 12:00 | B8: 9 | C8: 5 | D8: 7 | E8: 2 | F8: 22 | G8: 19 | H8: 6 | I8: 2 | J8: 7 | K8: 2 | L8: 5 | M8: 11 | N8: 18 | O8: 6 | P8: 6 | Q8: 9 | R8: 5 | S8: 3 | T8: 10 | U8: 8 | V8: 4 | W8: 3 | X8: 5 | Y8: 1 | Z8: 5 | AA8: 11 | AB8: 9 | AC8: 4 | AD8: 3 | AE8: 2 | AF8: 2 | AG8: =SUM(B8:AF8) -> 211
A9: 13:00 | B9: 14 | C9: 9 | D9: 5 | E9: 5 | F9: 7 | G9: 10 | H9: 10 | I9: 10 | J9: 7 | K9: 2 | L9: 4 | M9: 14 | N9: 10 | O9: 6 | P9: 5 | Q9: 6 | R9: 1 | S9: 2 | T9: 11 | U9: 13 | V9: 3 | W9: 1 | X9: 5 | Y9: 2 | Z9: 1 | AA9: 11 | AB9: 16 | AC9: 9 | AD9: 3 | AE9: 3 | AF9: 1 | AG9: =SUM(B9:AF9) -> 206
A10: 14:00 | B10: 8 | C10: 5 | D10: 2 | E10: 3 | F10: 11 | G10: 15 | H10: 7 | I10: 7 | J10: 3 | K10: 6 | L10: 4 | M10: 17 | N10: 13 | O10: 2 | P10: 1 | Q10: 5 | R10: 4 | S10: 2 | T10: 11 | U10: 23 | V10: 7 | W10: 5 | X10: 6 | Y10: 4 | Z10: 4 | AA10: 9 | AB10: 7 | AC10: 3 | AD10: 2 | AE10: 5 | AF10: 3 | AG10: =SUM(B10:AF10) -> 204
A11: 15:00 | B11: 11 | C11: 7 | D11: 4 | E11: 4 | F11: 23 | G11: 10 | H11: 4 | I11: 11 | J11: 9 | K11: 8 | L11: 2 | M11: 25 | N11: 14 | Q11: 4 | R11: 5 | S11: 2 | T11: 11 | U11: 11 | V11: 3 | W11: 1 | Y11: 5 | Z11: 3 | AA11: 8 | AB11: 15 | AC11: 5 | AD11: 3 | AE11: 6 | AF11: 1 | AG11: =SUM(B11:AF11) -> 215
A12: 16:00 | B12: 9 | C12: 7 | D12: 1 | E12: 7 | F12: 11 | G12: 15 | I12: 3 | J12: 3 | K12: 10 | M12: 17 | N12: 14 | O12: 4 | P12: 4 | Q12: 2 | R12: 5 | S12: 8 | T12: 13 | U12: 8 | V12: 5 | W12: 3 | X12: 1 | Y12: 8 | Z12: 2 | AA12: 18 | AB12: 14 | AC12: 3 | AD12: 1 | AE12: 8 | AF12: 1 | AG12: =SUM(B12:AF12) -> 205
A13: 17:00 | B13: 19 | C13: 67 | D13: 63 | E13: 48 | F13: 24 | G13: 11 | H13: 56 | I13: 27 | J13: 40 | K13: 36 | L13: 49 | M13: 17 | N13: 22 | O13: 49 | P13: 34 | Q13: 33 | R13: 34 | S13: 31 | T13: 14 | U13: 13 | V13: 55 | W13: 38 | X13: 43 | Y13: 55 | Z13: 44 | AA13: 19 | AB13: 15 | AC13: 58 | AD13: 35 | AE13: 50 | AF13: 37 | AG13: =SUM(B13:AF13) -> 1136
A14: 18:00 | B14: 17 | C14: 25 | D14: 26 | E14: 14 | F14: 15 | G14: 17 | H14: 21 | I14: 17 | J14: 15 | K14: 19 | L14: 10 | M14: 20 | N14: 12 | O14: 21 | P14: 15 | Q14: 28 | R14: 24 | S14: 18 | T14: 10 | U14: 10 | V14: 20 | W14: 28 | X14: 29 | Y14: 17 | Z14: 19 | AA14: 16 | AB14: 16 | AC14: 26 | AD14: 19 | AE14: 22 | AF14: 15 | AG14: =SUM(B14:AF14) -> 581
A15: 19:00 | B15: 8 | C15: 24 | D15: 21 | E15: 10 | F15: 15 | G15: 19 | H15: 32 | I15: 16 | J15: 16 | K15: 14 | L15: 11 | M15: 14 | N15: 9 | O15: 13 | P15: 21 | Q15: 16 | R15: 23 | S15: 2 | T15: 16 | U15: 10 | V15: 27 | W15: 25 | X15: 20 | Y15: 16 | Z15: 18 | AA15: 21 | AB15: 16 | AC15: 19 | AD15: 22 | AE15: 10 | AF15: 8 | AG15: =SUM(B15:AF15) -> 512
A16: 20:00 | B16: 23 | C16: 23 | D16: 17 | E16: 17 | F16: 17 | G16: 17 | H16: 28 | I16: 19 | J16: 18 | K16: 19 | L16: 23 | M16: 7 | N16: 17 | O16: 17 | P16: 20 | Q16: 16 | R16: 14 | T16: 20 | U16: 11 | V16: 23 | W16: 26 | X16: 14 | Y16: 7 | Z16: 16 | AA16: 11 | AB16: 7 | AC16: 22 | AD16: 17 | AE16: 18 | AF16: 11 | AG16: =SUM(B16:AF16) -> 515
A17: 21:00 | B17: 16 | C17: 17 | D17: 15 | E17: 22 | F17: 11 | G17: 16 | H17: 20 | I17: 10 | J17: 11 | K17: 16 | L17: 20 | M17: 15 | N17: 9 | O17: 23 | P17: 18 | Q17: 14 | R17: 18 | T17: 10 | U17: 19 | V17: 21 | W17: 20 | X17: 17 | Y17: 18 | Z17: 15 | AA17: 18 | AB17: 15 | AC17: 22 | AD17: 11 | AE17: 22 | AF17: 22 | AG17: =SUM(B17:AF17) -> 501
A18: 22:00 | B18: 11 | C18: 11 | D18: 22 | E18: 19 | F18: 16 | G18: 12 | H18: 12 | I18: 10 | J18: 17 | K18: 14 | L18: 16 | M18: 11 | N18: 16 | O18: 20 | P18: 13 | Q18: 15 | R18: 18 | S18: 4 | T18: 13 | U18: 15 | V18: 18 | W18: 20 | X18: 23 | Y18: 21 | Z18: 20 | AA18: 22 | AB18: 17 | AC18: 20 | AD18: 19 | AE18: 16 | AF18: 8 | AG18: =SUM(B18:AF18) -> 489
A19: 23:00 | B19: 14 | C19: 8 | D19: 11 | E19: 14 | F19: 11 | G19: 13 | H19: 12 | I19: 7 | J19: 8 | K19: 15 | L19: 9 | M19: 10 | N19: 18 | O19: 14 | P19: 20 | Q19: 12 | R19: 9 | S19: 17 | T19: 9 | U19: 9 | V19: 13 | W19: 10 | X19: 9 | Y19: 13 | Z19: 19 | AA19: 17 | AB19: 10 | AC19: 16 | AD19: 11 | AE19: 14 | AF19: 17 | AG19: =SUM(B19:AF19) -> 389
A20: 00:00 | B20: 8 | C20: 1 | D20: 13 | E20: 5 | F20: 3 | G20: 2 | H20: 7 | I20: 4 | J20: 2 | K20: 5 | L20: 8 | M20: 8 | N20: 9 | O20: 6 | P20: 5 | Q20: 9 | R20: 6 | S20: 16 | T20: 12 | U20: 7 | V20: 6 | W20: 6 | X20: 7 | Y20: 11 | Z20: 8 | AA20: 6 | AB20: 6 | AC20: 7 | AD20: 7 | AE20: 6 | AF20: 18 | AG20: =SUM(B20:AF20) -> 224
A21: 01:00 | B21: 3 | C21: 5 | D21: 4 | E21: 9 | F21: 8 | G21: 6 | H21: 2 | I21: 3 | J21: 3 | K21: 4 | L21: 7 | M21: 4 | N21: 2 | O21: 5 | P21: 7 | Q21: 3 | R21: 5 | S21: 11 | T21: 4 | U21: 1 | V21: 9 | X21: 3 | Y21: 4 | Z21: 6 | AA21: 7 | AB21: 4 | AC21: 2 | AD21: 2 | AE21: 5 | AF21: 9 | AG21: =SUM(B21:AF21) -> 147
A22: 02:00 | B22: 4 | C22: 10 | D22: 2 | E22: 3 | F22: 2 | H22: 4 | I22: 2 | J22: 1 | K22: 3 | L22: 2 | M22: 3 | N22: 3 | O22: 2 | Q22: 1 | R22: 5 | S22: 2 | T22: 6 | U22: 1 | V22: 1 | W22: 3 | X22: 2 | Y22: 2 | AA22: 2 | AB22: 1 | AC22: 3 | AD22: 5 | AE22: 3 | AF22: 1 | AG22: =SUM(B22:AF22) -> 79
A23: 03:00 | C23: 2 | D23: 2 | E23: 1 | F23: 3 | G23: 3 | H23: 3 | I23: 1 | J23: 6 | K23: 2 | L23: 2 | M23: 2 | N23: 5 | O23: 2 | P23: 1 | Q23: 2 | R23: 2 | S23: 1 | V23: 1 | W23: 3 | X23: 1 | Y23: 1 | Z23: 2 | AB23: 1 | AC23: 1 | AF23: 3 | AG23: =SUM(B23:AF23) -> 53
A24: 04:00 | B24: 3 | C24: 1 | D24: 1 | E24: 2 | F24: 2 | H24: 3 | I24: 2 | J24: 1 | K24: 1 | N24: 2 | Q24: 1 | R24: 2 | S24: 2 | T24: 5 | U24: 5 | W24: 1 | Z24: 2 | AA24: 2 | AB24: 3 | AC24: 1 | AF24: 3 | AG24: =SUM(B24:AF24) -> 45
A25: 05:00 | D25: 1 | E25: 3 | F25: 2 | G25: 1 | I25: 1 | J25: 3 | K25: 1 | L25: 1 | M25: 2 | N25: 3 | O25: 2 | P25: 2 | R25: 4 | U25: 3 | V25: 1 | W25: 2 | X25: 1 | Z25: 1 | AA25: 3 | AB25: 1 | AC25: 1 | AE25: 1 | AG25: =SUM(B25:AF25) -> 40
A26: 06:00 | B26: 3 | C26: 1 | D26: 2 | E26: 2 | F26: 1 | G26: 2 | H26: 1 | I26: 1 | J26: 1 | M26: 2 | N26: 1 | O26: 1 | Q26: 3 | R26: 1 | U26: 1 | V26: 1 | W26: 1 | X26: 1 | Y26: 3 | Z26: 1 | AA26: 3 | AB26: 2 | AC26: 1 | AE26: 2 | AF26: 1 | AG26: =SUM(B26:AF26) -> 39
A27: 07:00 | B27: 2 | D27: 2 | E27: 4 | F27: 4 | G27: 6 | I27: 2 | K27: 2 | L27: 4 | M27: 6 | P27: 1 | S27: 3 | T27: 5 | U27: 2 | Z27: 3 | AA27: 1 | AC27: 1 | AE27: 1 | AG27: =SUM(B27:AF27) -> 49
A28: Total de atendidos | B28: =SUM(B29:B52) -> 207 | C28: =SUM(C29:C52) -> 196 | D28: =SUM(D29:D52) -> 201 | E28: =SUM(E29:E52) -> 200 | F28: =SUM(F29:F52) -> 252 | G28: =SUM(G29:G52) -> 227 | H28: =SUM(H29:H52) -> 206 | I28: =SUM(I29:I52) -> 159 | ... AF28: =SUM(AF29:AF52) -> 163 | AG28: =SUM(B28:AF28) -> 5938
A29: 08:00 | B29: 2 | E29: 2 | F29: 5 | G29: 1 | L29: 2 | M29: 4 | S29: 2 | T29: 6 | U29: 2 | Z29: 3 | AA29: 3 | AB29: 5 | AG29: =SUM(B29:AF29) -> 37
A30: 09:00 | B30: 8 | E30: 1 | F30: 16 | G30: 5 | M30: 5 | N30: 5 | T30: 6 | U30: 3 | AA30: 8 | AB30: 5 | AG30: =SUM(B30:AF30) -> 62
A31: 10:00 | B31: 7 | F31: 13 | G31: 11 | M31: 11 | N31: 5 | T31: 10 | U31: 13 | AA31: 8 | AB31: 7 | AG31: =SUM(B31:AF31) -> 85
A32: 11:00 | B32: 7 | C32: 16 | D32: 12 | E32: 4 | F32: 15 | G32: 10 | H32: 3 | I32: 3 | J32: 3 | K32: 2 | L32: 7 | M32: 8 | N32: 10 | O32: 3 | P32: 2 | Q32: 6 | R32: 3 | S32: 3 | T32: 13 | U32: 10 | V32: 3 | X32: 9 | Y32: 7 | Z32: 6 | AA32: 10 | AB32: 9 | AC32: 9 | AD32: 7 | AE32: 6 | AF32: 4 | AG32: =SUM(B32:AF32) -> 210
A33: 12:00 | B33: 7 | C33: 5 | D33: 7 | E33: 4 | F33: 14 | G33: 10 | H33: 5 | I33: 7 | J33: 7 | K33: 7 | L33: 6 | M33: 15 | N33: 10 | O33: 4 | P33: 4 | Q33: 5 | R33: 5 | S33: 3 | T33: 13 | U33: 11 | V33: 7 | W33: 8 | X33: 8 | Y33: 3 | Z33: 8 | AA33: 14 | AB33: 9 | AC33: 5 | AD33: 4 | AE33: 11 | AF33: 5 | AG33: =SUM(B33:AF33) -> 231
A34: 13:00 | B34: 10 | C34: 6 | D34: 4 | E34: 1 | F34: 18 | G34: 16 | H34: 5 | J34: 3 | K34: 4 | L34: 7 | M34: 13 | N34: 9 | O34: 3 | P34: 4 | Q34: 3 | R34: 6 | S34: 6 | T34: 9 | U34: 13 | V34: 3 | X34: 5 | Z34: 1 | AA34: 17 | AB34: 8 | AC34: 3 | AD34: 1 | AE34: 6 | AF34: 1 | AG34: =SUM(B34:AF34) -> 185
A35: 14:00 | B35: 17 | C35: 4 | D35: 1 | E35: 2 | F35: 14 | G35: 15 | H35: 3 | I35: 4 | J35: 8 | K35: 5 | L35: 3 | M35: 12 | N35: 10 | O35: 6 | P35: 7 | Q35: 6 | R35: 2 | T35: 9 | U35: 11 | V35: 4 | W35: 3 | X35: 7 | Y35: 5 | Z35: 3 | AA35: 7 | AB35: 10 | AC35: 9 | AD35: 3 | AE35: 12 | AF35: 3 | AG35: =SUM(B35:AF35) -> 205
A36: 15:00 | B36: 12 | C36: 3 | D36: 4 | E36: 5 | F36: 12 | G36: 13 | H36: 8 | I36: 6 | J36: 8 | K36: 5 | L36: 8 | M36: 22 | N36: 20 | O36: 7 | Q36: 3 | R36: 3 | S36: 5 | T36: 14 | U36: 15 | V36: 5 | W36: 4 | Y36: 4 | Z36: 2 | AA36: 14 | AB36: 11 | AC36: 5 | AD36: 3 | AE36: 7 | AF36: 1 | AG36: =SUM(B36:AF36) -> 229
A37: 16:00 | B37: 9 | C37: 7 | D37: 1 | E37: 4 | F37: 20 | G37: 11 | H37: 6 | I37: 5 | J37: 8 | K37: 8 | M37: 30 | N37: 12 | O37: 6 | P37: 4 | Q37: 7 | R37: 7 | S37: 3 | T37: 15 | U37: 15 | V37: 6 | W37: 3 | X37: 1 | Y37: 5 | Z37: 3 | AA37: 14 | AB37: 15 | AC37: 3 | AD37: 2 | AE37: 2 | AF37: 1 | AG37: =SUM(B37:AF37) -> 233
A38: 17:00 | B38: 11 | C38: 59 | D38: 55 | E38: 12 | F38: 8 | G38: 17 | H38: 8 | I38: 9 | J38: 12 | K38: 13 | L38: 5 | M38: 17 | N38: 17 | O38: 8 | P38: 13 | Q38: 11 | R38: 12 | S38: 10 | T38: 11 | U38: 11 | V38: 13 | W38: 13 | X38: 8 | Y38: 16 | Z38: 16 | AA38: 17 | AB38: 16 | AC38: 10 | AD38: 9 | AE38: 12 | AF38: 5 | AG38: =SUM(B38:AF38) -> 454
A39: 18:00 | B39: 17 | C39: 15 | D39: 17 | E39: 19 | F39: 18 | G39: 21 | H39: 18 | I39: 23 | J39: 19 | K39: 21 | L39: 14 | M39: 15 | N39: 22 | O39: 16 | P39: 28 | Q39: 18 | R39: 16 | S39: 17 | T39: 11 | U39: 7 | V39: 27 | W39: 30 | X39: 18 | Y39: 18 | Z39: 23 | AA39: 11 | AB39: 14 | AC39: 20 | AD39: 22 | AE39: 24 | AF39: 18 | AG39: =SUM(B39:AF39) -> 577
A40: 19:00 | B40: 14 | C40: 17 | D40: 16 | E40: 27 | F40: 17 | G40: 11 | H40: 19 | I40: 27 | J40: 20 | K40: 19 | L40: 22 | M40: 13 | N40: 12 | O40: 22 | P40: 20 | Q40: 26 | R40: 20 | S40: 4 | T40: 12 | U40: 16 | V40: 31 | W40: 25 | X40: 18 | Y40: 17 | Z40: 26 | AA40: 13 | AB40: 14 | AC40: 19 | AD40: 18 | AE40: 15 | AF40: 22 | AG40: =SUM(B40:AF40) -> 572
A41: 20:00 | B41: 16 | C41: 15 | D41: 15 | E41: 27 | F41: 13 | G41: 13 | H41: 37 | I41: 21 | J41: 18 | K41: 28 | L41: 25 | M41: 11 | N41: 15 | O41: 32 | P41: 21 | Q41: 24 | R41: 17 | T41: 14 | U41: 7 | V41: 33 | W41: 26 | X41: 15 | Y41: 17 | Z41: 9 | AA41: 15 | AB41: 9 | AC41: 32 | AD41: 22 | AE41: 17 | AF41: 15 | AG41: =SUM(B41:AF41) -> 579
A42: 21:00 | B42: 19 | C42: 12 | D42: 15 | E42: 19 | F42: 11 | G42: 15 | H42: 30 | I42: 19 | J42: 25 | K42: 21 | L42: 20 | M42: 13 | N42: 20 | O42: 24 | P42: 23 | Q42: 17 | R42: 20 | T42: 13 | U42: 18 | V42: 25 | W42: 23 | X42: 15 | Y42: 15 | Z42: 17 | AA42: 11 | AB42: 18 | AC42: 36 | AD42: 21 | AE42: 18 | AF42: 11 | AG42: =SUM(B42:AF42) -> 564
A43: 22:00 | B43: 11 | C43: 10 | D43: 18 | E43: 18 | F43: 10 | G43: 10 | H43: 20 | I43: 9 | J43: 10 | K43: 14 | L43: 23 | M43: 7 | N43: 9 | O43: 23 | P43: 6 | Q43: 12 | R43: 19 | S43: 4 | T43: 10 | U43: 10 | V43: 15 | W43: 15 | X43: 23 | Y43: 15 | Z43: 12 | AA43: 7 | AB43: 9 | AC43: 13 | AD43: 20 | AE43: 17 | AF43: 22 | AG43: =SUM(B43:AF43) -> 421
A44: 23:00 | B44: 14 | C44: 8 | D44: 9 | E44: 16 | F44: 13 | G44: 13 | H44: 20 | I44: 8 | J44: 13 | K44: 16 | L44: 12 | M44: 11 | N44: 19 | O44: 19 | P44: 7 | Q44: 11 | R44: 15 | S44: 10 | T44: 9 | U44: 12 | V44: 9 | W44: 6 | X44: 8 | Y44: 13 | Z44: 16 | AA44: 14 | AB44: 8 | AC44: 14 | AD44: 6 | AE44: 10 | AF44: 16 | AG44: =SUM(B44:AF44) -> 375
A45: 00:00 | B45: 11 | C45: 1 | D45: 13 | E45: 13 | F45: 10 | G45: 11 | H45: 7 | I45: 4 | J45: 8 | K45: 9 | L45: 6 | M45: 11 | N45: 12 | O45: 10 | P45: 1 | Q45: 11 | R45: 10 | S45: 8 | T45: 11 | U45: 9 | V45: 4 | W45: 6 | X45: 8 | Y45: 10 | Z45: 9 | AA45: 8 | AB45: 10 | AC45: 6 | AD45: 3 | AE45: 9 | AF45: 8 | AG45: =SUM(B45:AF45) -> 257
A46: 01:00 | B46: 6 | C46: 5 | D46: 4 | E46: 10 | F46: 8 | G46: 4 | H46: 6 | I46: 4 | J46: 3 | K46: 7 | L46: 10 | M46: 7 | N46: 3 | O46: 6 | P46: 6 | Q46: 9 | R46: 6 | S46: 14 | T46: 12 | U46: 5 | V46: 4 | W46: 9 | X46: 7 | Y46: 9 | Z46: 9 | AA46: 7 | AB46: 6 | AC46: 19 | AD46: 7 | AE46: 9 | AF46: 10 | AG46: =SUM(B46:AF46) -> 231
A47: 02:00 | B47: 2 | C47: 10 | D47: 2 | E47: 6 | F47: 7 | G47: 6 | H47: 1 | I47: 2 | J47: 1 | K47: 5 | L47: 4 | M47: 6 | N47: 1 | O47: 1 | P47: 7 | Q47: 2 | R47: 3 | S47: 10 | T47: 4 | V47: 6 | W47: 7 | X47: 10 | Y47: 6 | Z47: 11 | AA47: 7 | AB47: 5 | AC47: 3 | AD47: 8 | AE47: 10 | AF47: 11 | AG47: =SUM(B47:AF47) -> 164
A48: 03:00 | B48: 2 | C48: 2 | D48: 2 | E48: 2 | F48: 3 | G48: 5 | H48: 4 | I48: 2 | J48: 4 | K48: 2 | L48: 3 | M48: 3 | N48: 4 | O48: 3 | P48: 7 | Q48: 2 | R48: 5 | S48: 4 | T48: 3 | U48: 1 | V48: 5 | W48: 7 | X48: 1 | Y48: 1 | Z48: 5 | AA48: 6 | AB48: 4 | AC48: 3 | AD48: 5 | AE48: 3 | AF48: 6 | AG48: =SUM(B48:AF48) -> 109
A49: 04:00 | B49: 3 | D49: 1 | F49: 3 | G49: 1 | H49: 4 | J49: 3 | K49: 1 | N49: 5 | Q49: 1 | R49: 1 | S49: 2 | T49: 3 | U49: 3 | V49: 1 | W49: 2 | X49: 1 | AA49: 4 | AB49: 4 | AF49: 2 | AG49: =SUM(B49:AF49) -> 45
A50: 05:00 | D50: 1 | E50: 4 | F50: 1 | H50: 1 | I50: 2 | J50: 2 | K50: 1 | L50: 1 | M50: 1 | N50: 3 | O50: 1 | P50: 2 | R50: 2 | U50: 2 | V50: 1 | Z50: 3 | AA50: 2 | AC50: 2 | AE50: 1 | AF50: 1 | AG50: =SUM(B50:AF50) -> 34
A51: 06:00 | B51: 1 | C51: 1 | D51: 2 | E51: 3 | G51: 2 | I51: 2 | J51: 1 | M51: 3 | N51: 1 | O51: 2 | Q51: 3 | R51: 3 | U51: 3 | W51: 2 | X51: 2 | Y51: 3 | Z51: 1 | AA51: 4 | AC51: 1 | AG51: =SUM(B51:AF51) -> 40
A52: 07:00 | B52: 1 | D52: 2 | E52: 1 | F52: 3 | G52: 6 | H52: 1 | I52: 2 | J52: 1 | K52: 2 | L52: 2 | M52: 3 | P52: 1 | R52: 1 | S52: 1 | T52: 1 | U52: 1 | V52: 1 | W52: 1 | AA52: 1 | AB52: 2 | AC52: 1 | AE52: 3 | AF52: 1 | AG52: =SUM(B52:AF52) -> 39
A53: Total de NSP | B53: =SUM(B54:B77) -> 8 | C53: =SUM(C54:C77) -> 49 | D53: =SUM(D54:D77) -> 32 | E53: =SUM(E54:E77) -> 12 | F53: =SUM(F54:F77) -> 12 | G53: =SUM(G54:G77) -> 16 | H53: =SUM(H54:H77) -> 30 | I53: =SUM(I54:I77) -> 8 | ... AF53: =SUM(AF54:AF77) -> 5 | AG53: =SUM(B53:AF53) -> 559
A54: 08:00 | U54: 1 | AG54: =SUM(B54:AF54) -> 1
A55: 09:00 | AG55: =SUM(B55:AF55) -> 0
A56: 10:00 | M56: 1 | T56: 1 | U56: 1 | AG56: =SUM(B56:AF56) -> 3
A57: 11:00 | N57: 2 | T57: 1 | AA57: 2 | AG57: =SUM(B57:AF57) -> 5
A58: 12:00 | C58: 1 | G58: 1 | N58: 1 | O58: 1 | V58: 1 | AG58: =SUM(B58:AF58) -> 5
A59: 13:00 | B59: 2 | G59: 1 | H59: 1 | J59: 1 | M59: 1 | N59: 2 | O59: 1 | R59: 1 | S59: 1 | U59: 1 | AA59: 1 | AC59: 1 | AE59: 1 | AG59: =SUM(B59:AF59) -> 15
A60: 14:00 | G60: 3 | H60: 1 | N60: 3 | O60: 1 | Q60: 1 | T60: 3 | U60: 1 | AE60: 2 | AG60: =SUM(B60:AF60) -> 15
A61: 15:00 | C61: 3 | D61: 2 | E61: 1 | G61: 2 | H61: 1 | I61: 1 | J61: 1 | N61: 4 | O61: 2 | AA61: 1 | AE61: 1 | AG61: =SUM(B61:AF61) -> 19
A62: 16:00 | C62: 2 | F62: 1 | J62: 1 | K62: 3 | N62: 1 | O62: 1 | Z62: 1 | AA62: 1 | AB62: 1 | AG62: =SUM(B62:AF62) -> 12
A63: 17:00 | C63: 2 | D63: 1 | E63: 2 | I63: 2 | L63: 1 | M63: 1 | N63: 2 | S63: 1 | W63: 1 | AE63: 2 | AG63: =SUM(B63:AF63) -> 15
A64: 18:00 | B64: 1 | C64: 1 | D64: 3 | E64: 1 | F64: 1 | H64: 1 | I64: 2 | J64: 1 | M64: 1 | N64: 1 | O64: 1 | Q64: 2 | R64: 1 | S64: 1 | T64: 1 | V64: 3 | X64: 2 | Y64: 1 | AA64: 1 | AB64: 2 | AC64: 1 | AF64: 1 | AG64: =SUM(B64:AF64) -> 30
A65: 19:00 | C65: 4 | D65: 3 | E65: 2 | F65: 2 | H65: 4 | J65: 2 | L65: 3 | O65: 3 | Q65: 3 | R65: 1 | T65: 2 | V65: 6 | Y65: 2 | Z65: 4 | AC65: 3 | AE65: 4 | AF65: 2 | AG65: =SUM(B65:AF65) -> 50
A66: 20:00 | C66: 3 | E66: 2 | H66: 9 | I66: 3 | J66: 1 | K66: 4 | L66: 4 | M66: 1 | O66: 6 | Q66: 1 | R66: 3 | V66: 2 | W66: 2 | X66: 2 | Y66: 6 | AB66: 1 | AC66: 8 | AD66: 1 | AE66: 2 | AF66: 1 | AG66: =SUM(B66:AF66) -> 62
A67: 21:00 | C67: 10 | D67: 5 | E67: 3 | F67: 1 | H67: 5 | K67: 1 | L67: 1 | O67: 3 | R67: 5 | T67: 2 | W67: 2 | X67: 3 | Y67: 3 | AA67: 2 | AB67: 1 | AC67: 3 | AD67: 1 | AE67: 2 | AG67: =SUM(B67:AF67) -> 53
A68: 22:00 | C68: 12 | D68: 10 | E68: 1 | H68: 3 | K68: 1 | R68: 7 | S68: 4 | T68: 1 | X68: 9 | Y68: 8 | AA68: 2 | AC68: 1 | AD68: 2 | AE68: 2 | AF68: 1 | AG68: =SUM(B68:AF68) -> 64
A69: 23:00 | B69: 1 | C69: 5 | F69: 1 | G69: 1 | H69: 4 | P69: 1 | Q69: 1 | S69: 17 | T69: 1 | U69: 1 | V69: 1 | X69: 1 | AA69: 4 | AC69: 1 | AE69: 1 | AG69: =SUM(B69:AF69) -> 41
A70: 00:00 | C70: 1 | D70: 4 | F70: 1 | N70: 1 | U70: 2 | X70: 3 | Y70: 5 | Z70: 1 | AA70: 5 | AB70: 3 | AD70: 2 | AG70: =SUM(B70:AF70) -> 28
A71: 01:00 | C71: 4 | D71: 2 | F71: 2 | G71: 5 | H71: 1 | N71: 3 | Q71: 3 | S71: 1 | X71: 13 | Y71: 7 | Z71: 3 | AA71: 1 | AC71: 3 | AE71: 3 | AG71: =SUM(B71:AF71) -> 51
A72: 02:00 | B72: 1 | D72: 2 | F72: 2 | P72: 13 | S72: 4 | V72: 4 | W72: 4 | X72: 3 | Y72: 1 | Z72: 1 | AA72: 5 | AC72: 1 | AE72: 11 | AG72: =SUM(B72:AF72) -> 52
A73: 03:00 | G73: 3 | P73: 1 | V73: 5 | W73: 1 | Z73: 5 | AA73: 4 | AD73: 1 | AE73: 1 | AG73: =SUM(B73:AF73) -> 21
A74: 04:00 | V74: 2 | AA74: 3 | AG74: =SUM(B74:AF74) -> 5
A75: 05:00 | F75: 1 | T75: 2 | U75: 1 | W75: 1 | AG75: =SUM(B75:AF75) -> 5
A76: 06:00 | C76: 1 | AB76: 1 | AG76: =SUM(B76:AF76) -> 2
A77: 07:00 | B77: 3 | O77: 1 | U77: 1 | AG77: =SUM(B77:AF77) -> 5
A78: TOTAL PACIENTES INSCRITOS | B78: =SUM(B79:B80) -> 215 | C78: =SUM(C79:C80) -> 245 | D78: =SUM(D79:D80) -> 233 | E78: =SUM(E79:E80) -> 212 | F78: =SUM(F79:F80) -> 264 | G78: =SUM(G79:G80) -> 243 | H78: =SUM(H79:H80) -> 236 | I78: =SUM(I79:I80) -> 167 | ... AF78: =SUM(AF79:AF80) -> 168 | AG78: =SUM(B78:AF78) -> 6497
A79: SAR | B79: =SUM(B4:B27)-B80 -> 215 | C79: =SUM(C4:C27)-C80 -> 245 | D79: =SUM(D4:D27)-D80 -> 233 | E79: =SUM(E4:E27)-E80 -> 212 | F79: =SUM(F4:F27)-F80 -> 134 | G79: =SUM(G4:G27)-G80 -> 125 | H79: =SUM(H4:H27)-H80 -> 201 | I79: =SUM(I4:I27)-I80 -> 167 | ... AF79: =SUM(AF4:AF27)-AF80 -> 153 | AG79: =SUM(B79:AF79) -> 5367
A80: PAR | D80: 0 | E80: 0 | F80: =SUM(F4:F12) -> 130 | G80: =SUM(G4:G12) -> 118 | H80: =SUM(H4:H12) -> 35 | K80: 0 | L80: 0 | M80: =SUM(M4:M12) -> 125 | N80: =SUM(N4:N12) -> 116 | O80: =SUM(O4:O12) -> 41 | R80: =SUM(R4:R12) -> 29 | S80: =SUM(S4:S12) -> 28 | T80: =SUM(T4:T12) -> 99 | U80: =SUM(U4:U12) -> 100 | V80: =SUM(V4:V12) -> 31 | Y80: =SUM(Y4:Y12) -> 29 | AA80: =SUM(AA4:AA12) -> 106 | AB80: =SUM(AB4:AB12) -> 93 | AC80: =SUM(AC4:AC12) -> 35 | AF80: =SUM(AF4:AF12) -> 15 | AG80: =SUM(B80:AF80) -> 1130
A81: TOTAL NSP | B81: =SUM(B82:B83) -> 8 | C81: =SUM(C82:C83) -> 49 | D81: =SUM(D82:D83) -> 32 | E81: =SUM(E82:E83) -> 12 | F81: =SUM(F82:F83) -> 12 | G81: =SUM(G82:G83) -> 16 | H81: =SUM(H82:H83) -> 30 | I81: =SUM(I82:I83) -> 8 | ... AF81: =SUM(AF82:AF83) -> 5 | AG81: =SUM(B81:AF81) -> 559 | AH81: =IF(AG81<>AG53,"*","")
A82: PAR | C82: =SUM(C54:C62) -> 6 | D82: =SUM(D54:D62) -> 2 | E82: =SUM(E54:E62) -> 1 | H82: =SUM(H54:H62) -> 3 | I82: =SUM(I54:I62) -> 1 | J82: =SUM(J54:J62) -> 3 | K82: =SUM(K54:K62) -> 3 | L82: =SUM(L54:L62) -> 0 | O82: =SUM(O54:O62) -> 6 | P82: =SUM(P54:P62) -> 0 | Q82: =SUM(Q54:Q62) -> 1 | R82: =SUM(R54:R62) -> 1 | S82: =SUM(S54:S62) -> 1 | V82: =SUM(V54:V62) -> 1 | W82: =SUM(W54:W62) -> 0 | X82: =SUM(X54:X62) -> 0 | Y82: =SUM(Y54:Y62) -> 0 | Z82: =SUM(Z54:Z62) -> 1 | AC82: =SUM(AC54:AC62) -> 1 | AD82: =SUM(AD54:AD62) -> 0 | AE82: =SUM(AE54:AE62) -> 4 | AF82: =SUM(AF54:AF62) -> 0 | AG82: =SUM(B82:AF82) -> 35
A83: SAR | B83: =SUM(B54:B77)-B82 -> 8 | C83: =SUM(C54:C77)-C82 -> 43 | D83: =SUM(D54:D77)-D82 -> 30 | E83: =SUM(E54:E77)-E82 -> 11 | F83: =SUM(F54:F77)-F82 -> 12 | G83: =SUM(G54:G77)-G82 -> 16 | H83: =SUM(H54:H77)-H82 -> 27 | I83: =SUM(I54:I77)-I82 -> 7 | ... AF83: =SUM(AF54:AF77)-AF82 -> 5 | AG83: =SUM(B83:AF83) -> 524
A84: NSP PEDIATR. / ADULTOS | B84: =SUM(B85:B86) -> 8 | C84: =SUM(C85:C86) -> 49 | D84: =SUM(D85:D86) -> 32 | E84: =SUM(E85:E86) -> 12 | F84: =SUM(F85:F86) -> 12 | G84: =SUM(G85:G86) -> 16 | H84: =SUM(H85:H86) -> 30 | I84: =SUM(I85:I86) -> 8 | ... AF84: =SUM(AF85:AF86) -> 5 | AG84: =SUM(B84:AF84) -> 559 | AH84: =IF(AG84<>AG82+AG83,"*","") | AI84: NSP
A85: NSP PEDIATRICOS (<15 AÑOS) | B85: 1 | C85: 10 | D85: 7 | E85: 1 | F85: 2 | G85: 1 | H85: 6 | I85: 0 | J85: 2 | K85: 2 | L85: 3 | M85: 1 | N85: 6 | O85: 3 | P85: 4 | Q85: 1 | R85: 3 | S85: 7 | T85: 1 | U85: 0 | V85: 5 | W85: 3 | X85: 6 | Y85: 7 | Z85: 2 | AA85: 9 | AB85: 2 | AC85: 6 | AD85: 2 | AE85: 5 | AF85: 0 | AG85: =SUM(B85:AF85) -> 108
A86: NSP ADULTOS | B86: 7 | C86: 39 | D86: 25 | E86: 11 | F86: 10 | G86: 15 | H86: 24 | I86: 8 | J86: 5 | K86: 7 | L86: 6 | M86: 4 | N86: 14 | O86: 17 | P86: 11 | Q86: 10 | R86: 15 | S86: 22 | T86: 13 | U86: 9 | V86: 19 | W86: 8 | X86: 30 | Y86: 26 | Z86: 13 | AA86: 23 | AB86: 7 | AC86: 16 | AD86: 5 | AE86: 27 | AF86: 5 | AG86: =SUM(B86:AF86) -> 451
A87: NSP CATEGORIZACION | B87: =SUM(B88:B92) -> 8 | C87: =SUM(C88:C92) -> 49 | D87: =SUM(D88:D92) -> 32 | E87: =SUM(E88:E92) -> 12 | F87: =SUM(F88:F92) -> 12 | G87: =SUM(G88:G92) -> 16 | H87: =SUM(H88:H92) -> 30 | I87: =SUM(I88:I92) -> 8 | ... AF87: =SUM(AF88:AF92) -> 5 | AG87: =SUM(B87:AF87) -> 559 | AH87: =IF(AG87<>AG84,"*","")
A88: SIN CATEGORIZACIÓN nsp | B88: 6 | C88: 11 | D88: 7 | E88: 3 | F88: 2 | G88: 2 | H88: 9 | I88: 0 | J88: 1 | K88: 1 | L88: 2 | M88: 4 | N88: 9 | O88: 5 | P88: 3 | Q88: 4 | R88: 2 | S88: 5 | T88: 9 | U88: 3 | V88: 6 | W88: 3 | X88: 4 | Y88: 3 | Z88: 3 | AA88: 13 | AB88: 3 | AC88: 8 | AD88: 1 | AE88: 9 | AF88: 1 | AG88: =SUM(B88:AF88) -> 142
A89: C2 | AG89: =SUM(B89:AF89) -> 0
A90: C3 | S90: 1 | AG90: =SUM(B90:AF90) -> 1
A91: C4 | C91: 23 | D91: 10 | E91: 2 | F91: 3 | G91: 3 | H91: 8 | I91: 5 | J91: 5 | K91: 5 | L91: 1 | M91: 1 | N91: 5 | O91: 6 | P91: 12 | Q91: 3 | R91: 2 | S91: 18 | T91: 3 | U91: 2 | V91: 9 | W91: 3 | X91: 17 | Y91: 16 | Z91: 5 | AA91: 8 | AB91: 2 | AC91: 9 | AD91: 4 | AE91: 12 | AF91: 2 | AG91: =SUM(B91:AF91) -> 204
A92: C5 | B92: 2 | C92: 15 | D92: 15 | E92: 7 | F92: 7 | G92: 11 | H92: 13 | I92: 3 | J92: 1 | K92: 3 | L92: 6 | M92: 0 | N92: 6 | O92: 9 | P92: 0 | Q92: 4 | R92: 14 | S92: 5 | T92: 2 | U92: 4 | V92: 9 | W92: 5 | X92: 15 | Y92: 14 | Z92: 7 | AA92: 11 | AB92: 4 | AC92: 5 | AD92: 2 | AE92: 11 | AF92: 2 | AG92: =SUM(B92:AF92) -> 212
A93: TOTAL PACIENTES ATENDIDOS | B93: =+B94+B100 -> 207 | C93: =+C94+C100 -> 196 | D93: =+D94+D100 -> 201 | E93: =+E94+E100 -> 200 | F93: =+F94+F100 -> 252 | G93: =+G94+G100 -> 227 | H93: =+H94+H100 -> 206 | I93: =+I94+I100 -> 159 | ... AF93: =+AF94+AF100 -> 163 | AG93: =SUM(B93:AF93) -> 5938 | AH93: =IF(AG78<>AG81+AG93,"*","")
A94: Menor 15 años | B94: =SUM(B95:B99) -> 30 | C94: =SUM(C95:C99) -> 37 | D94: =SUM(D95:D99) -> 31 | E94: =SUM(E95:E99) -> 28 | F94: =SUM(F95:F99) -> 46 | G94: =SUM(G95:G99) -> 24 | H94: =SUM(H95:H99) -> 39 | I94: =SUM(I95:I99) -> 13 | ... AF94: =SUM(AF95:AF99) -> 29 | AG94: =SUM(B94:AF94) -> 870
A95: Menor 1 Año | B95: 2 | C95: 1 | D95: 1 | E95: 1 | F95: 1 | G95: 1 | H95: 2 | I95: 2 | K95: 1 | L95: 2 | M95: 2 | N95: 1 | O95: 1 | P95: 1 | R95: 2 | S95: 2 | T95: 3 | U95: 2 | V95: 1 | Z95: 2 | AA95: 1 | AB95: 1 | AC95: 3 | AD95: 1 | AE95: 1 | AG95: =SUM(B95:AF95) -> 38
A96: 1 Año | B96: 2 | C96: 3 | D96: 0 | E96: 3 | F96: 5 | G96: 1 | H96: 3 | J96: 3 | K96: 1 | L96: 1 | M96: 3 | N96: 1 | O96: 2 | P96: 5 | Q96: 2 | R96: 2 | S96: 1 | T96: 2 | U96: 2 | V96: 1 | W96: 6 | X96: 1 | Z96: 1 | AA96: 4 | AB96: 4 | AC96: 2 | AD96: 1 | AF96: 1 | AG96: =SUM(B96:AF96) -> 63
A97: 2 - 4 | B97: 6 | C97: 9 | D97: 11 | E97: 5 | F97: 9 | G97: 10 | H97: 9 | I97: 2 | J97: 7 | K97: 6 | L97: 6 | M97: 10 | N97: 12 | O97: 3 | P97: 5 | Q97: 1 | R97: 4 | S97: 2 | T97: 7 | U97: 8 | V97: 7 | W97: 7 | X97: 5 | Y97: 6 | Z97: 5 | AA97: 4 | AB97: 5 | AC97: 4 | AD97: 5 | AE97: 2 | AF97: 4 | AG97: =SUM(B97:AF97) -> 186
A98: 5 - 9 | B98: 11 | C98: 12 | D98: 10 | E98: 9 | F98: 21 | G98: 8 | H98: 15 | I98: 4 | J98: 10 | K98: 8 | L98: 7 | M98: 15 | N98: 13 | O98: 9 | P98: 7 | Q98: 8 | R98: 7 | S98: 5 | T98: 18 | U98: 15 | V98: 14 | W98: 15 | X98: 5 | Y98: 19 | Z98: 11 | AA98: 8 | AB98: 12 | AC98: 14 | AD98: 8 | AE98: 8 | AF98: 12 | AG98: =SUM(B98:AF98) -> 338
A99: 10 - 14 | B99: 9 | C99: 12 | D99: 9 | E99: 10 | F99: 10 | G99: 4 | H99: 10 | I99: 5 | J99: 7 | K99: 5 | L99: 10 | M99: 5 | N99: 10 | O99: 12 | P99: 5 | Q99: 12 | R99: 7 | S99: 4 | T99: 7 | U99: 10 | V99: 10 | W99: 6 | X99: 3 | Y99: 8 | Z99: 7 | AA99: 8 | AB99: 7 | AC99: 12 | AD99: 4 | AE99: 5 | AF99: 12 | AG99: =SUM(B99:AF99) -> 245
A100: Mayor de 15 años | B100: =SUM(B101:B115) -> 177 | C100: =SUM(C101:C115) -> 159 | D100: =SUM(D101:D115) -> 170 | E100: =SUM(E101:E115) -> 172 | F100: =SUM(F101:F115) -> 206 | G100: =SUM(G101:G115) -> 203 | H100: =SUM(H101:H115) -> 167 | I100: =SUM(I101:I115) -> 146 | ... AF100: =SUM(AF101:AF115) -> 134 | AG100: =SUM(B100:AF100) -> 5068
A101: 15 - 19 | B101: 16 | C101: 15 | D101: 12 | E101: 12 | F101: 17 | G101: 24 | H101: 12 | I101: 16 | J101: 10 | K101: 9 | L101: 18 | M101: 17 | N101: 17 | O101: 16 | P101: 19 | Q101: 20 | R101: 15 | S101: 10 | T101: 12 | U101: 15 | V101: 13 | W101: 13 | X101: 11 | Y101: 11 | Z101: 16 | AA101: 13 | AB101: 20 | AC101: 17 | AD101: 15 | AE101: 16 | AF101: 12 | AG101: =SUM(B101:AF101) -> 459
...

Sheet FEBRERO
A2: FEBRERO | B2: 1 | C2: =+B2+1 -> 2 | D2: =+C2+1 -> 3 | E2: =+D2+1 -> 4 | F2: =+E2+1 -> 5 | G2: =+F2+1 -> 6 | H2: =+G2+1 -> 7 | I2: =+H2+1 -> 8 | J2: =+I2+1 -> 9 | ... AA2: =+Z2+1 -> 26 | AB2: 27 | AC2: =+AB2+1 -> 28 | AG2: TOTAL
A3: Total de Inscritos | B3: =SUM(B4:B27) -> 170 | C3: =SUM(C4:C27) -> 226 | D3: =SUM(D4:D27) -> 217 | E3: =SUM(E4:E27) -> 225 | F3: =SUM(F4:F27) -> 206 | G3: =SUM(G4:G27) -> 196 | H3: =SUM(H4:H27) -> 182 | I3: =SUM(I4:I27) -> 167 | ... AF3: =SUM(AF4:AF27) -> 0 | AG3: =SUM(B3:AF3) -> 5688
A4: 08:00 | C4: 7 | D4: 7 | J4: 7 | K4: 6 | Q4: 5 | R4: 4 | X4: 9 | Y4: 5 | AG4: =SUM(B4:AF4) -> 50
A5: 09:00 | C5: 12 | D5: 4 | J5: 11 | K5: 12 | Q5: 10 | R5: 9 | X5: 8 | Y5: 9 | AG5: =SUM(B5:AF5) -> 75
A6: 10:00 | C6: 13 | D6: 11 | J6: 17 | K6: 12 | M6: 1 | Q6: 15 | R6: 19 | X6: 16 | Y6: 9 | AG6: =SUM(B6:AF6) -> 113
A7: 11:00 | B7: 2 | C7: 19 | D7: 23 | E7: 7 | F7: 12 | G7: 8 | H7: 9 | I7: 6 | J7: 11 | K7: 7 | L7: 7 | M7: 11 | N7: 22 | O7: 4 | P7: 4 | Q7: 16 | R7: 18 | S7: 6 | T7: 11 | U7: 9 | V7: 16 | W7: 11 | X7: 10 | Y7: 19 | Z7: 15 | AA7: 15 | AB7: 2 | AC7: 9 | AG7: =SUM(B7:AF7) -> 309
A8: 12:00 | B8: 2 | C8: 10 | D8: 15 | E8: 6 | F8: 1 | G8: 3 | H8: 4 | I8: 2 | J8: 13 | K8: 17 | L8: 9 | N8: 5 | O8: 3 | P8: 6 | Q8: 15 | R8: 21 | S8: 4 | T8: 8 | U8: 6 | V8: 8 | X8: 13 | Y8: 12 | Z8: 8 | AA8: 5 | AB8: 9 | AC8: 2 | AG8: =SUM(B8:AF8) -> 207
A9: 13:00 | B9: 2 | C9: 9 | D9: 6 | E9: 1 | F9: 4 | G9: 5 | H9: 1 | J9: 9 | K9: 9 | L9: 4 | M9: 5 | N9: 4 | O9: 2 | P9: 2 | Q9: 6 | R9: 10 | S9: 5 | T9: 4 | V9: 3 | W9: 5 | X9: 8 | Y9: 11 | Z9: 4 | AA9: 3 | AB9: 3 | AC9: 3 | AG9: =SUM(B9:AF9) -> 128
A10: 14:00 | B10: 6 | C10: 9 | D10: 6 | E10: 5 | F10: 6 | G10: 2 | H10: 3 | I10: 3 | J10: 13 | K10: 12 | L10: 6 | M10: 2 | N10: 9 | O10: 2 | P10: 5 | Q10: 13 | R10: 8 | S10: 7 | T10: 3 | U10: 4 | V10: 3 | W10: 2 | X10: 12 | Y10: 15 | Z10: 6 | AA10: 6 | AB10: 3 | AC10: 3 | AG10: =SUM(B10:AF10) -> 174
A11: 15:00 | B11: 4 | C11: 9 | D11: 15 | E11: 4 | F11: 4 | G11: 4 | H11: 9 | I11: 1 | J11: 12 | K11: 14 | L11: 3 | M11: 2 | N11: 5 | O11: 4 | P11: 3 | Q11: 16 | R11: 8 | S11: 5 | T11: 8 | U11: 3 | V11: 4 | W11: 4 | X11: 12 | Y11: 11 | Z11: 7 | AA11: 2 | AB11: 8 | AC11: 1 | AG11: =SUM(B11:AF11) -> 182
A12: 16:00 | B12: 10 | C12: 14 | D12: 16 | E12: 8 | F12: 1 | G12: 6 | H12: 7 | I12: 10 | J12: 16 | K12: 12 | L12: 3 | M12: 3 | N12: 3 | O12: 2 | P12: 3 | Q12: 15 | R12: 18 | S12: 10 | T12: 4 | U12: 4 | V12: 3 | W12: 13 | X12: 11 | Y12: 16 | Z12: 6 | AA12: 1 | AB12: 5 | AC12: 1 | AG12: =SUM(B12:AF12) -> 221
A13: 17:00 | B13: 34 | C13: 20 | D13: 13 | E13: 43 | F13: 36 | G13: 41 | H13: 43 | I13: 33 | J13: 19 | K13: 16 | L13: 62 | M13: 49 | N13: 28 | O13: 52 | P13: 36 | Q13: 15 | R13: 12 | S13: 51 | T13: 47 | U13: 41 | V13: 48 | W13: 31 | X13: 15 | Y13: 13 | Z13: 50 | AA13: 48 | AB13: 47 | AC13: 56 | AG13: =SUM(B13:AF13) -> 999
A14: 18:00 | B14: 14 | C14: 21 | D14: 11 | E14: 32 | F14: 17 | G14: 21 | H14: 24 | I14: 13 | J14: 22 | K14: 19 | L14: 31 | M14: 16 | N14: 14 | O14: 17 | P14: 19 | Q14: 16 | R14: 15 | S14: 25 | T14: 23 | U14: 26 | V14: 14 | W14: 19 | X14: 15 | Y14: 9 | Z14: 29 | AA14: 18 | AB14: 17 | AC14: 27 | AG14: =SUM(B14:AF14) -> 544
A15: 19:00 | B15: 11 | C15: 10 | D15: 13 | E15: 20 | F15: 23 | G15: 12 | H15: 11 | I15: 19 | J15: 15 | K15: 12 | L15: 22 | M15: 14 | N15: 17 | O15: 24 | P15: 8 | Q15: 10 | R15: 15 | S15: 21 | T15: 14 | U15: 20 | V15: 22 | W15: 16 | X15: 22 | Y15: 12 | Z15: 15 | AA15: 21 | AB15: 17 | AC15: 12 | AG15: =SUM(B15:AF15) -> 448
A16: 20:00 | B16: 11 | C16: 10 | D16: 13 | E16: 22 | F16: 28 | G16: 19 | H16: 15 | I16: 14 | J16: 12 | K16: 14 | L16: 12 | M16: 12 | N16: 22 | O16: 13 | P16: 18 | Q16: 17 | R16: 14 | S16: 20 | T16: 17 | U16: 20 | V16: 15 | W16: 16 | X16: 9 | Y16: 13 | Z16: 20 | AA16: 21 | AB16: 19 | AC16: 20 | AG16: =SUM(B16:AF16) -> 456
A17: 21:00 | B17: 11 | C17: 11 | D17: 16 | E17: 21 | F17: 25 | G17: 22 | H17: 11 | I17: 20 | J17: 16 | K17: 14 | L17: 25 | M17: 15 | N17: 19 | O17: 13 | P17: 17 | Q17: 11 | R17: 20 | S17: 12 | T17: 9 | U17: 21 | V17: 21 | W17: 11 | X17: 15 | Y17: 9 | Z17: 20 | AA17: 18 | AB17: 12 | AC17: 13 | AG17: =SUM(B17:AF17) -> 448
A18: 22:00 | B18: 11 | C18: 13 | D18: 24 | E18: 17 | F18: 16 | G18: 17 | H18: 11 | I18: 17 | J18: 16 | K18: 11 | L18: 11 | M18: 11 | N18: 21 | O18: 15 | P18: 15 | Q18: 13 | R18: 7 | S18: 16 | T18: 11 | U18: 27 | V18: 13 | W18: 9 | X18: 19 | Y18: 16 | Z18: 16 | AA18: 11 | AB18: 13 | AC18: 11 | AG18: =SUM(B18:AF18) -> 408
A19: 23:00 | B19: 17 | C19: 12 | D19: 10 | E19: 16 | F19: 12 | G19: 11 | H19: 12 | I19: 14 | J19: 11 | K19: 11 | L19: 15 | M19: 10 | N19: 4 | O19: 10 | P19: 7 | Q19: 11 | R19: 9 | S19: 10 | T19: 14 | U19: 8 | V19: 7 | W19: 15 | X19: 10 | Y19: 8 | Z19: 8 | AA19: 8 | AB19: 8 | AC19: 11 | AG19: =SUM(B19:AF19) -> 299
A20: 00:00 | B20: 12 | C20: 6 | D20: 5 | E20: 6 | F20: 10 | G20: 5 | H20: 6 | I20: 5 | J20: 12 | K20: 6 | L20: 5 | M20: 4 | N20: 4 | O20: 6 | P20: 8 | Q20: 7 | R20: 8 | S20: 11 | T20: 9 | U20: 5 | V20: 6 | W20: 7 | X20: 6 | Y20: 5 | Z20: 5 | AA20: 8 | AB20: 3 | AC20: 2 | AG20: =SUM(B20:AF20) -> 182
A21: 01:00 | B21: 6 | C21: 8 | D21: 3 | E21: 7 | F21: 4 | G21: 6 | H21: 2 | I21: 3 | J21: 7 | K21: 2 | L21: 4 | M21: 2 | N21: 4 | O21: 7 | P21: 5 | Q21: 5 | R21: 7 | S21: 2 | T21: 6 | U21: 5 | V21: 4 | W21: 1 | X21: 4 | Y21: 8 | Z21: 4 | AA21: 7 | AB21: 4 | AC21: 1 | AG21: =SUM(B21:AF21) -> 128
A22: 02:00 | B22: 4 | C22: 7 | D22: 2 | E22: 4 | F22: 2 | G22: 2 | H22: 5 | I22: 2 | J22: 7 | K22: 5 | L22: 5 | M22: 4 | N22: 1 | O22: 4 | P22: 5 | Q22: 2 | R22: 4 | S22: 2 | T22: 5 | U22: 1 | V22: 2 | X22: 1 | Y22: 1 | Z22: 2 | AA22: 3 | AB22: 3 | AC22: 2 | AG22: =SUM(B22:AF22) -> 87
A23: 03:00 | C23: 5 | D23: 2 | F23: 2 | G23: 6 | H23: 2 | J23: 3 | K23: 6 | M23: 1 | N23: 5 | O23: 3 | Q23: 5 | R23: 2 | S23: 1 | U23: 1 | V23: 3 | W23: 1 | X23: 2 | Y23: 3 | Z23: 2 | AA23: 5 | AB23: 1 | AG23: =SUM(B23:AF23) -> 61
A24: 04:00 | B24: 5 | E24: 2 | F24: 2 | G24: 3 | H24: 2 | J24: 3 | L24: 2 | M24: 1 | O24: 3 | P24: 2 | Q24: 6 | R24: 2 | S24: 4 | T24: 1 | U24: 1 | V24: 1 | W24: 3 | Y24: 2 | AA24: 1 | AB24: 5 | AC24: 2 | AG24: =SUM(B24:AF24) -> 53
A25: 05:00 | B25: 2 | E25: 2 | F25: 1 | G25: 3 | H25: 3 | K25: 3 | L25: 2 | O25: 2 | P25: 2 | Q25: 1 | R25: 2 | S25: 2 | T25: 1 | U25: 2 | W25: 1 | X25: 4 | Z25: 3 | AA25: 2 | AB25: 3 | AC25: 2 | AG25: =SUM(B25:AF25) -> 43
A26: 06:00 | B26: 2 | D26: 1 | E26: 1 | H26: 1 | I26: 1 | J26: 1 | K26: 2 | O26: 2 | Q26: 4 | R26: 5 | S26: 1 | T26: 2 | U26: 1 | W26: 1 | X26: 1 | Y26: 1 | Z26: 3 | AA26: 2 | AC26: 3 | AG26: =SUM(B26:AF26) -> 35
A27: 07:00 | B27: 4 | C27: 1 | D27: 1 | E27: 1 | H27: 1 | I27: 4 | J27: 2 | K27: 2 | P27: 2 | Q27: 5 | R27: 1 | T27: 2 | W27: 6 | X27: 6 | AG27: =SUM(B27:AF27) -> 38
A28: Total de atendidos | B28: =SUM(B29:B52) -> 167 | C28: =SUM(C29:C52) -> 218 | D28: =SUM(D29:D52) -> 210 | E28: =SUM(E29:E52) -> 206 | F28: =SUM(F29:F52) -> 170 | G28: =SUM(G29:G52) -> 185 | H28: =SUM(H29:H52) -> 173 | I28: =SUM(I29:I52) -> 151 | ... AF28: =SUM(AF29:AF52) -> 0 | AG28: =SUM(B28:AF28) -> 5319
A29: 08:00 | C29: 7 | D29: 4 | J29: 7 | K29: 3 | P29: 2 | Q29: 4 | R29: 2 | W29: 4 | X29: 7 | AG29: =SUM(B29:AF29) -> 40
A30: 09:00 | C30: 12 | D30: 5 | J30: 11 | K30: 9 | Q30: 3 | R30: 8 | X30: 11 | Y30: 7 | AG30: =SUM(B30:AF30) -> 66
A31: 10:00 | C31: 13 | D31: 8 | J31: 16 | K31: 13 | Q31: 14 | R31: 11 | X31: 13 | Y31: 10 | AG31: =SUM(B31:AF31) -> 98
A32: 11:00 | B32: 2 | C32: 19 | D32: 14 | E32: 7 | F32: 12 | G32: 8 | H32: 9 | I32: 6 | J32: 10 | K32: 9 | L32: 2 | M32: 7 | N32: 5 | O32: 4 | P32: 2 | Q32: 13 | R32: 16 | S32: 4 | T32: 6 | U32: 4 | V32: 7 | W32: 6 | X32: 11 | Y32: 12 | Z32: 7 | AA32: 7 | AB32: 1 | AC32: 5 | AG32: =SUM(B32:AF32) -> 215
A33: 12:00 | B33: 2 | C33: 9 | D33: 15 | E33: 6 | F33: 1 | G33: 3 | H33: 4 | I33: 2 | J33: 13 | K33: 8 | L33: 10 | M33: 5 | N33: 10 | O33: 3 | P33: 8 | Q33: 11 | R33: 9 | S33: 5 | T33: 10 | U33: 9 | V33: 8 | W33: 5 | X33: 12 | Y33: 10 | Z33: 11 | AA33: 9 | AB33: 10 | AC33: 5 | AG33: =SUM(B33:AF33) -> 213
A34: 13:00 | B34: 2 | C34: 9 | D34: 16 | E34: 1 | F34: 4 | G34: 5 | H34: 1 | J34: 9 | K34: 8 | L34: 5 | M34: 2 | N34: 12 | O34: 1 | Q34: 14 | R34: 11 | S34: 2 | T34: 3 | U34: 2 | V34: 8 | W34: 2 | X34: 10 | Y34: 8 | Z34: 1 | AA34: 1 | AB34: 2 | AC34: 4 | AG34: =SUM(B34:AF34) -> 143
A35: 14:00 | B35: 6 | C35: 9 | D35: 2 | E35: 5 | F35: 6 | G35: 2 | H35: 3 | I35: 3 | J35: 13 | K35: 11 | L35: 8 | M35: 5 | N35: 6 | O35: 3 | P35: 6 | Q35: 6 | R35: 6 | S35: 11 | T35: 4 | U35: 3 | V35: 7 | W35: 3 | X35: 7 | Y35: 10 | Z35: 6 | AA35: 6 | AB35: 4 | AC35: 3 | AG35: =SUM(B35:AF35) -> 164
A36: 15:00 | B36: 4 | C36: 9 | D36: 12 | E36: 4 | F36: 4 | G36: 4 | H36: 9 | I36: 1 | J36: 12 | K36: 10 | L36: 1 | M36: 1 | N36: 11 | O36: 4 | P36: 4 | Q36: 9 | R36: 8 | S36: 5 | T36: 9 | U36: 4 | V36: 2 | W36: 6 | X36: 16 | Y36: 11 | Z36: 7 | AA36: 5 | AB36: 5 | AC36: 1 | AG36: =SUM(B36:AF36) -> 178
A37: 16:00 | B37: 10 | C37: 14 | D37: 18 | E37: 8 | F37: 1 | G37: 6 | H37: 7 | I37: 10 | J37: 16 | K37: 17 | L37: 6 | M37: 4 | N37: 3 | O37: 2 | P37: 2 | Q37: 18 | R37: 14 | S37: 5 | T37: 3 | U37: 3 | V37: 5 | W37: 2 | X37: 12 | Y37: 14 | Z37: 5 | AA37: 3 | AB37: 7 | AG37: =SUM(B37:AF37) -> 215
A38: 17:00 | B38: 33 | C38: 17 | D38: 17 | E38: 37 | F38: 31 | G38: 37 | H38: 41 | I38: 29 | J38: 18 | K38: 14 | L38: 6 | M38: 10 | N38: 5 | O38: 7 | P38: 6 | Q38: 21 | R38: 11 | S38: 9 | T38: 5 | U38: 10 | V38: 12 | W38: 10 | X38: 9 | Y38: 15 | Z38: 6 | AA38: 12 | AB38: 5 | AC38: 12 | AG38: =SUM(B38:AF38) -> 445
A39: 18:00 | B39: 14 | C39: 20 | D39: 8 | E39: 27 | F39: 15 | G39: 18 | H39: 22 | I39: 10 | J39: 19 | K39: 17 | L39: 19 | M39: 16 | N39: 26 | O39: 18 | P39: 20 | Q39: 11 | R39: 14 | S39: 14 | T39: 16 | U39: 25 | V39: 19 | W39: 20 | X39: 11 | Y39: 16 | Z39: 29 | AA39: 21 | AB39: 23 | AC39: 19 | AG39: =SUM(B39:AF39) -> 507
A40: 19:00 | B40: 11 | C40: 7 | D40: 12 | E40: 17 | F40: 20 | G40: 12 | H40: 11 | I40: 19 | J40: 15 | K40: 15 | L40: 21 | M40: 27 | N40: 19 | O40: 17 | P40: 19 | Q40: 14 | R40: 14 | S40: 22 | T40: 22 | U40: 35 | V40: 24 | W40: 21 | X40: 10 | Y40: 15 | Z40: 29 | AA40: 24 | AB40: 22 | AC40: 28 | AG40: =SUM(B40:AF40) -> 522
A41: 20:00 | B41: 11 | C41: 10 | D41: 11 | E41: 19 | F41: 24 | G41: 18 | H41: 14 | I41: 13 | J41: 10 | K41: 11 | L41: 39 | M41: 17 | N41: 21 | O41: 19 | P41: 18 | Q41: 16 | R41: 16 | S41: 31 | T41: 18 | U41: 27 | V41: 28 | W41: 12 | X41: 11 | Y41: 13 | Z41: 38 | AA41: 25 | AB41: 8 | AC41: 25 | AG41: =SUM(B41:AF41) -> 523
A42: 21:00 | B42: 11 | C42: 11 | D42: 18 | E42: 20 | F42: 17 | G42: 20 | H42: 9 | I42: 19 | J42: 13 | K42: 18 | L42: 32 | M42: 19 | N42: 21 | O42: 20 | P42: 18 | Q42: 9 | R42: 11 | S42: 28 | T42: 20 | U42: 23 | V42: 21 | W42: 21 | X42: 20 | Y42: 11 | Z42: 23 | AA42: 22 | AB42: 11 | AC42: 14 | AG42: =SUM(B42:AF42) -> 500
A43: 22:00 | B43: 11 | C43: 13 | D43: 17 | E43: 16 | F43: 10 | G43: 17 | H43: 10 | I43: 14 | J43: 15 | K43: 12 | L43: 15 | M43: 15 | N43: 19 | O43: 15 | P43: 18 | Q43: 9 | R43: 6 | S43: 23 | T43: 15 | U43: 21 | V43: 17 | W43: 17 | X43: 11 | Y43: 18 | Z43: 12 | AA43: 19 | AB43: 14 | AC43: 12 | AG43: =SUM(B43:AF43) -> 411
A44: 23:00 | B44: 17 | C44: 12 | D44: 7 | E44: 16 | F44: 8 | G44: 11 | H44: 12 | I44: 13 | J44: 11 | K44: 11 | L44: 13 | M44: 8 | N44: 8 | O44: 15 | P44: 16 | Q44: 11 | R44: 14 | S44: 14 | T44: 14 | U44: 15 | V44: 5 | W44: 16 | X44: 17 | Y44: 10 | Z44: 17 | AA44: 8 | AB44: 17 | AC44: 15 | AG44: =SUM(B44:AF44) -> 351
A45: 00:00 | B45: 10 | C45: 6 | D45: 11 | E45: 6 | F45: 7 | G45: 5 | H45: 6 | I45: 2 | J45: 12 | K45: 7 | L45: 10 | M45: 4 | N45: 6 | O45: 12 | P45: 6 | Q45: 8 | R45: 12 | S45: 7 | T45: 5 | U45: 6 | V45: 5 | W45: 12 | X45: 13 | Y45: 4 | Z45: 2 | AA45: 7 | AB45: 7 | AC45: 5 | AG45: =SUM(B45:AF45) -> 203
A46: 01:00 | B46: 6 | C46: 8 | D46: 8 | E46: 7 | F46: 4 | G46: 6 | H46: 2 | I46: 3 | J46: 5 | K46: 7 | L46: 2 | M46: 3 | N46: 3 | O46: 8 | P46: 7 | Q46: 8 | R46: 6 | S46: 10 | T46: 7 | U46: 7 | V46: 7 | W46: 4 | X46: 10 | Y46: 8 | Z46: 6 | AA46: 5 | AB46: 12 | AC46: 9 | AG46: =SUM(B46:AF46) -> 178
A47: 02:00 | B47: 4 | C47: 7 | D47: 2 | E47: 4 | F47: 1 | G47: 2 | H47: 4 | I47: 2 | J47: 7 | K47: 2 | L47: 8 | M47: 6 | N47: 2 | O47: 10 | P47: 5 | Q47: 6 | R47: 7 | S47: 1 | T47: 10 | U47: 1 | V47: 3 | W47: 1 | X47: 2 | Y47: 2 | Z47: 2 | AA47: 6 | AB47: 4 | AC47: 3 | AG47: =SUM(B47:AF47) -> 114
A48: 03:00 | C48: 5 | D48: 3 | F48: 2 | G48: 6 | H48: 2 | J48: 3 | K48: 9 | M48: 3 | N48: 4 | O48: 3 | P48: 1 | Q48: 1 | R48: 4 | S48: 1 | T48: 3 | V48: 1 | W48: 1 | X48: 2 | Y48: 2 | Z48: 1 | AA48: 8 | AB48: 2 | AG48: =SUM(B48:AF48) -> 67
A49: 04:00 | B49: 5 | E49: 2 | F49: 2 | G49: 2 | H49: 2 | J49: 3 | L49: 1 | O49: 3 | P49: 2 | Q49: 5 | R49: 3 | S49: 2 | T49: 1 | U49: 2 | V49: 3 | W49: 2 | Y49: 1 | Z49: 2 | AA49: 1 | AB49: 4 | AC49: 2 | AG49: =SUM(B49:AF49) -> 50
A50: 05:00 | B50: 2 | E50: 2 | F50: 1 | G50: 3 | H50: 3 | K50: 3 | L50: 2 | O50: 3 | P50: 2 | Q50: 6 | R50: 1 | S50: 3 | U50: 2 | W50: 2 | X50: 3 | Y50: 2 | Z50: 2 | AA50: 1 | AB50: 3 | AC50: 2 | AG50: =SUM(B50:AF50) -> 48
A51: 06:00 | B51: 2 | E51: 1 | H51: 1 | I51: 1 | J51: 1 | K51: 1 | L51: 1 | Q51: 1 | R51: 5 | T51: 2 | U51: 1 | W51: 1 | X51: 1 | Z51: 1 | AA51: 3 | AB51: 1 | AC51: 2 | AG51: =SUM(B51:AF51) -> 26
A52: 07:00 | B52: 4 | C52: 1 | D52: 2 | E52: 1 | H52: 1 | I52: 4 | J52: 2 | K52: 3 | O52: 2 | Q52: 6 | R52: 2 | S52: 2 | T52: 3 | W52: 2 | X52: 3 | Y52: 1 | Z52: 2 | AC52: 1 | AG52: =SUM(B52:AF52) -> 42
A53: Total de NSP | B53: =SUM(B54:B77) -> 3 | C53: =SUM(C54:C77) -> 8 | D53: =SUM(D54:D77) -> 7 | E53: =SUM(E54:E77) -> 19 | F53: =SUM(F54:F77) -> 36 | G53: =SUM(G54:G77) -> 11 | H53: =SUM(H54:H77) -> 9 | I53: =SUM(I54:I77) -> 16 | ... AF53: =SUM(AF54:AF77) -> 0 | AG53: =SUM(B53:AF53) -> 369
A54: 08:00 | X54: 1 | AG54: =SUM(B54:AF54) -> 1
A55: 09:00 | X55: 1 | AG55: =SUM(B55:AF55) -> 1
A56: 10:00 | J56: 1 | AG56: =SUM(B56:AF56) -> 1
A57: 11:00 | D57: 2 | J57: 1 | Q57: 3 | R57: 1 | AG57: =SUM(B57:AF57) -> 7
A58: 12:00 | C58: 1 | K58: 2 | AG58: =SUM(B58:AF58) -> 3
A59: 13:00 | D59: 1 | Q59: 5 | R59: 1 | T59: 1 | Y59: 1 | AG59: =SUM(B59:AF59) -> 9
A60: 14:00 | K60: 1 | R60: 5 | AG60: =SUM(B60:AF60) -> 6
A61: 15:00 | R61: 2 | Z61: 1 | AB61: 1 | AG61: =SUM(B61:AF61) -> 4
A62: 16:00 | K62: 1 | R62: 1 | Y62: 4 | AA62: 1 | AG62: =SUM(B62:AF62) -> 7
A63: 17:00 | C63: 1 | E63: 6 | F63: 5 | G63: 4 | H63: 2 | I63: 4 | J63: 1 | M63: 1 | N63: 1 | R63: 3 | W63: 1 | Y63: 1 | Z63: 2 | AB63: 1 | AC63: 1 | AG63: =SUM(B63:AF63) -> 34
A64: 18:00 | B64: 1 | C64: 1 | E64: 5 | F64: 2 | G64: 3 | H64: 2 | I64: 3 | J64: 3 | K64: 1 | L64: 3 | M64: 1 | N64: 1 | T64: 1 | U64: 1 | V64: 1 | Y64: 1 | AB64: 2 | AC64: 1 | AG64: =SUM(B64:AF64) -> 33
A65: 19:00 | C65: 1 | E65: 3 | F65: 3 | L65: 4 | N65: 1 | P65: 3 | R65: 2 | S65: 3 | T65: 3 | U65: 2 | V65: 4 | X65: 2 | AB65: 2 | AG65: =SUM(B65:AF65) -> 33
A66: 20:00 | C66: 1 | E66: 3 | F66: 4 | G66: 1 | H66: 1 | I66: 1 | J66: 2 | L66: 12 | M66: 1 | O66: 8 | P66: 1 | Q66: 1 | R66: 4 | S66: 1 | U66: 1 | V66: 5 | Z66: 9 | AA66: 8 | AC66: 3 | AG66: =SUM(B66:AF66) -> 67
A67: 21:00 | C67: 3 | E67: 1 | F67: 8 | G67: 2 | H67: 2 | I67: 1 | J67: 3 | L67: 8 | M67: 3 | N67: 2 | O67: 1 | S67: 9 | T67: 5 | AA67: 1 | AB67: 2 | AG67: =SUM(B67:AF67) -> 51
A68: 22:00 | D68: 2 | E68: 1 | F68: 6 | H68: 1 | I68: 3 | J68: 1 | K68: 1 | O68: 6 | P68: 1 | S68: 1 | T68: 8 | U68: 1 | V68: 1 | W68: 1 | X68: 1 | AA68: 1 | AB68: 1 | AC68: 2 | AG68: =SUM(B68:AF68) -> 39
A69: 23:00 | D69: 1 | F69: 4 | I69: 1 | M69: 1 | O69: 1 | R69: 5 | S69: 1 | X69: 1 | AB69: 5 | AG69: =SUM(B69:AF69) -> 20
A70: 00:00 | D70: 1 | F70: 3 | I70: 3 | O70: 1 | Q70: 2 | R70: 2 | AB70: 1 | AG70: =SUM(B70:AF70) -> 13
A71: 01:00 | B71: 2 | J71: 2 | M71: 2 | Q71: 1 | T71: 1 | AA71: 1 | AB71: 5 | AC71: 3 | AG71: =SUM(B71:AF71) -> 17
A72: 02:00 | F72: 1 | H72: 1 | M72: 1 | O72: 1 | Q72: 1 | T72: 4 | Z72: 1 | AC72: 4 | AG72: =SUM(B72:AF72) -> 14
A73: 03:00 | N73: 1 | O73: 1 | R73: 1 | AG73: =SUM(B73:AF73) -> 3
A74: 04:00 | G74: 1 | Q74: 1 | AG74: =SUM(B74:AF74) -> 2
A75: 05:00 | M75: 1 | Q75: 1 | AG75: =SUM(B75:AF75) -> 2
A76: 06:00 | S76: 1 | AG76: =SUM(B76:AF76) -> 1
A77: 07:00 | Z77: 1 | AG77: =SUM(B77:AF77) -> 1
A78: TOTAL PACIENTES INSCRITOS | B78: =SUM(B79:B80) -> 170 | C78: =SUM(C79:C80) -> 226 | D78: =SUM(D79:D80) -> 217 | E78: =SUM(E79:E80) -> 225 | F78: =SUM(F79:F80) -> 206 | G78: =SUM(G79:G80) -> 196 | H78: =SUM(H79:H80) -> 182 | I78: =SUM(I79:I80) -> 167 | ... AF78: =SUM(AF79:AF80) -> 0 | AG78: =SUM(B78:AF78) -> 5688
A79: SAR | B79: =SUM(B4:B27)-B80 -> 170 | C79: =SUM(C4:C27)-C80 -> 226 | D79: =SUM(D4:D27)-D80 -> 217 | E79: =SUM(E4:E27)-E80 -> 225 | F79: =SUM(F4:F27)-F80 -> 178 | G79: =SUM(G4:G27)-G80 -> 168 | H79: =SUM(H4:H27)-H80 -> 149 | I79: =SUM(I4:I27)-I80 -> 167 | ... AF79: =SUM(AF4:AF27)-AF80 -> 0 | AG79: =SUM(B79:AF79) -> 5069
A80: PAR | D80: 0 | E80: 0 | F80: =SUM(F4:F12) -> 28 | G80: =SUM(G4:G12) -> 28 | H80: =SUM(H4:H12) -> 33 | K80: 0 | L80: 0 | M80: =SUM(M4:M12) -> 24 | N80: =SUM(N4:N12) -> 48 | O80: =SUM(O4:O12) -> 17 | R80: =SUM(R4:R12) -> 115 | S80: =SUM(S4:S12) -> 37 | T80: =SUM(T4:T12) -> 38 | U80: =SUM(U4:U12) -> 26 | V80: =SUM(V4:V12) -> 37 | Y80: =SUM(Y4:Y12) -> 107 | AA80: =SUM(AA4:AA12) -> 32 | AB80: =SUM(AB4:AB12) -> 30 | AC80: =SUM(AC4:AC12) -> 19 | AF80: =SUM(AF4:AF12) -> 0 | AG80: =SUM(B80:AF80) -> 619
A81: TOTAL NSP | B81: =SUM(B82:B83) -> 3 | C81: =SUM(C82:C83) -> 8 | D81: =SUM(D82:D83) -> 7 | E81: =SUM(E82:E83) -> 19 | F81: =SUM(F82:F83) -> 36 | G81: =SUM(G82:G83) -> 11 | H81: =SUM(H82:H83) -> 9 | I81: =SUM(I82:I83) -> 16 | ... AF81: =SUM(AF82:AF83) -> 0 | AG81: =SUM(B81:AF81) -> 369 | AH81: =IF(AG81<>AG53,"*","")
A82: PAR | B82: =SUM(B54:B62) -> 0 | E82: =SUM(E54:E62) -> 0 | F82: =SUM(F54:F62) -> 0 | G82: =SUM(G54:G62) -> 0 | H82: =SUM(H54:H62) -> 0 | I82: =SUM(I54:I62) -> 0 | L82: =SUM(L54:L62) -> 0 | M82: =SUM(M54:M62) -> 0 | N82: =SUM(N54:N62) -> 0 | O82: =SUM(O54:O62) -> 0 | P82: =SUM(P54:P62) -> 0 | S82: =SUM(S54:S62) -> 0 | T82: =SUM(T54:T62) -> 1 | U82: =SUM(U54:U62) -> 0 | V82: =SUM(V54:V62) -> 0 | W82: =SUM(W54:W62) -> 0 | Z82: =SUM(Z54:Z62) -> 1 | AA82: =SUM(AA54:AA62) -> 1 | AB82: =SUM(AB54:AB62) -> 1 | AC82: =SUM(AC54:AC62) -> 0 | AD82: =SUM(AD54:AD62) -> 0 | AE82: =SUM(AE54:AE62) -> 0 | AF82: =SUM(AF54:AF62) -> 0 | AG82: =SUM(B82:AF82) -> 4
A83: SAR | B83: =SUM(B54:B77)-B82 -> 3 | C83: =SUM(C54:C77)-C82 -> 8 | D83: =SUM(D54:D77)-D82 -> 7 | E83: =SUM(E54:E77)-E82 -> 19 | F83: =SUM(F54:F77)-F82 -> 36 | G83: =SUM(G54:G77)-G82 -> 11 | H83: =SUM(H54:H77)-H82 -> 9 | I83: =SUM(I54:I77)-I82 -> 16 | ... AF83: =SUM(AF54:AF77)-AF82 -> 0 | AG83: =SUM(B83:AF83) -> 365
A84: NSP PEDIATR. / ADULTOS | B84: =SUM(B85:B86) -> 3 | C84: =SUM(C85:C86) -> 8 | D84: =SUM(D85:D86) -> 7 | E84: =SUM(E85:E86) -> 19 | F84: =SUM(F85:F86) -> 36 | G84: =SUM(G85:G86) -> 11 | H84: =SUM(H85:H86) -> 9 | I84: =SUM(I85:I86) -> 16 | ... AF84: =SUM(AF85:AF86) -> 0 | AG84: =SUM(B84:AF84) -> 369 | AH84: =IF(AG84<>AG82+AG83,"*","") | AI84: NSP
A85: NSP PEDIATRICOS (<15 AÑOS) | B85: 2 | C85: 1 | D85: 0 | E85: 1 | F85: 8 | G85: 2 | H85: 2 | I85: 1 | J85: 1 | K85: 1 | L85: 6 | M85: 2 | N85: 0 | O85: 2 | P85: 1 | Q85: 2 | R85: 7 | S85: 2 | T85: 3 | U85: 0 | V85: 0 | W85: 1 | X85: 1 | Y85: 0 | Z85: 1 | AA85: 0 | AB85: 6 | AC85: 2 | AG85: =SUM(B85:AF85) -> 55
A86: NSP ADULTOS | B86: 1 | C86: 7 | D86: 7 | E86: 18 | F86: 28 | G86: 9 | H86: 7 | I86: 15 | J86: 13 | K86: 5 | L86: 21 | M86: 9 | N86: 6 | O86: 17 | P86: 4 | Q86: 13 | R86: 20 | S86: 14 | T86: 20 | U86: 5 | V86: 11 | W86: 1 | X86: 5 | Y86: 7 | Z86: 13 | AA86: 12 | AB86: 14 | AC86: 12 | AG86: =SUM(B86:AF86) -> 314
A87: NSP CATEGORIZACION | B87: =SUM(B88:B92) -> 3 | C87: =SUM(C88:C92) -> 8 | D87: =SUM(D88:D92) -> 7 | E87: =SUM(E88:E92) -> 19 | F87: =SUM(F88:F92) -> 36 | G87: =SUM(G88:G92) -> 11 | H87: =SUM(H88:H92) -> 9 | I87: =SUM(I88:I92) -> 16 | ... AF87: =SUM(AF88:AF92) -> 0 | AG87: =SUM(B87:AF87) -> 369 | AH87: =IF(AG87<>AG84,"*","")
A88: SIN CATEGORIZACIÓN nsp | C88: 1 | D88: 1 | E88: 6 | F88: 6 | G88: 2 | H88: 3 | I88: 3 | J88: 6 | K88: 1 | L88: 7 | M88: 3 | N88: 4 | O88: 1 | P88: 0 | Q88: 2 | R88: 6 | S88: 4 | T88: 6 | U88: 1 | V88: 3 | W88: 1 | X88: 5 | Y88: 0 | Z88: 2 | AA88: 2 | AB88: 7 | AC88: 1 | AG88: =SUM(B88:AF88) -> 84
A89: C2 | AG89: =SUM(B89:AF89) -> 0
A90: C3 | H90: 1 | Q90: 1 | AG90: =SUM(B90:AF90) -> 2
A91: C4 | B91: 3 | C91: 2 | D91: 4 | E91: 7 | F91: 13 | G91: 6 | H91: 1 | I91: 3 | J91: 1 | K91: 2 | L91: 7 | M91: 2 | N91: 1 | O91: 4 | P91: 2 | Q91: 5 | R91: 9 | S91: 6 | T91: 2 | V91: 2 | W91: 1 | X91: 1 | Y91: 1 | Z91: 3 | AA91: 2 | AB91: 6 | AC91: 6 | AG91: =SUM(B91:AF91) -> 102
A92: C5 | C92: 5 | D92: 2 | E92: 6 | F92: 17 | G92: 3 | H92: 4 | I92: 10 | J92: 7 | K92: 3 | L92: 13 | M92: 6 | N92: 1 | O92: 14 | P92: 3 | Q92: 7 | R92: 12 | S92: 6 | T92: 15 | U92: 4 | V92: 6 | Y92: 6 | Z92: 9 | AA92: 8 | AB92: 7 | AC92: 7 | AG92: =SUM(B92:AF92) -> 181
A93: TOTAL PACIENTES ATENDIDOS | B93: =+B94+B100 -> 167 | C93: =+C94+C100 -> 218 | D93: =+D94+D100 -> 210 | E93: =+E94+E100 -> 206 | F93: =+F94+F100 -> 170 | G93: =+G94+G100 -> 185 | H93: =+H94+H100 -> 173 | I93: =+I94+I100 -> 151 | ... AF93: =+AF94+AF100 -> 0 | AG93: =SUM(B93:AF93) -> 5319 | AH93: =IF(AG93<>AG28,"*","")
A94: Menor 15 años | B94: =SUM(B95:B99) -> 35 | C94: =SUM(C95:C99) -> 28 | D94: =SUM(D95:D99) -> 30 | E94: =SUM(E95:E99) -> 18 | F94: =SUM(F95:F99) -> 23 | G94: =SUM(G95:G99) -> 21 | H94: =SUM(H95:H99) -> 31 | I94: =SUM(I95:I99) -> 26 | ... AF94: =SUM(AF95:AF99) -> 0 | AG94: =SUM(B94:AF94) -> 651
A95: Menor 1 Año | B95: 2 | C95: 1 | E95: 1 | F95: 0 | I95: 3 | J95: 1 | P95: 1 | Q95: 1 | R95: 2 | T95: 1 | U95: 1 | V95: 2 | X95: 1 | Z95: 2 | AA95: 2 | AC95: 1 | AG95: =SUM(B95:AF95) -> 22
A96: 1 Año | B96: 1 | C96: 3 | E96: 2 | F96: 0 | H96: 3 | I96: 2 | J96: 3 | K96: 1 | L96: 4 | N96: 1 | O96: 1 | P96: 2 | Q96: 4 | R96: 6 | S96: 1 | U96: 2 | V96: 1 | X96: 2 | Y96: 1 | AA96: 3 | AG96: =SUM(B96:AF96) -> 43
A97: 2 - 4 | B97: 7 | C97: 4 | D97: 11 | E97: 4 | F97: 7 | G97: 2 | H97: 4 | I97: 5 | J97: 7 | K97: 7 | L97: 5 | M97: 3 | N97: 5 | O97: 5 | P97: 5 | Q97: 4 | R97: 9 | S97: 4 | T97: 2 | U97: 5 | V97: 7 | W97: 5 | X97: 4 | Y97: 10 | Z97: 1 | AA97: 3 | AB97: 1 | AC97: 1 | AG97: =SUM(B97:AF97) -> 137
A98: 5 - 9 | B98: 12 | C98: 9 | D98: 8 | E98: 6 | F98: 11 | G98: 11 | H98: 18 | I98: 7 | J98: 9 | K98: 6 | L98: 21 | M98: 5 | N98: 11 | O98: 5 | P98: 7 | Q98: 6 | R98: 7 | S98: 9 | T98: 4 | U98: 7 | V98: 6 | W98: 6 | X98: 6 | Y98: 10 | Z98: 7 | AA98: 5 | AB98: 6 | AC98: 6 | AG98: =SUM(B98:AF98) -> 231
A99: 10 - 14 | B99: 13 | C99: 11 | D99: 11 | E99: 5 | F99: 5 | G99: 8 | H99: 6 | I99: 9 | J99: 11 | K99: 9 | L99: 9 | M99: 6 | N99: 6 | O99: 4 | P99: 5 | Q99: 10 | R99: 5 | S99: 14 | T99: 10 | U99: 3 | V99: 9 | W99: 10 | X99: 9 | Y99: 9 | Z99: 3 | AA99: 8 | AB99: 7 | AC99: 3 | AG99: =SUM(B99:AF99) -> 218
A100: Mayor de 15 años | B100: =SUM(B101:B115) -> 132 | C100: =SUM(C101:C115) -> 190 | D100: =SUM(D101:D115) -> 180 | E100: =SUM(E101:E115) -> 188 | F100: =SUM(F101:F115) -> 147 | G100: =SUM(G101:G115) -> 164 | H100: =SUM(H101:H115) -> 142 | I100: =SUM(I101:I115) -> 125 | ... AF100: =SUM(AF101:AF115) -> 0 | AG100: =SUM(B100:AF100) -> 4668
A101: 15 - 19 | B101: 11 | C101: 18 | D101: 12 | E101: 18 | F101: 12 | G101: 11 | H101: 16 | I101: 7 | J101: 25 | K101: 17 | L101: 17 | M101: 13 | N101: 17 | O101: 15 | P101: 15 | Q101: 14 | R101: 15 | S101: 11 | T101: 14 | U101: 17 | V101: 15 | W101: 9 | X101: 16 | Y101: 15 | Z101: 17 | AA101: 16 | AB101: 9 | AC101: 19 | AG101: =SUM(B101:AF101) -> 411
...

Sheet MARZO
A2: MARZO | B2: 1 | C2: =+B2+1 -> 2 | D2: =+C2+1 -> 3 | E2: =+D2+1 -> 4 | F2: =+E2+1 -> 5 | G2: =+F2+1 -> 6 | H2: =+G2+1 -> 7 | I2: =+H2+1 -> 8 | J2: =+I2+1 -> 9 | ... AA2: =+Z2+1 -> 26 | AB2: 27 | AC2: =+AB2+1 -> 28 | AD2: 29 | AE2: 30 | AF2: 31 | AG2: TOTAL
A3: Total de Inscritos | B3: =SUM(B4:B27) -> 188 | C3: =SUM(C4:C27) -> 224 | D3: =SUM(D4:D27) -> 197 | E3: =SUM(E4:E27) -> 186 | F3: =SUM(F4:F27) -> 185 | G3: =SUM(G4:G27) -> 168 | H3: =SUM(H4:H27) -> 174 | I3: =SUM(I4:I27) -> 167 | ... AF3: =SUM(AF4:AF27) -> 237 | AG3: =SUM(B3:AF3) -> 6448
A4: 08:00 | C4: 8 | D4: 5 | J4: 5 | K4: 4 | R4: 4 | X4: 15 | Y4: 2 | AE4: 9 | AF4: 2 | AG4: =SUM(B4:AF4) -> 54
A5: 09:00 | C5: 6 | D5: 4 | J5: 7 | K5: 9 | Q5: 4 | R5: 12 | X5: 9 | Y5: 7 | AE5: 10 | AF5: 13 | AG5: =SUM(B5:AF5) -> 81
A6: 10:00 | C6: 11 | D6: 12 | E6: 1 | J6: 12 | K6: 6 | Q6: 6 | R6: 12 | X6: 8 | Y6: 12 | AE6: 11 | AF6: 17 | AG6: =SUM(B6:AF6) -> 108
A7: 11:00 | B7: 7 | C7: 21 | D7: 16 | E7: 9 | F7: 15 | G7: 8 | H7: 16 | I7: 3 | J7: 16 | K7: 17 | L7: 9 | M7: 16 | N7: 12 | O7: 8 | P7: 14 | Q7: 31 | R7: 28 | S7: 11 | T7: 11 | U7: 8 | V7: 9 | W7: 5 | X7: 18 | Y7: 28 | Z7: 14 | AA7: 13 | AB7: 7 | AC7: 12 | AD7: 9 | AE7: 14 | AF7: 13 | AG7: =SUM(B7:AF7) -> 418
A8: 12:00 | B8: 15 | C8: 9 | D8: 13 | E8: 7 | F8: 3 | G8: 2 | H8: 2 | I8: 3 | J8: 7 | K8: 17 | L8: 6 | M8: 7 | O8: 5 | P8: 4 | Q8: 10 | R8: 18 | S8: 9 | T8: 4 | U8: 10 | V8: 1 | W8: 8 | X8: 21 | Y8: 17 | Z8: 11 | AA8: 4 | AB8: 4 | AC8: 3 | AD8: 5 | AE8: 21 | AF8: 21 | AG8: =SUM(B8:AF8) -> 267
A9: 13:00 | B9: 4 | C9: 15 | D9: 9 | E9: 4 | F9: 1 | G9: 6 | H9: 2 | I9: 4 | J9: 12 | K9: 7 | L9: 3 | M9: 4 | N9: 4 | O9: 3 | P9: 4 | Q9: 5 | R9: 14 | S9: 3 | T9: 5 | U9: 4 | V9: 3 | W9: 3 | X9: 9 | Y9: 13 | Z9: 7 | AA9: 6 | AB9: 6 | AC9: 2 | AD9: 2 | AE9: 17 | AF9: 10 | AG9: =SUM(B9:AF9) -> 191
A10: 14:00 | B10: 3 | C10: 11 | D10: 9 | E10: 5 | F10: 6 | G10: 1 | H10: 5 | I10: 2 | J10: 11 | K10: 8 | L10: 3 | M10: 3 | N10: 6 | O10: 4 | Q10: 32 | R10: 13 | S10: 1 | T10: 4 | U10: 6 | V10: 4 | W10: 5 | X10: 15 | Y10: 19 | Z10: 7 | AA10: 6 | AB10: 4 | AC10: 5 | AD10: 5 | AE10: 11 | AF10: 19 | AG10: =SUM(B10:AF10) -> 233
A11: 15:00 | B11: 2 | C11: 14 | D11: 13 | E11: 3 | F11: 9 | G11: 8 | H11: 4 | I11: 2 | J11: 10 | K11: 12 | L11: 7 | M11: 6 | N11: 8 | O11: 3 | P11: 2 | Q11: 23 | R11: 10 | S11: 2 | T11: 7 | U11: 4 | V11: 2 | W11: 2 | X11: 18 | Y11: 16 | Z11: 4 | AA11: 4 | AB11: 5 | AC11: 4 | AD11: 6 | AE11: 19 | AF11: 19 | AG11: =SUM(B11:AF11) -> 248
A12: 16:00 | B12: 4 | C12: 14 | D12: 20 | E12: 2 | F12: 5 | G12: 4 | H12: 3 | I12: 3 | J12: 22 | K12: 15 | L12: 3 | M12: 2 | N12: 5 | O12: 1 | P12: 2 | Q12: 28 | R12: 20 | S12: 1 | T12: 4 | U12: 2 | V12: 7 | W12: 5 | X12: 23 | Y12: 24 | Z12: 5 | AA12: 5 | AC12: 1 | AD12: 3 | AE12: 12 | AF12: 16 | AG12: =SUM(B12:AF12) -> 261
A13: 17:00 | B13: 41 | C13: 13 | D13: 11 | E13: 43 | F13: 46 | G13: 45 | H13: 50 | I13: 36 | J13: 19 | K13: 13 | L13: 46 | M13: 52 | N13: 48 | O13: 52 | P13: 48 | Q13: 27 | R13: 14 | S13: 75 | T13: 68 | U13: 53 | V13: 53 | W13: 60 | X13: 22 | Y13: 15 | Z13: 74 | AA13: 63 | AB13: 58 | AC13: 40 | AD13: 50 | AE13: 20 | AF13: 24 | AG13: =SUM(B13:AF13) -> 1279
A14: 18:00 | B14: 13 | C14: 11 | D14: 11 | E14: 17 | F14: 24 | G14: 18 | H14: 25 | I14: 13 | J14: 21 | K14: 10 | L14: 17 | M14: 18 | N14: 19 | O14: 25 | P14: 17 | Q14: 12 | R14: 19 | S14: 32 | T14: 19 | U14: 22 | V14: 25 | W14: 26 | X14: 12 | Y14: 20 | Z14: 15 | AA14: 21 | AB14: 23 | AC14: 21 | AD14: 29 | AE14: 18 | AF14: 12 | AG14: =SUM(B14:AF14) -> 585
A15: 19:00 | B15: 21 | C15: 21 | D15: 10 | E15: 18 | F15: 16 | G15: 17 | H15: 20 | I15: 14 | J15: 20 | K15: 16 | L15: 23 | M15: 20 | N15: 21 | O15: 14 | P15: 21 | Q15: 21 | R15: 14 | S15: 25 | T15: 19 | U15: 22 | V15: 23 | W15: 14 | X15: 15 | Y15: 10 | Z15: 17 | AA15: 19 | AB15: 22 | AC15: 17 | AD15: 19 | AE15: 13 | AF15: 16 | AG15: =SUM(B15:AF15) -> 558
A16: 20:00 | B16: 13 | C16: 9 | D16: 18 | E16: 18 | F16: 14 | G16: 14 | H16: 10 | I16: 22 | J16: 16 | K16: 14 | L16: 22 | M16: 13 | N16: 16 | O16: 8 | P16: 15 | Q16: 17 | R16: 12 | S16: 20 | T16: 25 | U16: 17 | V16: 17 | W16: 24 | X16: 12 | Y16: 14 | Z16: 32 | AA16: 15 | AB16: 16 | AC16: 20 | AD16: 15 | AE16: 16 | AF16: 11 | AG16: =SUM(B16:AF16) -> 505
A17: 21:00 | B17: 16 | C17: 15 | D17: 15 | E17: 22 | F17: 17 | G17: 17 | H17: 13 | I17: 15 | J17: 11 | K17: 12 | L17: 16 | M17: 17 | N17: 22 | O17: 11 | P17: 19 | Q17: 13 | R17: 18 | S17: 16 | T17: 21 | U17: 14 | V17: 19 | W17: 12 | X17: 13 | Y17: 20 | Z17: 32 | AA17: 19 | AB17: 15 | AC17: 11 | AD17: 14 | AE17: 10 | AF17: 12 | AG17: =SUM(B17:AF17) -> 497
A18: 22:00 | B18: 12 | C18: 7 | D18: 7 | E18: 10 | F18: 11 | G18: 7 | H18: 9 | I18: 14 | J18: 12 | K18: 14 | L18: 17 | M18: 9 | N18: 14 | O18: 10 | P18: 12 | Q18: 10 | R18: 11 | S18: 13 | T18: 8 | U18: 19 | V18: 12 | W18: 16 | X18: 9 | Y18: 5 | Z18: 29 | AA18: 12 | AB18: 9 | AC18: 16 | AD18: 16 | AE18: 12 | AF18: 10 | AG18: =SUM(B18:AF18) -> 372
A19: 23:00 | B19: 11 | C19: 8 | D19: 12 | E19: 10 | F19: 5 | G19: 9 | H19: 8 | I19: 10 | J19: 6 | K19: 10 | L19: 7 | M19: 13 | N19: 6 | O19: 11 | P19: 7 | Q19: 9 | R19: 8 | S19: 8 | T19: 13 | U19: 6 | V19: 9 | W19: 7 | X19: 8 | Y19: 6 | Z19: 9 | AA19: 11 | AB19: 11 | AC19: 11 | AD19: 7 | AE19: 9 | AG19: =SUM(B19:AF19) -> 265
A20: 00:00 | B20: 7 | C20: 10 | D20: 5 | E20: 8 | F20: 7 | G20: 4 | I20: 6 | J20: 2 | K20: 6 | L20: 6 | M20: 1 | N20: 2 | O20: 3 | P20: 5 | Q20: 1 | R20: 4 | S20: 6 | T20: 5 | U20: 4 | V20: 4 | W20: 1 | X20: 5 | Y20: 5 | Z20: 6 | AA20: 3 | AB20: 2 | AC20: 4 | AD20: 7 | AE20: 12 | AF20: 5 | AG20: =SUM(B20:AF20) -> 146
A21: 01:00 | B21: 2 | C21: 4 | D21: 4 | E21: 5 | F21: 4 | G21: 4 | H21: 3 | I21: 2 | J21: 3 | K21: 3 | L21: 4 | M21: 3 | N21: 4 | O21: 2 | P21: 3 | Q21: 3 | R21: 5 | S21: 3 | T21: 2 | U21: 1 | V21: 3 | W21: 7 | X21: 5 | Y21: 6 | Z21: 5 | AA21: 1 | AB21: 2 | AC21: 3 | AD21: 9 | AE21: 4 | AF21: 10 | AG21: =SUM(B21:AF21) -> 119
A22: 02:00 | B22: 1 | C22: 4 | D22: 1 | H22: 1 | I22: 7 | K22: 2 | L22: 5 | M22: 2 | N22: 1 | O22: 1 | P22: 2 | Q22: 3 | R22: 3 | T22: 2 | U22: 5 | V22: 3 | W22: 3 | X22: 3 | Y22: 4 | Z22: 1 | AB22: 3 | AC22: 1 | AD22: 2 | AG22: =SUM(B22:AF22) -> 60
A23: 03:00 | B23: 6 | C23: 2 | D23: 1 | G23: 1 | H23: 1 | I23: 4 | J23: 1 | K23: 2 | L23: 1 | M23: 1 | N23: 2 | O23: 1 | Q23: 2 | R23: 3 | S23: 1 | T23: 1 | U23: 1 | V23: 2 | X23: 3 | Y23: 2 | Z23: 2 | AA23: 1 | AD23: 2 | AE23: 2 | AF23: 1 | AG23: =SUM(B23:AF23) -> 46
A24: 04:00 | B24: 3 | C24: 5 | E24: 1 | F24: 2 | H24: 1 | I24: 1 | J24: 1 | K24: 1 | L24: 1 | M24: 2 | N24: 1 | O24: 4 | P24: 1 | Q24: 2 | R24: 3 | T24: 3 | V24: 1 | W24: 1 | X24: 2 | Y24: 1 | Z24: 2 | AA24: 3 | AC24: 2 | AD24: 1 | AE24: 3 | AF24: 1 | AG24: =SUM(B24:AF24) -> 49
A25: 05:00 | B25: 3 | C25: 1 | E25: 3 | G25: 1 | I25: 1 | J25: 6 | M25: 1 | N25: 1 | P25: 2 | Q25: 3 | S25: 1 | U25: 2 | V25: 3 | W25: 2 | X25: 2 | Z25: 2 | AA25: 1 | AB25: 1 | AD25: 3 | AE25: 1 | AF25: 2 | AG25: =SUM(B25:AF25) -> 42
A26: 06:00 | B26: 2 | C26: 1 | D26: 1 | H26: 1 | J26: 1 | M26: 1 | P26: 2 | Q26: 1 | U26: 2 | W26: 3 | X26: 2 | AB26: 2 | AC26: 1 | AD26: 1 | AE26: 3 | AF26: 1 | AG26: =SUM(B26:AF26) -> 25
A27: 07:00 | B27: 2 | C27: 4 | G27: 2 | I27: 5 | J27: 3 | L27: 1 | P27: 2 | Q27: 6 | R27: 1 | W27: 4 | Y27: 1 | AC27: 2 | AD27: 3 | AE27: 1 | AF27: 2 | AG27: =SUM(B27:AF27) -> 39
A28: Total de atendidos | B28: =SUM(B29:B52) -> 172 | C28: =SUM(C29:C52) -> 219 | D28: =SUM(D29:D52) -> 194 | E28: =SUM(E29:E52) -> 170 | F28: =SUM(F29:F52) -> 174 | G28: =SUM(G29:G52) -> 154 | H28: =SUM(H29:H52) -> 158 | I28: =SUM(I29:I52) -> 157 | ... AF28: =SUM(AF29:AF52) -> 223 | AG28: =SUM(B28:AF28) -> 5734
A29: 08:00 | B29: 1 | C29: 2 | D29: 3 | I29: 4 | K29: 2 | Q29: 1 | R29: 1 | Y29: 1 | AD29: 2 | AE29: 3 | AG29: =SUM(B29:AF29) -> 20
A30: 09:00 | C30: 8 | D30: 4 | J30: 12 | K30: 6 | Q30: 1 | R30: 6 | X30: 6 | Y30: 6 | AE30: 6 | AF30: 7 | AG30: =SUM(B30:AF30) -> 62
A31: 10:00 | C31: 11 | D31: 9 | J31: 7 | K31: 10 | R31: 15 | X31: 9 | Y31: 7 | AE31: 12 | AF31: 13 | AG31: =SUM(B31:AF31) -> 93
A32: 11:00 | B32: 4 | C32: 15 | D32: 12 | E32: 3 | F32: 5 | G32: 5 | H32: 6 | I32: 2 | J32: 15 | K32: 9 | L32: 3 | M32: 1 | N32: 5 | O32: 3 | P32: 4 | Q32: 20 | R32: 16 | S32: 2 | T32: 4 | U32: 2 | V32: 7 | W32: 5 | X32: 8 | Y32: 7 | Z32: 2 | AA32: 4 | AB32: 5 | AC32: 4 | AD32: 3 | AE32: 12 | AF32: 18 | AG32: =SUM(B32:AF32) -> 211
A33: 12:00 | B33: 8 | C33: 10 | D33: 13 | E33: 9 | F33: 9 | G33: 4 | H33: 7 | I33: 3 | J33: 11 | K33: 15 | L33: 9 | M33: 4 | N33: 7 | O33: 5 | P33: 9 | Q33: 9 | R33: 11 | S33: 8 | T33: 9 | U33: 10 | V33: 2 | W33: 8 | X33: 9 | Y33: 10 | Z33: 9 | AA33: 10 | AB33: 4 | AC33: 8 | AD33: 7 | AE33: 15 | AF33: 14 | AG33: =SUM(B33:AF33) -> 266
A34: 13:00 | B34: 4 | C34: 11 | D34: 11 | E34: 6 | F34: 1 | G34: 2 | I34: 2 | J34: 8 | K34: 12 | L34: 1 | M34: 1 | N34: 2 | P34: 3 | Q34: 7 | R34: 7 | S34: 3 | T34: 2 | V34: 1 | W34: 3 | X34: 8 | Y34: 9 | Z34: 5 | AA34: 5 | AB34: 3 | AC34: 3 | AD34: 2 | AE34: 9 | AF34: 13 | AG34: =SUM(B34:AF34) -> 144
A35: 14:00 | B35: 4 | C35: 13 | D35: 8 | E35: 4 | F35: 6 | G35: 4 | H35: 6 | I35: 3 | J35: 12 | K35: 12 | L35: 6 | M35: 5 | N35: 3 | O35: 4 | P35: 4 | Q35: 17 | R35: 10 | S35: 4 | T35: 4 | U35: 6 | V35: 5 | W35: 5 | X35: 8 | Y35: 11 | Z35: 8 | AA35: 3 | AB35: 6 | AC35: 7 | AD35: 2 | AE35: 11 | AF35: 15 | AG35: =SUM(B35:AF35) -> 216
A36: 15:00 | B36: 9 | C36: 17 | D36: 13 | E36: 2 | F36: 9 | G36: 4 | H36: 8 | I36: 1 | J36: 10 | K36: 7 | L36: 7 | M36: 3 | N36: 7 | O36: 6 | P36: 3 | Q36: 26 | R36: 11 | S36: 8 | T36: 7 | U36: 9 | V36: 4 | W36: 2 | X36: 14 | Y36: 11 | Z36: 14 | AA36: 7 | AB36: 6 | AC36: 1 | AD36: 8 | AE36: 12 | AF36: 11 | AG36: =SUM(B36:AF36) -> 257
A37: 16:00 | B37: 4 | C37: 16 | D37: 15 | E37: 3 | F37: 5 | G37: 5 | H37: 4 | I37: 3 | J37: 10 | K37: 17 | L37: 1 | M37: 5 | N37: 3 | O37: 3 | Q37: 11 | R37: 19 | S37: 1 | T37: 3 | U37: 3 | V37: 4 | W37: 5 | X37: 16 | Y37: 9 | Z37: 8 | AA37: 2 | AB37: 1 | AC37: 4 | AD37: 3 | AE37: 14 | AF37: 14 | AG37: =SUM(B37:AF37) -> 211
A38: 17:00 | B38: 3 | C38: 13 | D38: 17 | E38: 5 | F38: 13 | G38: 16 | H38: 10 | I38: 7 | J38: 17 | K38: 10 | L38: 3 | M38: 12 | N38: 3 | O38: 6 | P38: 13 | Q38: 12 | R38: 18 | S38: 6 | T38: 9 | U38: 8 | V38: 9 | W38: 55 | X38: 14 | Y38: 21 | Z38: 8 | AA38: 3 | AB38: 10 | AC38: 6 | AD38: 10 | AE38: 17 | AF38: 20 | AG38: =SUM(B38:AF38) -> 374
A39: 18:00 | B39: 19 | C39: 9 | D39: 11 | E39: 14 | F39: 27 | G39: 20 | H39: 14 | I39: 21 | J39: 14 | K39: 14 | L39: 6 | M39: 18 | N39: 21 | O39: 16 | P39: 31 | Q39: 10 | R39: 21 | S39: 19 | T39: 29 | U39: 19 | V39: 20 | W39: 23 | X39: 15 | Y39: 14 | Z39: 18 | AA39: 22 | AB39: 22 | AC39: 15 | AD39: 28 | AE39: 15 | AF39: 11 | AG39: =SUM(B39:AF39) -> 556
A40: 19:00 | B40: 26 | C40: 16 | D40: 12 | E40: 22 | F40: 27 | G40: 19 | H40: 21 | I40: 23 | J40: 6 | K40: 12 | L40: 34 | M40: 17 | N40: 20 | O40: 22 | P40: 24 | Q40: 15 | R40: 10 | S40: 17 | T40: 25 | U40: 24 | V40: 22 | W40: 10 | X40: 9 | Y40: 13 | Z40: 22 | AA40: 27 | AB40: 23 | AC40: 22 | AD40: 22 | AE40: 15 | AF40: 15 | AG40: =SUM(B40:AF40) -> 592
A41: 20:00 | B41: 10 | C41: 14 | D41: 12 | E41: 27 | F41: 22 | G41: 15 | H41: 24 | I41: 13 | J41: 8 | K41: 10 | L41: 32 | M41: 17 | N41: 21 | O41: 22 | P41: 24 | Q41: 19 | R41: 15 | S41: 24 | T41: 26 | U41: 20 | V41: 21 | W41: 19 | X41: 18 | Y41: 14 | Z41: 32 | AA41: 23 | AB41: 22 | AC41: 21 | AD41: 11 | AE41: 10 | AF41: 15 | AG41: =SUM(B41:AF41) -> 581
A42: 21:00 | B42: 13 | C42: 13 | D42: 10 | E42: 24 | F42: 19 | G42: 16 | H42: 21 | I42: 16 | J42: 16 | K42: 17 | L42: 27 | M42: 16 | N42: 16 | O42: 19 | P42: 16 | Q42: 14 | R42: 12 | S42: 32 | T42: 20 | U42: 17 | V42: 27 | W42: 10 | X42: 21 | Y42: 21 | Z42: 48 | AA42: 18 | AB42: 24 | AC42: 18 | AD42: 20 | AE42: 10 | AF42: 19 | AG42: =SUM(B42:AF42) -> 590
A43: 22:00 | B43: 19 | C43: 10 | D43: 9 | E43: 18 | F43: 10 | G43: 11 | H43: 15 | I43: 23 | J43: 10 | K43: 10 | L43: 20 | M43: 15 | N43: 20 | O43: 20 | P43: 10 | Q43: 11 | R43: 4 | S43: 25 | T43: 19 | U43: 21 | V43: 15 | W43: 15 | X43: 8 | Y43: 7 | Z43: 16 | AA43: 8 | AB43: 11 | AC43: 14 | AD43: 20 | AE43: 10 | AF43: 3 | AG43: =SUM(B43:AF43) -> 427
A44: 23:00 | B44: 17 | C44: 10 | D44: 9 | E44: 16 | F44: 6 | G44: 13 | H44: 11 | I44: 7 | J44: 18 | K44: 12 | L44: 10 | M44: 8 | N44: 14 | O44: 9 | P44: 11 | Q44: 14 | R44: 7 | S44: 14 | T44: 8 | U44: 14 | V44: 15 | W44: 7 | X44: 10 | Y44: 10 | Z44: 16 | AA44: 11 | AB44: 11 | AC44: 13 | AD44: 9 | AE44: 9 | AF44: 9 | AG44: =SUM(B44:AF44) -> 348
A45: 00:00 | B45: 5 | C45: 11 | D45: 11 | E45: 4 | F45: 3 | G45: 11 | H45: 4 | I45: 4 | J45: 23 | K45: 7 | L45: 3 | M45: 7 | N45: 7 | O45: 5 | P45: 12 | Q45: 13 | R45: 16 | S45: 12 | T45: 6 | U45: 9 | V45: 9 | W45: 1 | X45: 13 | Y45: 8 | Z45: 16 | AA45: 12 | AB45: 10 | AC45: 1 | AD45: 3 | AE45: 8 | AF45: 8 | AG45: =SUM(B45:AF45) -> 262
A46: 01:00 | B46: 3 | C46: 5 | D46: 8 | E46: 6 | F46: 6 | G46: 5 | H46: 2 | I46: 3 | K46: 8 | L46: 7 | M46: 6 | N46: 6 | O46: 5 | P46: 4 | Q46: 3 | R46: 6 | S46: 3 | T46: 9 | U46: 5 | V46: 4 | W46: 6 | X46: 10 | Y46: 6 | Z46: 7 | AA46: 11 | AB46: 7 | AC46: 4 | AD46: 4 | AE46: 9 | AF46: 8 | AG46: =SUM(B46:AF46) -> 176
A47: 02:00 | B47: 5 | C47: 4 | D47: 5 | E47: 3 | F47: 4 | H47: 2 | I47: 6 | K47: 1 | L47: 2 | M47: 5 | N47: 5 | O47: 1 | Q47: 3 | R47: 4 | S47: 1 | T47: 5 | U47: 4 | V47: 5 | W47: 3 | X47: 6 | Y47: 6 | Z47: 8 | AA47: 6 | AB47: 2 | AC47: 7 | AD47: 6 | AE47: 4 | AF47: 3 | AG47: =SUM(B47:AF47) -> 116
A48: 03:00 | B48: 5 | C48: 2 | G48: 1 | I48: 9 | K48: 3 | L48: 4 | M48: 2 | N48: 2 | O48: 1 | P48: 2 | Q48: 3 | R48: 7 | T48: 1 | V48: 2 | X48: 1 | Y48: 4 | Z48: 2 | AB48: 4 | AC48: 3 | AD48: 2 | AE48: 4 | AF48: 1 | AG48: =SUM(B48:AF48) -> 65
A49: 04:00 | B49: 2 | C49: 3 | D49: 1 | E49: 1 | F49: 2 | H49: 1 | I49: 4 | K49: 1 | L49: 1 | M49: 1 | O49: 2 | Q49: 2 | R49: 2 | S49: 1 | T49: 4 | U49: 1 | V49: 1 | W49: 1 | X49: 2 | Y49: 2 | Z49: 2 | AA49: 4 | AC49: 3 | AD49: 3 | AE49: 6 | AF49: 1 | AG49: =SUM(B49:AF49) -> 54
A50: 05:00 | B50: 5 | C50: 4 | G50: 1 | H50: 1 | I50: 2 | L50: 1 | M50: 1 | N50: 1 | O50: 2 | P50: 1 | Q50: 3 | R50: 2 | S50: 1 | U50: 3 | V50: 3 | W50: 2 | X50: 4 | Z50: 2 | AC50: 1 | AD50: 7 | AE50: 3 | AF50: 2 | AG50: =SUM(B50:AF50) -> 52
A51: 06:00 | B51: 4 | D51: 1 | E51: 3 | H51: 1 | M51: 2 | N51: 1 | P51: 3 | Q51: 3 | U51: 2 | W51: 3 | X51: 2 | AA51: 1 | AB51: 2 | AD51: 2 | AE51: 2 | AG51: =SUM(B51:AF51) -> 32
A52: 07:00 | B52: 2 | C52: 2 | G52: 2 | I52: 1 | L52: 1 | P52: 3 | Q52: 3 | R52: 1 | W52: 4 | AC52: 3 | AD52: 3 | AE52: 1 | AF52: 3 | AG52: =SUM(B52:AF52) -> 29
A53: Total de NSP | B53: =SUM(B54:B77) -> 16 | C53: =SUM(C54:C77) -> 5 | D53: =SUM(D54:D77) -> 3 | E53: =SUM(E54:E77) -> 16 | F53: =SUM(F54:F77) -> 11 | G53: =SUM(G54:G77) -> 14 | H53: =SUM(H54:H77) -> 16 | I53: =SUM(I54:I77) -> 10 | ... AF53: =SUM(AF54:AF77) -> 14 | AG53: =SUM(B53:AF53) -> 714
A54: 08:00 | C54: 1 | AG54: =SUM(B54:AF54) -> 1
A55: 09:00 | AF55: 1 | AG55: =SUM(B55:AF55) -> 1
A56: 10:00 | J56: 1 | AG56: =SUM(B56:AF56) -> 1
A57: 11:00 | C57: 2 | X57: 1 | AG57: =SUM(B57:AF57) -> 3
A58: 12:00 | E58: 1 | L58: 1 | S58: 1 | X58: 2 | Y58: 3 | AG58: =SUM(B58:AF58) -> 8
A59: 13:00 | E59: 1 | O59: 1 | Q59: 2 | X59: 2 | Y59: 1 | AA59: 2 | AE59: 2 | AG59: =SUM(B59:AF59) -> 11
A60: 14:00 | H60: 1 | M60: 1 | O60: 2 | Q60: 2 | R60: 1 | T60: 2 | U60: 1 | X60: 3 | Y60: 1 | Z60: 1 | AA60: 1 | AB60: 1 | AE60: 1 | AG60: =SUM(B60:AF60) -> 18
A61: 15:00 | D61: 1 | E61: 1 | J61: 1 | Q61: 4 | R61: 6 | X61: 3 | Y61: 5 | AE61: 2 | AG61: =SUM(B61:AF61) -> 23
A62: 16:00 | C62: 1 | J62: 2 | M62: 4 | P62: 1 | Q62: 2 | X62: 8 | Y62: 4 | AA62: 1 | AE62: 1 | AF62: 1 | AG62: =SUM(B62:AF62) -> 25
A63: 17:00 | F63: 2 | G63: 1 | M63: 3 | R63: 7 | S63: 2 | T63: 1 | X63: 2 | Y63: 16 | Z63: 2 | AB63: 1 | AE63: 1 | AF63: 2 | AG63: =SUM(B63:AF63) -> 40
A64: 18:00 | D64: 1 | E64: 1 | G64: 1 | H64: 1 | I64: 1 | L64: 3 | M64: 3 | N64: 1 | O64: 2 | R64: 1 | S64: 3 | T64: 1 | U64: 4 | V64: 3 | W64: 3 | X64: 1 | Y64: 4 | Z64: 3 | AA64: 2 | AB64: 2 | AC64: 1 | AD64: 2 | AF64: 2 | AG64: =SUM(B64:AF64) -> 46
A65: 19:00 | B65: 1 | E65: 5 | F65: 3 | G65: 3 | H65: 2 | I65: 1 | J65: 2 | L65: 3 | M65: 5 | N65: 2 | O65: 1 | P65: 1 | Q65: 9 | R65: 1 | S65: 6 | U65: 9 | V65: 1 | W65: 3 | X65: 3 | Z65: 5 | AA65: 4 | AB65: 1 | AD65: 1 | AE65: 1 | AF65: 2 | AG65: =SUM(B65:AF65) -> 75
A66: 20:00 | B66: 1 | E66: 1 | F66: 4 | G66: 1 | H66: 10 | I66: 3 | J66: 5 | L66: 6 | M66: 2 | N66: 2 | O66: 4 | P66: 1 | Q66: 5 | R66: 1 | S66: 6 | T66: 3 | U66: 5 | V66: 2 | W66: 4 | X66: 5 | Y66: 7 | Z66: 5 | AA66: 2 | AB66: 2 | AC66: 7 | AD66: 4 | AG66: =SUM(B66:AF66) -> 98
A67: 21:00 | B67: 2 | G67: 3 | H67: 1 | J67: 4 | L67: 6 | M67: 6 | N67: 3 | O67: 4 | Q67: 6 | R67: 1 | S67: 4 | T67: 8 | U67: 1 | V67: 10 | X67: 5 | Y67: 4 | Z67: 2 | AA67: 3 | AB67: 3 | AC67: 2 | AD67: 2 | AE67: 10 | AF67: 3 | AG67: =SUM(B67:AF67) -> 93
A68: 22:00 | B68: 5 | E68: 6 | F68: 2 | G68: 3 | J68: 6 | K68: 3 | M68: 5 | N68: 6 | Q68: 1 | R68: 3 | S68: 2 | T68: 8 | U68: 1 | V68: 5 | W68: 3 | X68: 2 | Y68: 1 | Z68: 2 | AA68: 3 | AB68: 1 | AD68: 2 | AE68: 4 | AG68: =SUM(B68:AF68) -> 74
A69: 23:00 | G69: 1 | H69: 1 | J69: 4 | N69: 2 | O69: 1 | P69: 1 | Q69: 10 | S69: 22 | T69: 5 | V69: 3 | W69: 5 | AA69: 7 | AB69: 2 | AC69: 2 | AF69: 3 | AG69: =SUM(B69:AF69) -> 69
A70: 00:00 | D70: 1 | J70: 1 | M70: 6 | N70: 1 | P70: 1 | Q70: 6 | R70: 1 | U70: 4 | W70: 2 | X70: 1 | Y70: 3 | Z70: 2 | AA70: 4 | AD70: 1 | AE70: 4 | AG70: =SUM(B70:AF70) -> 38
A71: 01:00 | B71: 1 | G71: 1 | M71: 9 | N71: 2 | T71: 1 | Y71: 1 | Z71: 2 | AA71: 1 | AB71: 4 | AD71: 2 | AE71: 3 | AG71: =SUM(B71:AF71) -> 27
A72: 02:00 | M72: 1 | N72: 9 | T72: 2 | W72: 1 | Z72: 7 | AC72: 3 | AD72: 2 | AG72: =SUM(B72:AF72) -> 25
A73: 03:00 | B73: 4 | I73: 4 | R73: 1 | AD73: 5 | AG73: =SUM(B73:AF73) -> 14
A74: 04:00 | R74: 2 | AC74: 3 | AD74: 4 | AE74: 2 | AG74: =SUM(B74:AF74) -> 11
A75: 05:00 | B75: 1 | I75: 1 | J75: 1 | AD75: 6 | AG75: =SUM(B75:AF75) -> 9
A76: 06:00 | B76: 1 | AG76: =SUM(B76:AF76) -> 1
A77: 07:00 | C77: 1 | Q77: 2 | AG77: =SUM(B77:AF77) -> 3
A78: TOTAL PACIENTES INSCRITOS | B78: =SUM(B79:B80) -> 188 | C78: =SUM(C79:C80) -> 224 | D78: =SUM(D79:D80) -> 197 | E78: =SUM(E79:E80) -> 186 | F78: =SUM(F79:F80) -> 185 | G78: =SUM(G79:G80) -> 168 | H78: =SUM(H79:H80) -> 174 | I78: =SUM(I79:I80) -> 167 | ... AF78: =SUM(AF79:AF80) -> 237 | AG78: =SUM(B78:AF78) -> 6448
A79: SAR | B79: =SUM(B4:B27)-B80 -> 188 | C79: =SUM(C4:C27)-C80 -> 224 | D79: =SUM(D4:D27)-D80 -> 197 | E79: =SUM(E4:E27)-E80 -> 186 | F79: =SUM(F4:F27)-F80 -> 146 | G79: =SUM(G4:G27)-G80 -> 139 | H79: =SUM(H4:H27)-H80 -> 142 | I79: =SUM(I4:I27)-I80 -> 167 | ... AF79: =SUM(AF4:AF27)-AF80 -> 107 | AG79: =SUM(B79:AF79) -> 5639
A80: PAR | D80: 0 | E80: 0 | F80: =SUM(F4:F12) -> 39 | G80: =SUM(G4:G12) -> 29 | H80: =SUM(H4:H12) -> 32 | K80: 0 | L80: 0 | M80: =SUM(M4:M12) -> 38 | N80: =SUM(N4:N12) -> 35 | O80: =SUM(O4:O12) -> 24 | R80: =SUM(R4:R12) -> 131 | S80: =SUM(S4:S12) -> 27 | T80: =SUM(T4:T12) -> 35 | U80: =SUM(U4:U12) -> 34 | V80: =SUM(V4:V12) -> 26 | Y80: =SUM(Y4:Y12) -> 138 | AA80: =SUM(AA4:AA12) -> 38 | AB80: =SUM(AB4:AB12) -> 26 | AC80: =SUM(AC4:AC12) -> 27 | AF80: =SUM(AF4:AF12) -> 130 | AG80: =SUM(B80:AF80) -> 809
A81: TOTAL NSP | B81: =SUM(B82:B83) -> 16 | C81: =SUM(C82:C83) -> 5 | D81: =SUM(D82:D83) -> 3 | E81: =SUM(E82:E83) -> 16 | F81: =SUM(F82:F83) -> 11 | G81: =SUM(G82:G83) -> 14 | H81: =SUM(H82:H83) -> 16 | I81: =SUM(I82:I83) -> 10 | ... AF81: =SUM(AF82:AF83) -> 14 | AG81: =SUM(B81:AF81) -> 714 | AH81: =IF(AG81<>AG53,"*","")
A82: PAR | B82: =SUM(B54:B62) -> 0 | E82: =SUM(E54:E62) -> 3 | F82: =SUM(F54:F62) -> 0 | G82: =SUM(G54:G62) -> 0 | H82: =SUM(H54:H62) -> 1 | I82: =SUM(I54:I62) -> 0 | L82: =SUM(L54:L62) -> 1 | M82: =SUM(M54:M62) -> 5 | N82: =SUM(N54:N62) -> 0 | O82: =SUM(O54:O62) -> 3 | P82: =SUM(P54:P62) -> 1 | S82: =SUM(S54:S62) -> 1 | T82: =SUM(T54:T62) -> 2 | U82: =SUM(U54:U62) -> 1 | V82: =SUM(V54:V62) -> 0 | W82: =SUM(W54:W62) -> 0 | Z82: =SUM(Z54:Z62) -> 1 | AA82: =SUM(AA54:AA62) -> 4 | AB82: =SUM(AB54:AB62) -> 1 | AC82: =SUM(AC54:AC62) -> 0 | AD82: =SUM(AD54:AD62) -> 0 | AG82: =SUM(B82:AF82) -> 24
A83: SAR | B83: =SUM(B54:B77)-B82 -> 16 | C83: =SUM(C54:C77)-C82 -> 5 | D83: =SUM(D54:D77)-D82 -> 3 | E83: =SUM(E54:E77)-E82 -> 13 | F83: =SUM(F54:F77)-F82 -> 11 | G83: =SUM(G54:G77)-G82 -> 14 | H83: =SUM(H54:H77)-H82 -> 15 | I83: =SUM(I54:I77)-I82 -> 10 | ... AF83: =SUM(AF54:AF77)-AF82 -> 14 | AG83: =SUM(B83:AF83) -> 690
A84: NSP PEDIATR. / ADULTOS | B84: =SUM(B85:B86) -> 16 | C84: =SUM(C85:C86) -> 5 | D84: =SUM(D85:D86) -> 3 | E84: =SUM(E85:E86) -> 16 | F84: =SUM(F85:F86) -> 11 | G84: =SUM(G85:G86) -> 14 | H84: =SUM(H85:H86) -> 16 | I84: =SUM(I85:I86) -> 10 | ... AF84: =SUM(AF85:AF86) -> 14 | AG84: =SUM(B84:AF84) -> 714 | AH84: =IF(AG84<>AG82+AG83,"*","") | AI84: NSP
A85: NSP PEDIATRICOS (<15 AÑOS) | B85: 3 | C85: 1 | D85: 1 | E85: 3 | F85: 3 | G85: 1 | H85: 0 | I85: 0 | J85: 6 | K85: 1 | L85: 5 | M85: 12 | N85: 3 | O85: 1 | P85: 0 | Q85: 13 | R85: 10 | S85: 10 | T85: 9 | U85: 9 | V85: 7 | W85: 3 | X85: 7 | Y85: 19 | Z85: 4 | AA85: 6 | AB85: 4 | AC85: 3 | AD85: 9 | AE85: 5 | AF85: 4 | AG85: =SUM(B85:AF85) -> 162
A86: NSP ADULTOS | B86: 13 | C86: 4 | D86: 2 | E86: 13 | F86: 8 | G86: 13 | H86: 16 | I86: 10 | J86: 21 | K86: 2 | L86: 14 | M86: 33 | N86: 25 | O86: 14 | P86: 5 | Q86: 36 | R86: 15 | S86: 36 | T86: 22 | U86: 16 | V86: 17 | W86: 18 | X86: 31 | Y86: 31 | Z86: 27 | AA86: 24 | AB86: 13 | AC86: 15 | AD86: 22 | AE86: 26 | AF86: 10 | AG86: =SUM(B86:AF86) -> 552
A87: NSP CATEGORIZACION | B87: =SUM(B88:B92) -> 16 | C87: =SUM(C88:C92) -> 5 | D87: =SUM(D88:D92) -> 3 | E87: =SUM(E88:E92) -> 16 | F87: =SUM(F88:F92) -> 11 | G87: =SUM(G88:G92) -> 14 | H87: =SUM(H88:H92) -> 16 | I87: =SUM(I88:I92) -> 10 | ... AF87: =SUM(AF88:AF92) -> 14 | AG87: =SUM(B87:AF87) -> 714 | AH87: =IF(AG87<>AG84,"*","")
A88: SIN CATEGORIZACIÓN nsp | B88: 2 | C88: 3 | D88: 2 | E88: 2 | F88: 6 | G88: 5 | H88: 4 | I88: 1 | J88: 12 | K88: 0 | L88: 4 | M88: 11 | N88: 3 | O88: 3 | P88: 1 | Q88: 8 | S88: 17 | T88: 5 | U88: 8 | V88: 4 | W88: 4 | X88: 4 | Y88: 6 | Z88: 9 | AA88: 7 | AB88: 8 | AC88: 2 | AD88: 3 | AE88: 6 | AF88: 2 | AG88: =SUM(B88:AF88) -> 152
A89: C2 | AG89: =SUM(B89:AF89) -> 0
A90: C3 | Q90: 2 | AE90: 1 | AG90: =SUM(B90:AF90) -> 3
A91: C4 | B91: 9 | D91: 1 | E91: 3 | G91: 3 | H91: 2 | I91: 5 | J91: 8 | K91: 2 | L91: 8 | M91: 25 | N91: 10 | O91: 6 | P91: 1 | Q91: 22 | R91: 8 | S91: 9 | T91: 8 | U91: 8 | V91: 4 | W91: 7 | X91: 13 | Y91: 24 | Z91: 7 | AA91: 9 | AB91: 7 | AC91: 6 | AD91: 25 | AE91: 15 | AF91: 2 | AG91: =SUM(B91:AF91) -> 257
A92: C5 | B92: 5 | C92: 2 | E92: 11 | F92: 5 | G92: 6 | H92: 10 | I92: 4 | J92: 7 | K92: 1 | L92: 7 | M92: 9 | N92: 15 | O92: 6 | P92: 3 | Q92: 17 | R92: 17 | S92: 20 | T92: 18 | U92: 9 | V92: 16 | W92: 10 | X92: 21 | Y92: 20 | Z92: 15 | AA92: 14 | AB92: 2 | AC92: 10 | AD92: 3 | AE92: 9 | AF92: 10 | AG92: =SUM(B92:AF92) -> 302
A93: TOTAL PACIENTES ATENDIDOS | B93: =+B94+B100 -> 172 | C93: =+C94+C100 -> 219 | D93: =+D94+D100 -> 194 | E93: =+E94+E100 -> 170 | F93: =+F94+F100 -> 174 | G93: =+G94+G100 -> 154 | H93: =+H94+H100 -> 158 | I93: =+I94+I100 -> 157 | ... AF93: =+AF94+AF100 -> 223 | AG93: =SUM(B93:AF93) -> 5734 | AH93: =IF(AG93<>AG28,"*","")
A94: Menor 15 años | B94: =SUM(B95:B99) -> 10 | C94: =SUM(C95:C99) -> 19 | D94: =SUM(D95:D99) -> 29 | E94: =SUM(E95:E99) -> 16 | F94: =SUM(F95:F99) -> 16 | G94: =SUM(G95:G99) -> 14 | H94: =SUM(H95:H99) -> 14 | I94: =SUM(I95:I99) -> 22 | ... AF94: =SUM(AF95:AF99) -> 49 | AG94: =SUM(B94:AF94) -> 856
A95: Menor 1 Año | B95: 0 | D95: 3 | E95: 2 | H95: 1 | I95: 2 | J95: 2 | K95: 1 | L95: 2 | O95: 1 | R95: 2 | S95: 4 | U95: 1 | W95: 1 | X95: 1 | Y95: 4 | Z95: 3 | AB95: 1 | AC95: 1 | AE95: 1 | AG95: =SUM(B95:AF95) -> 33
A96: 1 Año | B96: 2 | C96: 2 | D96: 2 | F96: 1 | G96: 1 | I96: 1 | J96: 4 | K96: 1 | L96: 1 | M96: 2 | P96: 3 | Q96: 1 | R96: 2 | S96: 1 | T96: 2 | V96: 3 | W96: 2 | X96: 2 | Z96: 2 | AA96: 1 | AB96: 1 | AC96: 1 | AD96: 1 | AE96: 2 | AF96: 5 | AG96: =SUM(B96:AF96) -> 46
A97: 2 - 4 | B97: 1 | C97: 5 | D97: 6 | E97: 5 | F97: 3 | G97: 2 | H97: 8 | I97: 3 | J97: 6 | K97: 4 | L97: 6 | M97: 1 | N97: 7 | O97: 1 | P97: 5 | Q97: 9 | R97: 12 | S97: 3 | T97: 8 | U97: 8 | V97: 5 | W97: 3 | X97: 8 | Y97: 9 | Z97: 3 | AA97: 12 | AB97: 5 | AC97: 4 | AD97: 6 | AE97: 8 | AF97: 12 | AG97: =SUM(B97:AF97) -> 178
A98: 5 - 9 | B98: 4 | C98: 6 | D98: 5 | E98: 3 | F98: 7 | G98: 5 | H98: 2 | I98: 8 | J98: 13 | K98: 6 | L98: 13 | M98: 13 | N98: 7 | O98: 10 | P98: 8 | Q98: 12 | R98: 14 | S98: 15 | T98: 12 | U98: 5 | V98: 9 | W98: 7 | X98: 19 | Y98: 18 | Z98: 14 | AA98: 14 | AB98: 11 | AC98: 11 | AD98: 14 | AE98: 10 | AF98: 20 | AG98: =SUM(B98:AF98) -> 315
A99: 10 - 14 | B99: 3 | C99: 6 | D99: 13 | E99: 6 | F99: 5 | G99: 6 | H99: 3 | I99: 8 | J99: 11 | K99: 7 | L99: 7 | M99: 10 | N99: 7 | O99: 10 | P99: 10 | Q99: 9 | R99: 7 | S99: 11 | T99: 20 | U99: 14 | V99: 7 | W99: 7 | X99: 8 | Y99: 6 | Z99: 11 | AA99: 16 | AB99: 16 | AC99: 14 | AD99: 5 | AE99: 9 | AF99: 12 | AG99: =SUM(B99:AF99) -> 284
A100: Mayor de 15 años | B100: =SUM(B101:B115) -> 162 | C100: =SUM(C101:C115) -> 200 | D100: =SUM(D101:D115) -> 165 | E100: =SUM(E101:E115) -> 154 | F100: =SUM(F101:F115) -> 158 | G100: =SUM(G101:G115) -> 140 | H100: =SUM(H101:H115) -> 144 | I100: =SUM(I101:I115) -> 135 | ... AF100: =SUM(AF101:AF115) -> 174 | AG100: =SUM(B100:AF100) -> 4878
A101: 15 - 19 | B101: 10 | C101: 16 | D101: 14 | E101: 21 | F101: 13 | G101: 14 | H101: 14 | I101: 13 | J101: 9 | K101: 16 | L101: 15 | M101: 17 | N101: 15 | O101: 7 | P101: 15 | Q101: 17 | R101: 11 | S101: 22 | T101: 16 | U101: 18 | V101: 25 | W101: 13 | X101: 21 | Y101: 14 | Z101: 33 | AA101: 21 | AB101: 26 | AC101: 25 | AD101: 20 | AE101: 20 | AF101: 16 | AG101: =SUM(B101:AF101) -> 527
...

Sheet ABRIL
A2: ABRIL | B2: 1 | C2: =+B2+1 -> 2 | D2: =+C2+1 -> 3 | E2: =+D2+1 -> 4 | F2: =+E2+1 -> 5 | G2: =+F2+1 -> 6 | H2: =+G2+1 -> 7 | I2: =+H2+1 -> 8 | J2: =+I2+1 -> 9 | ... AA2: =+Z2+1 -> 26 | AB2: 27 | AC2: =+AB2+1 -> 28 | AD2: 29 | AE2: 30 | AG2: TOTAL
A3: Total de Inscritos | B3: =SUM(B4:B27) -> 221 | C3: =SUM(C4:C27) -> 209 | D3: =SUM(D4:D27) -> 189 | E3: =SUM(E4:E27) -> 164 | F3: =SUM(F4:F27) -> 161 | G3: =SUM(G4:G27) -> 233 | H3: =SUM(H4:H27) -> 247 | I3: =SUM(I4:I27) -> 178 | ... AF3: =SUM(AF4:AF27) -> 0 | AG3: =SUM(B3:AF3) -> 5662
A4: 08:00 | G4: 8 | H4: 5 | N4: 4 | O4: 3 | T4: 7 | U4: 3 | V4: 6 | AB4: 12 | AC4: 2 | AG4: =SUM(B4:AF4) -> 50
A5: 09:00 | G5: 10 | H5: 10 | N5: 6 | O5: 9 | T5: 10 | U5: 5 | V5: 13 | AB5: 14 | AC5: 8 | AG5: =SUM(B5:AF5) -> 85
A6: 10:00 | G6: 20 | H6: 23 | N6: 22 | O6: 7 | T6: 9 | U6: 18 | V6: 11 | AB6: 20 | AC6: 18 | AG6: =SUM(B6:AF6) -> 148
A7: 11:00 | B7: 11 | C7: 15 | D7: 7 | E7: 1 | G7: 25 | H7: 26 | J7: 1 | K7: 4 | M7: 1 | N7: 22 | O7: 15 | P7: 4 | Q7: 3 | R7: 1 | T7: 11 | U7: 27 | V7: 14 | W7: 4 | AA7: 2 | AB7: 10 | AC7: 14 | AD7: 1 | AG7: =SUM(B7:AF7) -> 219
A8: 12:00 | B8: 2 | C8: 4 | D8: 6 | G8: 15 | H8: 15 | I8: 1 | L8: 1 | N8: 19 | O8: 18 | P8: 1 | R8: 1 | T8: 15 | U8: 18 | V8: 14 | AB8: 17 | AC8: 17 | AD8: 2 | AG8: =SUM(B8:AF8) -> 166
A9: 13:00 | B9: 4 | D9: 5 | G9: 13 | H9: 11 | K9: 4 | N9: 23 | O9: 23 | P9: 1 | T9: 14 | U9: 10 | V9: 10 | Y9: 1 | AB9: 23 | AC9: 17 | AG9: =SUM(B9:AF9) -> 159
A10: 14:00 | B10: 3 | C10: 6 | D10: 6 | F10: 1 | G10: 12 | H10: 7 | K10: 2 | N10: 7 | O10: 14 | P10: 3 | Q10: 2 | R10: 2 | S10: 1 | T10: 8 | U10: 12 | V10: 14 | W10: 1 | AA10: 2 | AB10: 19 | AC10: 10 | AD10: 2 | AE10: 3 | AG10: =SUM(B10:AF10) -> 137
A11: 15:00 | B11: 5 | C11: 7 | D11: 9 | G11: 9 | H11: 11 | J11: 1 | K11: 3 | M11: 3 | N11: 11 | O11: 24 | Q11: 1 | R11: 1 | S11: 2 | T11: 12 | U11: 23 | V11: 19 | W11: 1 | Z11: 1 | AA11: 1 | AB11: 23 | AC11: 21 | AE11: 2 | AG11: =SUM(B11:AF11) -> 190
A12: 16:00 | B12: 6 | C12: 8 | D12: 5 | E12: 1 | G12: 8 | H12: 22 | J12: 2 | K12: 3 | N12: 26 | O12: 19 | R12: 1 | T12: 14 | U12: 10 | V12: 17 | Y12: 1 | AB12: 19 | AC12: 17 | AG12: =SUM(B12:AF12) -> 179
A13: 17:00 | B13: 60 | C13: 55 | D13: 47 | E13: 53 | F13: 57 | G13: 15 | H13: 27 | J13: 63 | K13: 52 | L13: 64 | M13: 55 | N13: 23 | O13: 14 | P13: 60 | Q13: 67 | R13: 64 | S13: 56 | T13: 14 | U13: 13 | V13: 25 | W13: 67 | X13: 73 | Y13: 62 | Z13: 55 | AA13: 58 | AB13: 16 | AC13: 24 | AD13: 71 | AE13: 65 | AG13: =SUM(B13:AF13) -> 1375
A14: 18:00 | B14: 20 | C14: 25 | D14: 23 | E14: 11 | F14: 17 | G14: 24 | H14: 16 | I14: 67 | J14: 21 | K14: 28 | L14: 18 | M14: 12 | N14: 9 | O14: 5 | P14: 26 | Q14: 19 | R14: 14 | S14: 19 | T14: 17 | U14: 19 | V14: 33 | W14: 37 | X14: 16 | Y14: 19 | Z14: 28 | AA14: 21 | AB14: 19 | AC14: 12 | AD14: 27 | AE14: 18 | AG14: =SUM(B14:AF14) -> 640
A15: 19:00 | B15: 21 | C15: 18 | D15: 22 | E15: 24 | F15: 19 | G15: 16 | H15: 18 | I15: 22 | J15: 23 | K15: 17 | L15: 11 | M15: 11 | N15: 19 | O15: 14 | P15: 29 | Q15: 20 | R15: 22 | S15: 16 | T15: 19 | U15: 19 | V15: 9 | W15: 22 | X15: 15 | Y15: 20 | Z15: 20 | AA15: 17 | AB15: 6 | AC15: 13 | AD15: 20 | AE15: 11 | AG15: =SUM(B15:AF15) -> 533
A16: 20:00 | B16: 21 | C16: 18 | D16: 18 | E16: 13 | F16: 20 | G16: 16 | H16: 8 | I16: 21 | J16: 14 | K16: 15 | L16: 13 | M16: 19 | N16: 9 | O16: 14 | P16: 22 | Q16: 16 | R16: 11 | S16: 14 | T16: 6 | U16: 10 | V16: 12 | W16: 13 | X16: 16 | Y16: 15 | Z16: 11 | AA16: 12 | AB16: 6 | AC16: 16 | AD16: 15 | AE16: 14 | AG16: =SUM(B16:AF16) -> 428
A17: 21:00 | B17: 24 | C17: 18 | D17: 16 | E17: 22 | F17: 18 | G17: 9 | H17: 19 | I17: 23 | J17: 7 | K17: 15 | L17: 12 | M17: 14 | N17: 9 | O17: 8 | P17: 25 | Q17: 11 | R17: 19 | S17: 11 | T17: 10 | U17: 9 | V17: 11 | W17: 14 | X17: 14 | Y17: 15 | Z17: 7 | AA17: 26 | AB17: 12 | AC17: 11 | AD17: 12 | AE17: 12 | AG17: =SUM(B17:AF17) -> 433
A18: 22:00 | B18: 14 | C18: 19 | D18: 8 | E18: 19 | F18: 6 | G18: 11 | H18: 9 | I18: 15 | J18: 6 | K18: 6 | L18: 8 | M18: 8 | N18: 2 | O18: 10 | P18: 14 | Q18: 12 | R18: 14 | S18: 12 | T18: 11 | U18: 7 | V18: 12 | W18: 13 | X18: 11 | Y18: 9 | Z18: 3 | AA18: 10 | AB18: 5 | AC18: 18 | AD18: 12 | AE18: 9 | AG18: =SUM(B18:AF18) -> 313
A19: 23:00 | B19: 12 | C19: 5 | D19: 2 | E19: 5 | F19: 3 | G19: 7 | H19: 10 | I19: 16 | J19: 9 | K19: 14 | L19: 3 | M19: 5 | N19: 2 | O19: 4 | P19: 8 | Q19: 6 | R19: 4 | S19: 7 | T19: 5 | U19: 7 | V19: 6 | W19: 2 | X19: 8 | Y19: 8 | Z19: 9 | AA19: 9 | AB19: 9 | AC19: 4 | AD19: 10 | AE19: 3 | AG19: =SUM(B19:AF19) -> 202
A20: 00:00 | B20: 8 | C20: 5 | D20: 2 | E20: 2 | F20: 7 | G20: 7 | H20: 2 | I20: 7 | J20: 2 | K20: 1 | L20: 4 | M20: 4 | N20: 4 | O20: 7 | Q20: 2 | R20: 8 | S20: 6 | T20: 1 | U20: 6 | V20: 3 | W20: 1 | X20: 3 | Y20: 4 | Z20: 4 | AA20: 3 | AB20: 1 | AC20: 6 | AD20: 3 | AE20: 6 | AG20: =SUM(B20:AF20) -> 119
A21: 01:00 | B21: 2 | C21: 2 | D21: 5 | E21: 6 | F21: 2 | G21: 1 | H21: 3 | J21: 1 | L21: 5 | M21: 3 | N21: 3 | O21: 2 | Q21: 3 | R21: 3 | S21: 3 | T21: 1 | U21: 4 | V21: 4 | W21: 1 | X21: 1 | Y21: 5 | Z21: 5 | AA21: 6 | AB21: 1 | AC21: 1 | AE21: 4 | AG21: =SUM(B21:AF21) -> 77
A22: 02:00 | B22: 6 | D22: 2 | E22: 1 | F22: 3 | G22: 3 | H22: 1 | I22: 1 | J22: 1 | K22: 2 | M22: 4 | N22: 2 | O22: 2 | P22: 5 | R22: 4 | S22: 3 | T22: 3 | U22: 2 | V22: 2 | AB22: 2 | AC22: 1 | AD22: 1 | AE22: 8 | AG22: =SUM(B22:AF22) -> 59
A23: 03:00 | B23: 1 | C23: 1 | D23: 4 | E23: 2 | F23: 2 | H23: 1 | L23: 2 | M23: 2 | N23: 1 | O23: 2 | P23: 2 | Q23: 4 | R23: 1 | S23: 2 | T23: 2 | U23: 2 | V23: 2 | Y23: 1 | AA23: 1 | AE23: 2 | AG23: =SUM(B23:AF23) -> 37
A24: 04:00 | B24: 1 | C24: 1 | D24: 2 | E24: 1 | F24: 2 | I24: 5 | M24: 3 | N24: 1 | O24: 2 | P24: 2 | R24: 1 | S24: 4 | T24: 1 | V24: 1 | X24: 3 | Z24: 1 | AA24: 2 | AB24: 1 | AC24: 1 | AE24: 2 | AG24: =SUM(B24:AF24) -> 37
A25: 05:00 | C25: 1 | F25: 2 | J25: 1 | K25: 5 | L25: 1 | M25: 1 | N25: 2 | R25: 1 | S25: 1 | U25: 2 | V25: 1 | X25: 1 | AA25: 1 | AB25: 2 | AG25: =SUM(B25:AF25) -> 22
A26: 06:00 | C26: 1 | E26: 2 | F26: 1 | G26: 2 | H26: 2 | J26: 4 | L26: 1 | M26: 1 | Q26: 3 | R26: 2 | S26: 3 | T26: 3 | U26: 2 | Y26: 1 | AB26: 1 | AD26: 1 | AE26: 2 | AG26: =SUM(B26:AF26) -> 32
A27: 07:00 | E27: 1 | F27: 1 | G27: 2 | H27: 1 | J27: 2 | M27: 4 | N27: 2 | P27: 1 | T27: 1 | U27: 1 | V27: 1 | W27: 1 | AA27: 1 | AC27: 2 | AE27: 1 | AG27: =SUM(B27:AF27) -> 22
A28: Total de atendidos | B28: =SUM(B29:B52) -> 182 | C28: =SUM(C29:C52) -> 193 | D28: =SUM(D29:D52) -> 176 | E28: =SUM(E29:E52) -> 146 | F28: =SUM(F29:F52) -> 137 | G28: =SUM(G29:G52) -> 222 | H28: =SUM(H29:H52) -> 216 | I28: =SUM(I29:I52) -> 153 | ... AF28: =SUM(AF29:AF52) -> 0 | AG28: =SUM(B28:AF28) -> 5114
A29: 08:00 | G29: 3 | H29: 2 | J29: 1 | M29: 3 | N29: 4 | O29: 2 | T29: 9 | U29: 1 | V29: 4 | AA29: 1 | AB29: 5 | AC29: 2 | AG29: =SUM(B29:AF29) -> 37
A30: 09:00 | G30: 9 | H30: 4 | N30: 6 | O30: 3 | U30: 4 | V30: 6 | AB30: 5 | AC30: 1 | AG30: =SUM(B30:AF30) -> 38
A31: 10:00 | G31: 11 | H31: 13 | N31: 12 | O31: 9 | T31: 10 | U31: 13 | V31: 11 | AB31: 10 | AC31: 8 | AG31: =SUM(B31:AF31) -> 97
A32: 11:00 | B32: 4 | C32: 4 | D32: 4 | E32: 1 | G32: 15 | H32: 13 | K32: 2 | M32: 1 | N32: 18 | O32: 16 | P32: 3 | Q32: 2 | R32: 1 | T32: 14 | U32: 17 | V32: 13 | W32: 2 | AA32: 2 | AB32: 16 | AC32: 18 | AD32: 1 | AG32: =SUM(B32:AF32) -> 167
A33: 12:00 | B33: 6 | C33: 11 | D33: 5 | G33: 12 | H33: 13 | I33: 1 | J33: 1 | K33: 2 | L33: 1 | N33: 12 | O33: 9 | P33: 1 | Q33: 1 | R33: 1 | T33: 7 | U33: 14 | V33: 10 | W33: 2 | AB33: 14 | AC33: 11 | AD33: 2 | AG33: =SUM(B33:AF33) -> 136
A34: 13:00 | B34: 6 | C34: 3 | D34: 2 | G34: 13 | H34: 7 | K34: 2 | N34: 8 | O34: 9 | T34: 13 | U34: 13 | V34: 13 | AB34: 10 | AC34: 11 | AG34: =SUM(B34:AF34) -> 110
A35: 14:00 | B35: 3 | C35: 6 | D35: 10 | G35: 18 | H35: 11 | K35: 3 | N35: 10 | O35: 14 | P35: 2 | Q35: 2 | T35: 7 | U35: 13 | V35: 10 | Y35: 1 | AA35: 2 | AB35: 13 | AC35: 16 | AD35: 2 | AE35: 1 | AG35: =SUM(B35:AF35) -> 144
A36: 15:00 | B36: 6 | C36: 7 | D36: 7 | F36: 1 | G36: 19 | H36: 12 | K36: 1 | M36: 3 | N36: 16 | O36: 14 | P36: 2 | Q36: 1 | R36: 2 | S36: 3 | T36: 14 | U36: 13 | V36: 11 | W36: 1 | Z36: 1 | AA36: 1 | AB36: 14 | AC36: 12 | AE36: 4 | AG36: =SUM(B36:AF36) -> 165
A37: 16:00 | B37: 4 | C37: 6 | D37: 5 | E37: 1 | G37: 9 | H37: 16 | J37: 1 | N37: 13 | O37: 20 | T37: 17 | U37: 12 | V37: 15 | AB37: 16 | AC37: 15 | AG37: =SUM(B37:AF37) -> 150
A38: 17:00 | B38: 9 | C38: 8 | D38: 13 | E38: 7 | F38: 6 | G38: 11 | H38: 21 | J38: 12 | K38: 11 | L38: 5 | M38: 7 | N38: 16 | O38: 20 | P38: 1 | Q38: 8 | R38: 8 | S38: 9 | T38: 14 | U38: 20 | V38: 23 | W38: 11 | X38: 9 | Y38: 8 | Z38: 5 | AA38: 9 | AB38: 22 | AC38: 18 | AD38: 10 | AE38: 9 | AG38: =SUM(B38:AF38) -> 330
A39: 18:00 | B39: 21 | C39: 21 | D39: 24 | E39: 21 | F39: 17 | G39: 19 | H39: 13 | I39: 3 | J39: 19 | K39: 25 | L39: 17 | M39: 23 | N39: 13 | O39: 12 | P39: 13 | Q39: 19 | R39: 24 | S39: 19 | T39: 13 | U39: 23 | V39: 16 | W39: 27 | X39: 31 | Y39: 23 | Z39: 19 | AA39: 20 | AB39: 19 | AC39: 18 | AD39: 18 | AE39: 19 | AG39: =SUM(B39:AF39) -> 569
A40: 19:00 | B40: 19 | C40: 29 | D40: 26 | E40: 20 | F40: 25 | G40: 22 | H40: 18 | I40: 23 | J40: 26 | K40: 30 | L40: 24 | M40: 21 | N40: 19 | O40: 12 | P40: 19 | Q40: 31 | R40: 27 | S40: 21 | T40: 10 | U40: 17 | V40: 18 | W40: 23 | X40: 29 | Y40: 23 | Z40: 16 | AA40: 19 | AB40: 13 | AC40: 12 | AD40: 32 | AE40: 24 | AG40: =SUM(B40:AF40) -> 648
A41: 20:00 | B41: 15 | C41: 27 | D41: 21 | E41: 23 | F41: 22 | G41: 14 | H41: 15 | I41: 26 | J41: 18 | K41: 15 | L41: 20 | M41: 17 | N41: 16 | O41: 10 | P41: 33 | Q41: 25 | R41: 17 | S41: 23 | T41: 19 | U41: 9 | V41: 11 | W41: 35 | X41: 26 | Y41: 21 | Z41: 23 | AA41: 21 | AB41: 18 | AC41: 17 | AD41: 40 | AE41: 13 | AG41: =SUM(B41:AF41) -> 610
A42: 21:00 | B42: 29 | C42: 24 | D42: 13 | E42: 9 | F42: 15 | G42: 13 | H42: 15 | I42: 25 | J42: 21 | K42: 16 | L42: 21 | M42: 14 | N42: 14 | O42: 18 | P42: 29 | Q42: 21 | R42: 19 | S42: 23 | T42: 11 | U42: 13 | V42: 11 | W42: 23 | X42: 20 | Y42: 15 | Z42: 15 | AA42: 15 | AB42: 10 | AC42: 16 | AD42: 21 | AE42: 19 | AG42: =SUM(B42:AF42) -> 528
A43: 22:00 | B43: 10 | C43: 18 | D43: 17 | E43: 16 | F43: 13 | G43: 10 | H43: 10 | I43: 30 | J43: 20 | K43: 16 | L43: 21 | M43: 10 | N43: 6 | O43: 8 | P43: 19 | Q43: 17 | R43: 17 | S43: 21 | T43: 11 | U43: 14 | V43: 10 | W43: 17 | X43: 13 | Y43: 17 | Z43: 16 | AA43: 23 | AB43: 6 | AC43: 15 | AD43: 12 | AE43: 15 | AG43: =SUM(B43:AF43) -> 448
A44: 23:00 | B44: 10 | C44: 13 | D44: 3 | E44: 16 | F44: 7 | G44: 5 | H44: 12 | I44: 32 | J44: 9 | K44: 10 | L44: 6 | M44: 15 | N44: 9 | O44: 9 | P44: 15 | Q44: 4 | R44: 12 | S44: 9 | T44: 19 | U44: 7 | V44: 11 | W44: 6 | X44: 9 | Y44: 15 | Z44: 13 | AA44: 14 | AB44: 8 | AC44: 11 | AD44: 8 | AE44: 15 | AG44: =SUM(B44:AF44) -> 332
A45: 00:00 | B45: 10 | C45: 11 | D45: 6 | E45: 13 | F45: 5 | G45: 10 | H45: 10 | I45: 4 | J45: 2 | K45: 8 | L45: 4 | M45: 12 | N45: 13 | O45: 7 | P45: 5 | Q45: 4 | R45: 9 | S45: 4 | U45: 5 | V45: 11 | W45: 3 | X45: 3 | Y45: 13 | Z45: 8 | AA45: 2 | AB45: 4 | AC45: 13 | AD45: 7 | AE45: 7 | AG45: =SUM(B45:AF45) -> 213
A46: 01:00 | B46: 11 | C46: 1 | D46: 10 | E46: 4 | F46: 7 | G46: 3 | H46: 5 | I46: 3 | J46: 4 | K46: 6 | L46: 5 | M46: 3 | O46: 2 | P46: 5 | Q46: 8 | R46: 13 | S46: 6 | U46: 6 | V46: 4 | X46: 4 | Y46: 8 | Z46: 5 | AA46: 7 | AB46: 1 | AC46: 1 | AD46: 1 | AE46: 7 | AG46: =SUM(B46:AF46) -> 140
A47: 02:00 | B47: 7 | D47: 4 | E47: 6 | F47: 5 | G47: 3 | H47: 2 | I47: 1 | J47: 2 | K47: 3 | L47: 1 | M47: 5 | P47: 8 | Q47: 4 | R47: 7 | S47: 2 | U47: 2 | V47: 3 | W47: 1 | Y47: 3 | Z47: 1 | AA47: 9 | AB47: 2 | AC47: 1 | AE47: 6 | AG47: =SUM(B47:AF47) -> 88
A48: 03:00 | B48: 9 | D48: 4 | E48: 5 | F48: 6 | K48: 1 | L48: 2 | M48: 2 | O48: 4 | P48: 5 | Q48: 1 | R48: 1 | S48: 4 | U48: 2 | Y48: 1 | AA48: 4 | AD48: 1 | AE48: 5 | AG48: =SUM(B48:AF48) -> 57
A49: 04:00 | B49: 3 | C49: 2 | D49: 2 | E49: 1 | F49: 3 | H49: 1 | I49: 3 | M49: 3 | O49: 1 | Q49: 3 | S49: 4 | V49: 2 | X49: 1 | AB49: 1 | AC49: 1 | AE49: 3 | AG49: =SUM(B49:AF49) -> 34
A50: 05:00 | C50: 1 | F50: 1 | I50: 2 | J50: 1 | K50: 5 | L50: 1 | O50: 1 | P50: 2 | R50: 1 | V50: 2 | X50: 3 | Z50: 1 | AA50: 3 | AB50: 2 | AG50: =SUM(B50:AF50) -> 26
A51: 06:00 | E51: 2 | F51: 2 | G51: 2 | J51: 2 | L51: 1 | Q51: 3 | R51: 3 | S51: 3 | U51: 3 | AE51: 2 | AG51: =SUM(B51:AF51) -> 23
A52: 07:00 | C52: 1 | E52: 1 | F52: 2 | G52: 1 | H52: 3 | J52: 3 | M52: 2 | P52: 1 | S52: 1 | U52: 2 | W52: 1 | Y52: 1 | AB52: 1 | AC52: 2 | AD52: 1 | AE52: 1 | AG52: =SUM(B52:AF52) -> 24
A53: Total de NSP | B53: =SUM(B54:B77) -> 39 | C53: =SUM(C54:C77) -> 16 | D53: =SUM(D54:D77) -> 13 | E53: =SUM(E54:E77) -> 18 | F53: =SUM(F54:F77) -> 24 | G53: =SUM(G54:G77) -> 11 | H53: =SUM(H54:H77) -> 31 | I53: =SUM(I54:I77) -> 25 | ... AF53: =SUM(AF54:AF77) -> 0 | AG53: =SUM(B53:AF53) -> 548
A54: 08:00 | AG54: =SUM(B54:AF54) -> 0
A55: 09:00 | H55: 1 | AG55: =SUM(B55:AF55) -> 1
A56: 10:00 | G56: 1 | H56: 2 | N56: 1 | V56: 1 | AG56: =SUM(B56:AF56) -> 5
A57: 11:00 | G57: 1 | P57: 1 | V57: 1 | AC57: 1 | AG57: =SUM(B57:AF57) -> 4
A58: 12:00 | H58: 1 | N58: 1 | AB58: 1 | AG58: =SUM(B58:AF58) -> 3
A59: 13:00 | G59: 2 | U59: 2 | AB59: 6 | AG59: =SUM(B59:AF59) -> 10
A60: 14:00 | D60: 1 | G60: 4 | H60: 3 | R60: 1 | AB60: 1 | AC60: 2 | AG60: =SUM(B60:AF60) -> 12
A61: 15:00 | H61: 5 | N61: 3 | O61: 2 | T61: 2 | U61: 2 | W61: 1 | AB61: 2 | AG61: =SUM(B61:AF61) -> 17
A62: 16:00 | N62: 1 | O62: 5 | U62: 1 | V62: 1 | AB62: 3 | AC62: 3 | AG62: =SUM(B62:AF62) -> 14
A63: 17:00 | C63: 2 | E63: 1 | H63: 2 | N63: 2 | O63: 2 | P63: 1 | V63: 3 | X63: 3 | AB63: 4 | AC63: 2 | AE63: 2 | AG63: =SUM(B63:AF63) -> 24
A64: 18:00 | B64: 1 | C64: 1 | D64: 1 | E64: 2 | F64: 4 | G64: 1 | H64: 1 | J64: 2 | K64: 3 | M64: 2 | N64: 2 | O64: 2 | P64: 1 | Q64: 4 | R64: 4 | S64: 3 | U64: 1 | V64: 5 | W64: 6 | X64: 1 | Y64: 2 | Z64: 2 | AA64: 4 | AB64: 5 | AC64: 3 | AD64: 5 | AE64: 1 | AG64: =SUM(B64:AF64) -> 69
A65: 19:00 | B65: 2 | C65: 4 | E65: 5 | F65: 1 | G65: 2 | H65: 3 | I65: 2 | J65: 3 | K65: 3 | L65: 2 | N65: 6 | O65: 2 | P65: 8 | Q65: 4 | R65: 2 | S65: 2 | T65: 1 | W65: 3 | X65: 2 | Y65: 2 | Z65: 2 | AA65: 2 | AB65: 2 | AC65: 1 | AD65: 4 | AE65: 2 | AG65: =SUM(B65:AF65) -> 72
A66: 20:00 | B66: 1 | C66: 4 | D66: 1 | F66: 2 | H66: 2 | I66: 1 | K66: 3 | L66: 1 | N66: 2 | O66: 2 | P66: 12 | S66: 3 | T66: 1 | W66: 6 | X66: 5 | Y66: 1 | Z66: 1 | AA66: 3 | AB66: 1 | AC66: 1 | AD66: 12 | AG66: =SUM(B66:AF66) -> 65
A67: 21:00 | B67: 12 | C67: 2 | D67: 4 | E67: 2 | H67: 2 | I67: 3 | J67: 2 | L67: 10 | M67: 6 | N67: 2 | O67: 1 | P67: 12 | Q67: 2 | R67: 1 | V67: 6 | W67: 8 | X67: 2 | Z67: 1 | AA67: 2 | AB67: 1 | AC67: 1 | AE67: 2 | AG67: =SUM(B67:AF67) -> 84
A68: 22:00 | B68: 6 | C68: 2 | D68: 1 | E68: 1 | F68: 1 | H68: 4 | I68: 4 | J68: 8 | L68: 1 | N68: 1 | Q68: 2 | R68: 1 | V68: 3 | W68: 1 | Y68: 2 | Z68: 11 | AA68: 3 | AB68: 2 | AE68: 4 | AG68: =SUM(B68:AF68) -> 58
A69: 23:00 | E69: 1 | I69: 14 | J69: 1 | K69: 1 | N69: 1 | P69: 1 | R69: 1 | V69: 1 | Y69: 3 | Z69: 4 | AA69: 2 | AE69: 1 | AG69: =SUM(B69:AF69) -> 31
A70: 00:00 | B70: 6 | D70: 1 | E70: 1 | H70: 3 | I70: 1 | K70: 2 | Q70: 1 | V70: 4 | Y70: 2 | AG70: =SUM(B70:AF70) -> 21
A71: 01:00 | B71: 2 | C71: 1 | D71: 4 | E71: 1 | F71: 10 | H71: 2 | K71: 3 | P71: 1 | Q71: 1 | T71: 1 | AG71: =SUM(B71:AF71) -> 26
A72: 02:00 | B72: 1 | E72: 4 | F72: 5 | P72: 3 | Q72: 1 | R72: 2 | AA72: 3 | AG72: =SUM(B72:AF72) -> 19
A73: 03:00 | B73: 8 | AA73: 1 | AG73: =SUM(B73:AF73) -> 9
A74: 04:00 | F74: 1 | N74: 1 | T74: 1 | AG74: =SUM(B74:AF74) -> 3
A75: 05:00 | AG75: =SUM(B75:AF75) -> 0
A76: 06:00 | M76: 1 | AG76: =SUM(B76:AF76) -> 1
A77: 07:00 | AG77: =SUM(B77:AF77) -> 0
A78: TOTAL PACIENTES INSCRITOS | B78: =SUM(B79:B80) -> 221 | C78: =SUM(C79:C80) -> 209 | D78: =SUM(D79:D80) -> 189 | E78: =SUM(E79:E80) -> 164 | F78: =SUM(F79:F80) -> 161 | G78: =SUM(G79:G80) -> 233 | H78: =SUM(H79:H80) -> 247 | I78: =SUM(I79:I80) -> 178 | ... AF78: =SUM(AF79:AF80) -> 0 | AG78: =SUM(B78:AF78) -> 5662
A79: SAR | B79: =SUM(B4:B27)-B80 -> 221 | C79: =SUM(C4:C27)-C80 -> 209 | D79: =SUM(D4:D27)-D80 -> 189 | E79: =SUM(E4:E27)-E80 -> 164 | F79: =SUM(F4:F27)-F80 -> 160 | G79: =SUM(G4:G27)-G80 -> 113 | H79: =SUM(H4:H27)-H80 -> 117 | I79: =SUM(I4:I27)-I80 -> 178 | ... AF79: =SUM(AF4:AF27)-AF80 -> 0 | AG79: =SUM(B79:AF79) -> 4494
A80: PAR | D80: 0 | E80: 0 | F80: =SUM(F4:F12) -> 1 | G80: =SUM(G4:G12) -> 120 | H80: =SUM(H4:H12) -> 130 | K80: 0 | L80: 0 | M80: =SUM(M4:M12) -> 4 | N80: =SUM(N4:N12) -> 140 | O80: =SUM(O4:O12) -> 132 | R80: =SUM(R4:R12) -> 6 | S80: =SUM(S4:S12) -> 3 | T80: =SUM(T4:T12) -> 100 | U80: =SUM(U4:U12) -> 126 | V80: =SUM(V4:V12) -> 118 | Y80: =SUM(Y4:Y12) -> 2 | AA80: =SUM(AA4:AA12) -> 5 | AB80: =SUM(AB4:AB12) -> 157 | AC80: =SUM(AC4:AC12) -> 124 | AF80: =SUM(AF4:AF12) -> 0 | AG80: =SUM(B80:AF80) -> 1168
A81: TOTAL NSP | B81: =SUM(B82:B83) -> 39 | C81: =SUM(C82:C83) -> 16 | D81: =SUM(D82:D83) -> 13 | E81: =SUM(E82:E83) -> 18 | F81: =SUM(F82:F83) -> 24 | G81: =SUM(G82:G83) -> 11 | H81: =SUM(H82:H83) -> 31 | I81: =SUM(I82:I83) -> 25 | ... AF81: =SUM(AF82:AF83) -> 0 | AG81: =SUM(B81:AF81) -> 548 | AH81: =IF(AG81<>AG53,"*","")
A82: PAR | B82: =SUM(B54:B62) -> 0 | C82: =SUM(C54:C62) -> 0 | D82: =SUM(D54:D62) -> 1 | E82: =SUM(E54:E62) -> 0 | F82: =SUM(F54:F62) -> 0 | I82: =SUM(I54:I62) -> 0 | J82: =SUM(J54:J62) -> 0 | K82: =SUM(K54:K62) -> 0 | L82: =SUM(L54:L62) -> 0 | M82: =SUM(M54:M62) -> 0 | P82: =SUM(P54:P62) -> 1 | Q82: =SUM(Q54:Q62) -> 0 | R82: =SUM(R54:R62) -> 1 | S82: =SUM(S54:S62) -> 0 | W82: =SUM(W54:W62) -> 1 | X82: =SUM(X54:X62) -> 0 | Y82: =SUM(Y54:Y62) -> 0 | Z82: =SUM(Z54:Z62) -> 0 | AA82: =SUM(AA54:AA62) -> 0 | AD82: =SUM(AD54:AD62) -> 0 | AE82: =SUM(AE54:AE62) -> 0 | AF82: =SUM(AF54:AF62) -> 0 | AG82: =SUM(B82:AF82) -> 4
A83: SAR | B83: =SUM(B54:B77)-B82 -> 39 | C83: =SUM(C54:C77)-C82 -> 16 | D83: =SUM(D54:D77)-D82 -> 12 | E83: =SUM(E54:E77)-E82 -> 18 | F83: =SUM(F54:F77)-F82 -> 24 | G83: =SUM(G54:G77)-G82 -> 11 | H83: =SUM(H54:H77)-H82 -> 31 | I83: =SUM(I54:I77)-I82 -> 25 | ... AF83: =SUM(AF54:AF77)-AF82 -> 0 | AG83: =SUM(B83:AF83) -> 544
A84: NSP PEDIATR. / ADULTOS | B84: =SUM(B85:B86) -> 39 | C84: =SUM(C85:C86) -> 16 | D84: =SUM(D85:D86) -> 13 | E84: =SUM(E85:E86) -> 18 | F84: =SUM(F85:F86) -> 24 | G84: =SUM(G85:G86) -> 11 | H84: =SUM(H85:H86) -> 31 | I84: =SUM(I85:I86) -> 25 | ... AF84: =SUM(AF85:AF86) -> 0 | AG84: =SUM(B84:AF84) -> 548 | AH84: =IF(AG84<>AG82+AG83,"*","") | AI84: NSP
A85: NSP PEDIATRICOS (<15 AÑOS) | B85: 10 | C85: 3 | D85: 1 | E85: 4 | F85: 4 | G85: 1 | H85: 10 | I85: 5 | J85: 4 | K85: 6 | L85: 3 | M85: 3 | N85: 7 | O85: 2 | P85: 8 | Q85: 4 | R85: 1 | S85: 1 | T85: 1 | U85: 2 | V85: 7 | W85: 3 | X85: 2 | Y85: 2 | Z85: 4 | AA85: 3 | AB85: 4 | AC85: 6 | AD85: 4 | AE85: 5 | AG85: =SUM(B85:AF85) -> 120
A86: NSP ADULTOS | B86: 29 | C86: 13 | D86: 12 | E86: 14 | F86: 20 | G86: 10 | H86: 21 | I86: 20 | J86: 12 | K86: 9 | L86: 11 | M86: 6 | N86: 16 | O86: 14 | P86: 32 | Q86: 11 | R86: 11 | S86: 7 | T86: 5 | U86: 4 | V86: 18 | W86: 22 | X86: 11 | Y86: 10 | Z86: 17 | AA86: 17 | AB86: 24 | AC86: 8 | AD86: 17 | AE86: 7 | AG86: =SUM(B86:AF86) -> 428
A87: NSP CATEGORIZACION | B87: =SUM(B88:B92) -> 39 | C87: =SUM(C88:C92) -> 16 | D87: =SUM(D88:D92) -> 13 | E87: =SUM(E88:E92) -> 18 | F87: =SUM(F88:F92) -> 24 | G87: =SUM(G88:G92) -> 11 | H87: =SUM(H88:H92) -> 31 | I87: =SUM(I88:I92) -> 25 | ... AF87: =SUM(AF88:AF92) -> 0 | AG87: =SUM(B87:AF87) -> 548 | AH87: =IF(AG87<>AG84,"*","")
A88: SIN CATEGORIZACIÓN nsp | B88: 5 | C88: 5 | D88: 4 | E88: 7 | F88: 5 | G88: 6 | H88: 7 | I88: 5 | J88: 4 | K88: 7 | L88: 2 | M88: 3 | N88: 5 | O88: 2 | P88: 18 | Q88: 8 | R88: 3 | S88: 5 | T88: 2 | U88: 1 | V88: 7 | W88: 11 | X88: 5 | Y88: 3 | Z88: 5 | AA88: 7 | AB88: 12 | AC88: 5 | AD88: 9 | AE88: 5 | AG88: =SUM(B88:AF88) -> 173
A89: C2 | AG89: =SUM(B89:AF89) -> 0
A90: C3 | AG90: =SUM(B90:AF90) -> 0
A91: C4 | B91: 17 | C91: 4 | D91: 7 | E91: 5 | F91: 13 | G91: 4 | H91: 15 | I91: 6 | J91: 3 | K91: 6 | L91: 5 | M91: 2 | N91: 8 | O91: 3 | P91: 15 | Q91: 5 | R91: 4 | T91: 1 | U91: 1 | V91: 2 | W91: 3 | X91: 1 | Y91: 4 | Z91: 5 | AA91: 7 | AB91: 4 | AC91: 3 | AD91: 1 | AE91: 2 | AG91: =SUM(B91:AF91) -> 156
A92: C5 | B92: 17 | C92: 7 | D92: 2 | E92: 6 | F92: 6 | G92: 1 | H92: 9 | I92: 14 | J92: 9 | K92: 2 | L92: 7 | M92: 4 | N92: 10 | O92: 11 | P92: 7 | Q92: 2 | R92: 5 | S92: 3 | T92: 3 | U92: 4 | V92: 16 | W92: 11 | X92: 7 | Y92: 5 | Z92: 11 | AA92: 6 | AB92: 12 | AC92: 6 | AD92: 11 | AE92: 5 | AG92: =SUM(B92:AF92) -> 219
A93: TOTAL PACIENTES ATENDIDOS | B93: =+B94+B100 -> 182 | C93: =+C94+C100 -> 193 | D93: =+D94+D100 -> 176 | E93: =+E94+E100 -> 146 | F93: =+F94+F100 -> 137 | G93: =+G94+G100 -> 222 | H93: =+H94+H100 -> 216 | I93: =+I94+I100 -> 153 | ... AF93: =+AF94+AF100 -> 0 | AG93: =SUM(B93:AF93) -> 5114 | AH93: =IF(AG93<>AG28,"*","")
A94: Menor 15 años | B94: =SUM(B95:B99) -> 34 | C94: =SUM(C95:C99) -> 22 | D94: =SUM(D95:D99) -> 46 | E94: =SUM(E95:E99) -> 20 | F94: =SUM(F95:F99) -> 18 | G94: =SUM(G95:G99) -> 46 | H94: =SUM(H95:H99) -> 51 | I94: =SUM(I95:I99) -> 40 | ... AF94: =SUM(AF95:AF99) -> 0 | AG94: =SUM(B94:AF94) -> 1117
A95: Menor 1 Año | B95: 1 | C95: 1 | D95: 1 | E95: 1 | F95: 1 | G95: 4 | I95: 4 | J95: 1 | K95: 1 | L95: 3 | M95: 2 | N95: 3 | O95: 6 | P95: 2 | R95: 2 | S95: 1 | T95: 2 | U95: 1 | V95: 2 | W95: 2 | X95: 3 | Y95: 1 | Z95: 1 | AA95: 3 | AB95: 3 | AC95: 3 | AD95: 2 | AG95: =SUM(B95:AF95) -> 57
A96: 1 Año | C96: 2 | D96: 2 | E96: 1 | F96: 1 | G96: 3 | H96: 3 | I96: 2 | J96: 3 | L96: 2 | M96: 3 | N96: 2 | O96: 3 | P96: 4 | Q96: 4 | R96: 1 | S96: 1 | T96: 2 | U96: 3 | V96: 2 | W96: 4 | X96: 3 | Y96: 4 | AA96: 2 | AB96: 9 | AC96: 7 | AD96: 2 | AE96: 8 | AG96: =SUM(B96:AF96) -> 83
A97: 2 - 4 | B97: 5 | C97: 4 | D97: 11 | E97: 6 | F97: 4 | G97: 16 | H97: 15 | I97: 6 | J97: 18 | K97: 5 | L97: 1 | M97: 9 | N97: 16 | O97: 12 | P97: 15 | Q97: 4 | R97: 7 | S97: 9 | T97: 17 | U97: 20 | V97: 16 | W97: 11 | X97: 6 | Y97: 8 | Z97: 9 | AA97: 5 | AB97: 12 | AC97: 16 | AD97: 8 | AE97: 9 | AG97: =SUM(B97:AF97) -> 300
A98: 5 - 9 | B98: 15 | C98: 8 | D98: 20 | E98: 7 | F98: 9 | G98: 18 | H98: 23 | I98: 13 | J98: 7 | K98: 9 | L98: 9 | M98: 4 | N98: 17 | O98: 13 | P98: 12 | Q98: 25 | R98: 14 | S98: 10 | T98: 13 | U98: 17 | V98: 20 | W98: 12 | X98: 11 | Y98: 8 | Z98: 3 | AA98: 14 | AB98: 11 | AC98: 20 | AD98: 15 | AE98: 7 | AG98: =SUM(B98:AF98) -> 384
A99: 10 - 14 | B99: 13 | C99: 7 | D99: 12 | E99: 5 | F99: 3 | G99: 5 | H99: 10 | I99: 15 | J99: 7 | K99: 6 | L99: 9 | M99: 10 | N99: 10 | O99: 12 | P99: 13 | Q99: 10 | R99: 7 | S99: 7 | T99: 12 | U99: 11 | V99: 7 | W99: 19 | X99: 11 | Y99: 10 | Z99: 9 | AA99: 9 | AB99: 12 | AC99: 13 | AD99: 11 | AE99: 8 | AG99: =SUM(B99:AF99) -> 293
A100: Mayor de 15 años | B100: =SUM(B101:B115) -> 148 | C100: =SUM(C101:C115) -> 171 | D100: =SUM(D101:D115) -> 130 | E100: =SUM(E101:E115) -> 126 | F100: =SUM(F101:F115) -> 119 | G100: =SUM(G101:G115) -> 176 | H100: =SUM(H101:H115) -> 165 | I100: =SUM(I101:I115) -> 113 | ... AF100: =SUM(AF101:AF115) -> 0 | AG100: =SUM(B100:AF100) -> 3997
A101: 15 - 19 | B101: 31 | C101: 27 | D101: 20 | E101: 14 | F101: 10 | G101: 14 | H101: 9 | I101: 15 | J101: 18 | K101: 16 | L101: 10 | M101: 11 | N101: 11 | O101: 17 | P101: 11 | Q101: 13 | R101: 17 | S101: 17 | T101: 17 | U101: 14 | V101: 13 | W101: 11 | X101: 12 | Y101: 14 | Z101: 9 | AA101: 13 | AB101: 11 | AC101: 18 | AD101: 17 | AE101: 12 | AG101: =SUM(B101:AF101) -> 442
...

Sheet MAYO
A2: MAYO | B2: 1 | C2: =+B2+1 -> 2 | D2: =+C2+1 -> 3 | E2: =+D2+1 -> 4 | F2: =+E2+1 -> 5 | G2: =+F2+1 -> 6 | H2: =+G2+1 -> 7 | I2: =+H2+1 -> 8 | J2: =+I2+1 -> 9 | ... AA2: =+Z2+1 -> 26 | AB2: 27 | AC2: =+AB2+1 -> 28 | AD2: 29 | AE2: 30 | AF2: 31 | AG2: TOTAL
A3: Total de Inscritos | B3: =SUM(B4:B27) -> 209 | C3: =SUM(C4:C27) -> 124 | D3: =SUM(D4:D27) -> 133 | E3: =SUM(E4:E27) -> 252 | F3: =SUM(F4:F27) -> 232 | G3: =SUM(G4:G27) -> 222 | H3: =SUM(H4:H27) -> 175 | I3: =SUM(I4:I27) -> 149 | ... AF3: =SUM(AF4:AF27) -> 104 | AG3: =SUM(B3:AF3) -> 6212
A4: 08:00 | B4: 5 | E4: 10 | F4: 4 | L4: 5 | M4: 1 | S4: 10 | T4: 7 | V4: 3 | Z4: 10 | AA4: 7 | AG4: =SUM(B4:AF4) -> 62
A5: 09:00 | B5: 13 | E5: 11 | F5: 11 | L5: 12 | M5: 12 | S5: 14 | T5: 9 | V5: 14 | Z5: 15 | AA5: 9 | AG5: =SUM(B5:AF5) -> 120
A6: 10:00 | B6: 12 | E6: 18 | F6: 23 | L6: 10 | M6: 16 | S6: 22 | T6: 14 | V6: 17 | Z6: 15 | AA6: 20 | AG6: =SUM(B6:AF6) -> 167
A7: 11:00 | B7: 14 | D7: 2 | E7: 23 | F7: 25 | H7: 1 | L7: 11 | M7: 24 | S7: 18 | T7: 16 | V7: 15 | Z7: 23 | AA7: 17 | AG7: =SUM(B7:AF7) -> 189
A8: 12:00 | B8: 23 | C8: 2 | D8: 1 | E8: 22 | F8: 14 | G8: 4 | L8: 9 | M8: 21 | R8: 1 | S8: 12 | T8: 21 | V8: 27 | Z8: 15 | AA8: 18 | AG8: =SUM(B8:AF8) -> 190
A9: 13:00 | B9: 11 | E9: 14 | F9: 10 | L9: 9 | M9: 13 | S9: 13 | T9: 21 | V9: 16 | Z9: 20 | AA9: 15 | AG9: =SUM(B9:AF9) -> 142
A10: 14:00 | B10: 18 | C10: 2 | D10: 4 | E10: 16 | F10: 9 | G10: 1 | L10: 13 | M10: 13 | S10: 14 | T10: 18 | V10: 22 | X10: 1 | Z10: 25 | AA10: 20 | AF10: 1 | AG10: =SUM(B10:AF10) -> 177
A11: 15:00 | B11: 12 | D11: 2 | E11: 17 | F11: 8 | L11: 22 | M11: 16 | P11: 1 | S11: 20 | T11: 32 | V11: 17 | Z11: 12 | AA11: 20 | AG11: =SUM(B11:AF11) -> 179
A12: 16:00 | B12: 14 | C12: 2 | E12: 23 | F12: 16 | H12: 1 | I12: 1 | L12: 23 | M12: 15 | S12: 15 | T12: 24 | V12: 22 | Z12: 31 | AA12: 19 | AD12: 1 | AG12: =SUM(B12:AF12) -> 207
A13: 17:00 | B13: 18 | C13: 37 | D13: 45 | E13: 22 | F13: 23 | G13: 86 | H13: 60 | I13: 63 | J13: 50 | K13: 52 | L13: 19 | M13: 21 | N13: 94 | O13: 82 | P13: 79 | Q13: 69 | R13: 65 | S13: 22 | T13: 17 | U13: 82 | V13: 23 | W13: 76 | X13: 77 | Y13: 85 | Z13: 28 | AA13: 21 | AB13: 96 | AC13: 73 | AD13: 78 | AE13: 71 | AF13: 37 | AG13: =SUM(B13:AF13) -> 1671
A14: 18:00 | B14: 13 | C14: 15 | D14: 16 | E14: 14 | F14: 23 | G14: 24 | H14: 17 | I14: 16 | J14: 16 | K14: 17 | L14: 20 | M14: 14 | N14: 38 | O14: 28 | P14: 20 | Q14: 27 | R14: 21 | S14: 23 | T14: 10 | U14: 21 | V14: 13 | W14: 35 | X14: 20 | Y14: 27 | Z14: 26 | AA14: 17 | AB14: 24 | AC14: 23 | AD14: 25 | AE14: 25 | AF14: 12 | AG14: =SUM(B14:AF14) -> 640
A15: 19:00 | B15: 18 | C15: 14 | D15: 16 | E15: 10 | F15: 12 | G15: 22 | H15: 22 | I15: 23 | J15: 17 | K15: 13 | L15: 14 | M15: 14 | N15: 27 | O15: 24 | P15: 27 | Q15: 22 | R15: 21 | S15: 14 | T15: 11 | U15: 18 | V15: 18 | W15: 24 | X15: 25 | Y15: 24 | Z15: 17 | AA15: 16 | AB15: 19 | AC15: 18 | AD15: 9 | AE15: 23 | AF15: 9 | AG15: =SUM(B15:AF15) -> 561
A16: 20:00 | B16: 10 | C16: 13 | D16: 7 | E16: 11 | F16: 17 | G16: 25 | H16: 15 | I16: 6 | J16: 14 | K16: 16 | L16: 17 | M16: 13 | N16: 27 | O16: 15 | P16: 23 | Q16: 26 | R16: 11 | S16: 13 | T16: 16 | U16: 20 | V16: 16 | W16: 19 | X16: 19 | Y16: 13 | Z16: 13 | AA16: 19 | AB16: 16 | AC16: 17 | AD16: 19 | AE16: 15 | AF16: 11 | AG16: =SUM(B16:AF16) -> 492
A17: 21:00 | B17: 4 | C17: 14 | D17: 8 | E17: 4 | F17: 9 | G17: 20 | H17: 14 | I17: 16 | J17: 13 | K17: 8 | L17: 13 | M17: 9 | N17: 14 | O17: 16 | P17: 15 | Q17: 15 | R17: 10 | S17: 8 | T17: 16 | U17: 10 | V17: 12 | W17: 17 | X17: 13 | Y17: 13 | Z17: 18 | AA17: 14 | AB17: 23 | AC17: 22 | AD17: 7 | AE17: 18 | AF17: 8 | AG17: =SUM(B17:AF17) -> 401
A18: 22:00 | B18: 12 | C18: 6 | D18: 10 | E18: 8 | F18: 10 | G18: 15 | H18: 15 | I18: 8 | J18: 8 | K18: 11 | L18: 10 | M18: 6 | N18: 13 | O18: 17 | P18: 6 | Q18: 6 | R18: 11 | S18: 7 | T18: 17 | U18: 7 | V18: 9 | W18: 14 | X18: 9 | Y18: 8 | Z18: 3 | AA18: 10 | AB18: 15 | AC18: 13 | AD18: 6 | AE18: 9 | AF18: 10 | AG18: =SUM(B18:AF18) -> 309
A19: 23:00 | B19: 5 | C19: 6 | D19: 8 | E19: 7 | F19: 6 | G19: 11 | H19: 15 | I19: 6 | J19: 8 | K19: 7 | L19: 6 | M19: 4 | N19: 6 | O19: 6 | P19: 8 | Q19: 5 | R19: 13 | S19: 7 | T19: 6 | U19: 7 | V19: 8 | W19: 12 | X19: 4 | Y19: 13 | Z19: 7 | AA19: 5 | AB19: 7 | AC19: 7 | AD19: 7 | AE19: 7 | AF19: 5 | AG19: =SUM(B19:AF19) -> 229
A20: 00:00 | B20: 5 | C20: 5 | D20: 2 | E20: 9 | F20: 3 | G20: 7 | H20: 5 | I20: 4 | J20: 4 | K20: 7 | L20: 3 | M20: 6 | N20: 6 | O20: 4 | P20: 2 | Q20: 5 | R20: 6 | S20: 7 | T20: 3 | U20: 7 | V20: 6 | W20: 7 | X20: 8 | Y20: 6 | Z20: 2 | AA20: 2 | AB20: 7 | AC20: 10 | AD20: 2 | AF20: 2 | AG20: =SUM(B20:AF20) -> 152
A21: 01:00 | B21: 1 | C21: 4 | D21: 3 | E21: 3 | F21: 3 | G21: 4 | H21: 3 | I21: 4 | J21: 5 | K21: 4 | L21: 1 | N21: 3 | O21: 1 | P21: 1 | Q21: 8 | R21: 4 | S21: 4 | T21: 4 | U21: 2 | V21: 3 | X21: 4 | Y21: 2 | Z21: 6 | AA21: 3 | AB21: 2 | AC21: 6 | AD21: 3 | AE21: 4 | AF21: 3 | AG21: =SUM(B21:AF21) -> 98
A22: 02:00 | E22: 1 | F22: 1 | G22: 1 | H22: 2 | I22: 1 | K22: 1 | L22: 1 | M22: 2 | N22: 2 | O22: 2 | P22: 1 | Q22: 2 | S22: 3 | T22: 2 | U22: 4 | V22: 4 | X22: 1 | Z22: 1 | AA22: 2 | AB22: 1 | AC22: 3 | AD22: 1 | AE22: 2 | AF22: 1 | AG22: =SUM(B22:AF22) -> 42
A23: 03:00 | C23: 1 | E23: 2 | F23: 2 | H23: 2 | I23: 1 | J23: 1 | K23: 1 | L23: 6 | N23: 2 | O23: 2 | R23: 2 | S23: 1 | U23: 2 | V23: 2 | X23: 1 | AB23: 4 | AC23: 5 | AD23: 1 | AE23: 1 | AF23: 1 | AG23: =SUM(B23:AF23) -> 40
A24: 04:00 | D24: 3 | G24: 2 | H24: 2 | J24: 2 | K24: 1 | M24: 2 | N24: 1 | O24: 1 | P24: 1 | R24: 1 | S24: 1 | T24: 1 | W24: 2 | Y24: 1 | Z24: 3 | AA24: 1 | AB24: 3 | AC24: 4 | AE24: 2 | AF24: 1 | AG24: =SUM(B24:AF24) -> 35
A25: 05:00 | C25: 2 | D25: 1 | E25: 4 | F25: 1 | K25: 1 | N25: 1 | R25: 5 | S25: 2 | U25: 2 | W25: 3 | X25: 1 | Z25: 1 | AA25: 1 | AC25: 2 | AE25: 1 | AG25: =SUM(B25:AF25) -> 28
A26: 06:00 | C26: 1 | E26: 2 | F26: 1 | H26: 1 | J26: 2 | L26: 5 | N26: 2 | O26: 2 | P26: 2 | R26: 1 | S26: 3 | T26: 1 | U26: 3 | V26: 1 | W26: 1 | X26: 1 | Y26: 3 | Z26: 2 | AB26: 3 | AD26: 2 | AE26: 1 | AG26: =SUM(B26:AF26) -> 40
A27: 07:00 | B27: 1 | D27: 5 | E27: 1 | F27: 1 | J27: 2 | K27: 1 | L27: 6 | O27: 3 | R27: 3 | S27: 1 | T27: 2 | U27: 1 | V27: 2 | W27: 1 | Y27: 4 | Z27: 3 | AB27: 1 | AF27: 3 | AG27: =SUM(B27:AF27) -> 41
A28: Total de atendidos | B28: =SUM(B29:B52) -> 204 | C28: =SUM(C29:C52) -> 117 | D28: =SUM(D29:D52) -> 128 | E28: =SUM(E29:E52) -> 249 | F28: =SUM(F29:F52) -> 220 | G28: =SUM(G29:G52) -> 195 | H28: =SUM(H29:H52) -> 166 | I28: =SUM(I29:I52) -> 142 | ... AF28: =SUM(AF29:AF52) -> 102 | AG28: =SUM(B28:AF28) -> 5518
A29: 08:00 | B29: 5 | D29: 3 | E29: 5 | F29: 3 | L29: 6 | R29: 1 | S29: 2 | T29: 3 | U29: 1 | V29: 2 | Y29: 2 | Z29: 4 | AA29: 4 | AF29: 1 | AG29: =SUM(B29:AF29) -> 42
A30: 09:00 | B30: 13 | E30: 6 | F30: 5 | L30: 7 | M30: 3 | S30: 6 | T30: 7 | V30: 3 | Z30: 7 | AA30: 5 | AG30: =SUM(B30:AF30) -> 62
A31: 10:00 | B31: 11 | E31: 15 | F31: 12 | L31: 11 | M31: 16 | S31: 11 | T31: 12 | V31: 12 | Z31: 12 | AA31: 14 | AG31: =SUM(B31:AF31) -> 126
A32: 11:00 | B32: 14 | D32: 1 | E32: 15 | F32: 12 | H32: 1 | L32: 10 | M32: 17 | S32: 15 | T32: 15 | V32: 13 | Z32: 16 | AA32: 18 | AG32: =SUM(B32:AF32) -> 147
A33: 12:00 | B33: 20 | C33: 2 | D33: 2 | E33: 23 | F33: 9 | G33: 4 | L33: 10 | M33: 18 | R33: 1 | S33: 11 | T33: 15 | V33: 14 | Z33: 15 | AA33: 11 | AG33: =SUM(B33:AF33) -> 155
A34: 13:00 | B34: 10 | E34: 17 | F34: 11 | L34: 8 | M34: 11 | S34: 14 | T34: 10 | V34: 6 | Z34: 13 | AA34: 14 | AG34: =SUM(B34:AF34) -> 114
A35: 14:00 | B35: 18 | C35: 1 | D35: 3 | E35: 21 | F35: 17 | G35: 1 | L35: 10 | M35: 17 | S35: 8 | T35: 16 | V35: 9 | Z35: 17 | AA35: 8 | AF35: 1 | AG35: =SUM(B35:AF35) -> 147
A36: 15:00 | B36: 12 | C36: 1 | D36: 3 | E36: 19 | F36: 15 | L36: 15 | M36: 14 | P36: 1 | S36: 13 | T36: 17 | V36: 23 | Z36: 19 | AA36: 12 | AG36: =SUM(B36:AF36) -> 164
A37: 16:00 | B37: 14 | C37: 1 | E37: 24 | F37: 16 | L37: 17 | M37: 19 | S37: 14 | T37: 18 | V37: 19 | Z37: 22 | AA37: 15 | AG37: =SUM(B37:AF37) -> 179
A38: 17:00 | B38: 18 | C38: 6 | D38: 7 | E38: 22 | F38: 18 | G38: 7 | H38: 7 | I38: 9 | J38: 8 | K38: 3 | L38: 17 | M38: 19 | N38: 6 | O38: 7 | P38: 6 | Q38: 9 | R38: 11 | S38: 24 | T38: 24 | U38: 7 | V38: 21 | W38: 5 | X38: 4 | Y38: 10 | Z38: 24 | AA38: 14 | AB38: 4 | AC38: 11 | AD38: 13 | AE38: 7 | AF38: 9 | AG38: =SUM(B38:AF38) -> 357
A39: 18:00 | B39: 13 | C39: 19 | D39: 27 | E39: 14 | F39: 16 | G39: 26 | H39: 24 | I39: 21 | J39: 22 | K39: 29 | L39: 18 | M39: 19 | N39: 16 | O39: 21 | P39: 28 | Q39: 24 | R39: 21 | S39: 16 | T39: 24 | U39: 21 | V39: 15 | W39: 19 | X39: 16 | Y39: 23 | Z39: 22 | AA39: 19 | AB39: 20 | AC39: 23 | AD39: 29 | AE39: 21 | AF39: 20 | AG39: =SUM(B39:AF39) -> 646
A40: 19:00 | B40: 18 | C40: 22 | D40: 15 | E40: 15 | F40: 13 | G40: 35 | H40: 27 | I40: 28 | J40: 25 | K40: 26 | L40: 18 | M40: 13 | N40: 27 | O40: 28 | P40: 28 | Q40: 22 | R40: 20 | S40: 13 | T40: 10 | U40: 24 | V40: 17 | W40: 27 | X40: 22 | Y40: 20 | Z40: 13 | AA40: 13 | AB40: 22 | AC40: 24 | AD40: 24 | AE40: 23 | AF40: 20 | AG40: =SUM(B40:AF40) -> 652
A41: 20:00 | B41: 10 | C41: 20 | D41: 18 | E41: 11 | F41: 11 | G41: 40 | H41: 33 | I41: 18 | J41: 22 | K41: 20 | L41: 15 | M41: 9 | N41: 31 | O41: 30 | P41: 27 | Q41: 20 | R41: 23 | S41: 20 | T41: 22 | U41: 25 | V41: 16 | W41: 25 | X41: 26 | Y41: 20 | Z41: 19 | AA41: 14 | AB41: 30 | AC41: 22 | AD41: 26 | AE41: 18 | AF41: 15 | AG41: =SUM(B41:AF41) -> 656
A42: 21:00 | B42: 4 | C42: 15 | D42: 14 | E42: 6 | F42: 18 | G42: 34 | H42: 25 | I42: 23 | J42: 18 | K42: 16 | L42: 12 | M42: 19 | N42: 23 | O42: 24 | P42: 27 | Q42: 17 | R42: 23 | S42: 23 | T42: 16 | U42: 19 | V42: 13 | W42: 25 | X42: 18 | Y42: 21 | Z42: 20 | AA42: 16 | AB42: 27 | AC42: 20 | AD42: 24 | AE42: 20 | AF42: 9 | AG42: =SUM(B42:AF42) -> 589
A43: 22:00 | B43: 12 | C43: 8 | D43: 12 | E43: 5 | F43: 10 | G43: 19 | H43: 12 | I43: 18 | J43: 14 | K43: 12 | L43: 5 | M43: 2 | N43: 12 | O43: 15 | P43: 20 | Q43: 20 | R43: 23 | S43: 8 | T43: 14 | U43: 15 | V43: 8 | W43: 22 | X43: 18 | Y43: 16 | Z43: 4 | AA43: 13 | AB43: 17 | AC43: 16 | AD43: 4 | AE43: 23 | AF43: 8 | AG43: =SUM(B43:AF43) -> 405
A44: 23:00 | B44: 5 | C44: 7 | D44: 9 | E44: 10 | F44: 10 | G44: 7 | H44: 16 | I44: 11 | J44: 6 | K44: 4 | L44: 10 | M44: 4 | N44: 19 | O44: 14 | P44: 13 | Q44: 10 | R44: 12 | S44: 6 | T44: 11 | U44: 19 | V44: 8 | W44: 19 | X44: 18 | Y44: 13 | Z44: 6 | AA44: 11 | AB44: 22 | AC44: 10 | AD44: 13 | AE44: 11 | AF44: 7 | AG44: =SUM(B44:AF44) -> 341
A45: 00:00 | B45: 5 | C45: 4 | D45: 3 | E45: 7 | F45: 11 | G45: 11 | H45: 7 | I45: 7 | J45: 5 | K45: 8 | L45: 5 | M45: 9 | N45: 10 | O45: 10 | P45: 12 | Q45: 7 | R45: 4 | S45: 12 | T45: 8 | U45: 8 | V45: 11 | W45: 9 | X45: 6 | Y45: 4 | Z45: 9 | AA45: 13 | AB45: 14 | AC45: 7 | AD45: 5 | AE45: 9 | AF45: 3 | AG45: =SUM(B45:AF45) -> 243
A46: 01:00 | B46: 1 | C46: 5 | D46: 4 | E46: 5 | F46: 4 | G46: 6 | H46: 7 | I46: 5 | J46: 5 | K46: 6 | L46: 2 | M46: 1 | N46: 10 | O46: 9 | P46: 4 | Q46: 10 | R46: 6 | S46: 2 | T46: 5 | U46: 7 | V46: 9 | W46: 11 | X46: 8 | Y46: 4 | Z46: 6 | AA46: 9 | AB46: 9 | AC46: 11 | AD46: 3 | AE46: 6 | AF46: 3 | AG46: =SUM(B46:AF46) -> 183
A47: 02:00 | C47: 2 | D47: 1 | E47: 1 | F47: 3 | G47: 3 | H47: 2 | J47: 1 | K47: 2 | L47: 5 | M47: 1 | N47: 7 | O47: 5 | Q47: 7 | R47: 5 | S47: 6 | T47: 3 | U47: 4 | V47: 9 | X47: 7 | Y47: 5 | Z47: 2 | AA47: 2 | AB47: 1 | AC47: 13 | AD47: 1 | AE47: 9 | AF47: 1 | AG47: =SUM(B47:AF47) -> 108
A48: 03:00 | C48: 1 | E48: 1 | H48: 2 | I48: 1 | J48: 1 | K48: 1 | L48: 6 | M48: 1 | N48: 1 | O48: 2 | Q48: 2 | R48: 2 | S48: 2 | U48: 1 | V48: 4 | X48: 4 | Y48: 6 | Z48: 7 | AA48: 1 | AB48: 2 | AC48: 8 | AE48: 1 | AF48: 2 | AG48: =SUM(B48:AF48) -> 59
A49: 04:00 | D49: 3 | E49: 1 | F49: 3 | H49: 2 | I49: 1 | J49: 1 | K49: 1 | L49: 5 | M49: 2 | N49: 1 | O49: 1 | P49: 1 | S49: 1 | T49: 1 | U49: 1 | Y49: 3 | Z49: 1 | AA49: 1 | AB49: 1 | AC49: 1 | AE49: 2 | AF49: 1 | AG49: =SUM(B49:AF49) -> 35
A50: 05:00 | C50: 2 | D50: 1 | G50: 2 | J50: 1 | K50: 1 | L50: 1 | N50: 2 | R50: 5 | S50: 1 | U50: 1 | W50: 5 | X50: 1 | Z50: 2 | AB50: 2 | AC50: 3 | AG50: =SUM(B50:AF50) -> 30
A51: 06:00 | C51: 1 | E51: 6 | F51: 2 | H51: 1 | J51: 2 | L51: 1 | O51: 2 | P51: 2 | R51: 1 | S51: 2 | T51: 1 | U51: 2 | V51: 1 | W51: 1 | X51: 1 | Y51: 2 | Z51: 1 | AA51: 1 | AB51: 2 | AC51: 2 | AE51: 1 | AG51: =SUM(B51:AF51) -> 35
A52: 07:00 | B52: 1 | D52: 2 | F52: 1 | J52: 2 | K52: 1 | L52: 5 | N52: 2 | O52: 3 | R52: 3 | S52: 1 | T52: 1 | U52: 2 | V52: 2 | W52: 1 | Y52: 3 | Z52: 5 | AB52: 2 | AD52: 3 | AE52: 1 | AF52: 2 | AG52: =SUM(B52:AF52) -> 43
A53: Total de NSP | B53: =SUM(B54:B77) -> 5 | C53: =SUM(C54:C77) -> 7 | D53: =SUM(D54:D77) -> 5 | E53: =SUM(E54:E77) -> 3 | F53: =SUM(F54:F77) -> 12 | G53: =SUM(G54:G77) -> 27 | H53: =SUM(H54:H77) -> 9 | I53: =SUM(I54:I77) -> 7 | ... AF53: =SUM(AF54:AF77) -> 2 | AG53: =SUM(B53:AF53) -> 694
A54: 08:00 | AG54: =SUM(B54:AF54) -> 0
A55: 09:00 | S55: 1 | T55: 1 | AG55: =SUM(B55:AF55) -> 2
A56: 10:00 | E56: 1 | V56: 1 | Z56: 1 | AG56: =SUM(B56:AF56) -> 3
A57: 11:00 | B57: 1 | M57: 1 | T57: 1 | AG57: =SUM(B57:AF57) -> 3
A58: 12:00 | L58: 1 | M58: 1 | S58: 2 | V58: 2 | Z58: 1 | AG58: =SUM(B58:AF58) -> 7
A59: 13:00 | F59: 2 | S59: 2 | AG59: =SUM(B59:AF59) -> 4
A60: 14:00 | B60: 3 | M60: 3 | S60: 2 | T60: 1 | V60: 4 | Z60: 2 | AA60: 1 | AG60: =SUM(B60:AF60) -> 16
A61: 15:00 | B61: 1 | F61: 2 | M61: 2 | T61: 2 | V61: 6 | AA61: 1 | AG61: =SUM(B61:AF61) -> 14
A62: 16:00 | F62: 1 | T62: 5 | Z62: 3 | AA62: 2 | AG62: =SUM(B62:AF62) -> 11
A63: 17:00 | H63: 2 | J63: 2 | S63: 5 | T63: 2 | V63: 5 | X63: 1 | Z63: 1 | AD63: 1 | AE63: 1 | AG63: =SUM(B63:AF63) -> 20
A64: 18:00 | C64: 2 | D64: 1 | E64: 1 | G64: 1 | H64: 3 | I64: 2 | J64: 1 | K64: 8 | O64: 2 | P64: 6 | R64: 2 | S64: 2 | T64: 2 | U64: 2 | V64: 2 | W64: 2 | Y64: 3 | Z64: 1 | AA64: 5 | AB64: 4 | AD64: 2 | AF64: 1 | AG64: =SUM(B64:AF64) -> 55
A65: 19:00 | E65: 1 | G65: 6 | H65: 3 | I65: 4 | J65: 1 | M65: 1 | N65: 17 | O65: 5 | P65: 4 | Q65: 6 | R65: 4 | S65: 3 | U65: 8 | V65: 3 | W65: 10 | X65: 1 | Y65: 9 | Z65: 4 | AB65: 11 | AC65: 4 | AD65: 6 | AE65: 3 | AF65: 1 | AG65: =SUM(B65:AF65) -> 115
A66: 20:00 | C66: 4 | D66: 1 | F66: 3 | G66: 17 | H66: 1 | J66: 3 | K66: 1 | N66: 14 | O66: 3 | Q66: 5 | R66: 2 | S66: 2 | U66: 6 | V66: 1 | W66: 7 | X66: 10 | Y66: 13 | Z66: 5 | AA66: 6 | AB66: 19 | AC66: 8 | AD66: 6 | AE66: 2 | AG66: =SUM(B66:AF66) -> 139
A67: 21:00 | C67: 1 | F67: 1 | G67: 3 | N67: 5 | O67: 5 | P67: 3 | Q67: 6 | R67: 4 | S67: 3 | U67: 3 | V67: 1 | W67: 17 | X67: 7 | Y67: 12 | Z67: 2 | AA67: 2 | AB67: 7 | AC67: 5 | AE67: 5 | AG67: =SUM(B67:AF67) -> 92
A68: 22:00 | D68: 3 | F68: 1 | I68: 1 | J68: 2 | L68: 1 | N68: 7 | O68: 8 | P68: 1 | Q68: 3 | R68: 1 | U68: 9 | W68: 3 | X68: 4 | Y68: 3 | AB68: 1 | AC68: 1 | AE68: 8 | AG68: =SUM(B68:AF68) -> 57
A69: 23:00 | F69: 2 | K69: 1 | L69: 1 | N69: 2 | Q69: 4 | U69: 1 | V69: 1 | W69: 2 | X69: 3 | Y69: 1 | Z69: 1 | AA69: 4 | AB69: 1 | AC69: 3 | AD69: 1 | AE69: 3 | AG69: =SUM(B69:AF69) -> 31
A70: 00:00 | L70: 1 | N70: 11 | P70: 2 | V70: 6 | Z70: 1 | AA70: 6 | AG70: =SUM(B70:AF70) -> 27
A71: 01:00 | N71: 13 | O71: 6 | Q71: 6 | V71: 1 | X71: 2 | Y71: 1 | Z71: 5 | AA71: 1 | AB71: 1 | AC71: 8 | AE71: 1 | AG71: =SUM(B71:AF71) -> 45
A72: 02:00 | L72: 4 | O72: 3 | P72: 1 | Q72: 7 | R72: 1 | V72: 2 | W72: 1 | X72: 5 | Y72: 1 | Z72: 3 | AC72: 3 | AE72: 4 | AG72: =SUM(B72:AF72) -> 35
A73: 03:00 | L73: 6 | X73: 2 | Y73: 4 | AB73: 2 | AG73: =SUM(B73:AF73) -> 14
A74: 04:00 | L74: 1 | AG74: =SUM(B74:AF74) -> 1
A75: 05:00 | AG75: =SUM(B75:AF75) -> 0
A76: 06:00 | L76: 1 | AG76: =SUM(B76:AF76) -> 1
A77: 07:00 | S77: 1 | T77: 1 | AG77: =SUM(B77:AF77) -> 2
A78: TOTAL PACIENTES INSCRITOS | B78: =SUM(B79:B80) -> 209 | C78: =SUM(C79:C80) -> 124 | D78: =SUM(D79:D80) -> 133 | E78: =SUM(E79:E80) -> 252 | F78: =SUM(F79:F80) -> 232 | G78: =SUM(G79:G80) -> 222 | H78: =SUM(H79:H80) -> 175 | I78: =SUM(I79:I80) -> 149 | ... AF78: =SUM(AF79:AF80) -> 104 | AG78: =SUM(B78:AF78) -> 6212
A79: SAR | B79: =SUM(B4:B27)-B80 -> 209 | C79: =SUM(C4:C27)-C80 -> 124 | D79: =SUM(D4:D27)-D80 -> 133 | E79: =SUM(E4:E27)-E80 -> 252 | F79: =SUM(F4:F27)-F80 -> 112 | G79: =SUM(G4:G27)-G80 -> 217 | H79: =SUM(H4:H27)-H80 -> 173 | I79: =SUM(I4:I27)-I80 -> 149 | ... AF79: =SUM(AF4:AF27)-AF80 -> 103 | AG79: =SUM(B79:AF79) -> 5354
A80: PAR | D80: 0 | E80: 0 | F80: =SUM(F4:F12) -> 120 | G80: =SUM(G4:G12) -> 5 | H80: =SUM(H4:H12) -> 2 | K80: 0 | L80: 0 | M80: =SUM(M4:M12) -> 131 | N80: =SUM(N4:N12) -> 0 | O80: =SUM(O4:O12) -> 0 | R80: =SUM(R4:R12) -> 1 | S80: =SUM(S4:S12) -> 138 | T80: =SUM(T4:T12) -> 162 | U80: =SUM(U4:U12) -> 0 | V80: =SUM(V4:V12) -> 153 | Y80: =SUM(Y4:Y12) -> 0 | AA80: =SUM(AA4:AA12) -> 145 | AB80: =SUM(AB4:AB12) -> 0 | AC80: =SUM(AC4:AC12) -> 0 | AF80: =SUM(AF4:AF12) -> 1 | AG80: =SUM(B80:AF80) -> 858
A81: TOTAL NSP | B81: =SUM(B82:B83) -> 5 | C81: =SUM(C82:C83) -> 7 | D81: =SUM(D82:D83) -> 5 | E81: =SUM(E82:E83) -> 3 | F81: =SUM(F82:F83) -> 12 | G81: =SUM(G82:G83) -> 27 | H81: =SUM(H82:H83) -> 9 | I81: =SUM(I82:I83) -> 7 | ... AF81: =SUM(AF82:AF83) -> 2 | AG81: =SUM(B81:AF81) -> 694 | AH81: =IF(AG81<>AG53,"*","")
A82: PAR | C82: =SUM(C54:C62) -> 0 | D82: =SUM(D54:D62) -> 0 | G82: =SUM(G54:G62) -> 0 | H82: =SUM(H54:H62) -> 0 | I82: =SUM(I54:I62) -> 0 | J82: =SUM(J54:J62) -> 0 | K82: =SUM(K54:K62) -> 0 | N82: =SUM(N54:N62) -> 0 | O82: =SUM(O54:O62) -> 0 | P82: =SUM(P54:P62) -> 0 | Q82: =SUM(Q54:Q62) -> 0 | R82: =SUM(R54:R62) -> 0 | U82: =SUM(U54:U62) -> 0 | W82: =SUM(W54:W62) -> 0 | X82: =SUM(X54:X62) -> 0 | Y82: =SUM(Y54:Y62) -> 0 | AB82: =SUM(AB54:AB62) -> 0 | AC82: =SUM(AC54:AC62) -> 0 | AD82: =SUM(AD54:AD62) -> 0 | AE82: =SUM(AE54:AE62) -> 0 | AF82: =SUM(AF54:AF62) -> 0 | AG82: =SUM(B82:AF82) -> 0
A83: SAR | B83: =SUM(B54:B77)-B82 -> 5 | C83: =SUM(C54:C77)-C82 -> 7 | D83: =SUM(D54:D77)-D82 -> 5 | E83: =SUM(E54:E77)-E82 -> 3 | F83: =SUM(F54:F77)-F82 -> 12 | G83: =SUM(G54:G77)-G82 -> 27 | H83: =SUM(H54:H77)-H82 -> 9 | I83: =SUM(I54:I77)-I82 -> 7 | ... AF83: =SUM(AF54:AF77)-AF82 -> 2 | AG83: =SUM(B83:AF83) -> 694
A84: NSP PEDIATR. / ADULTOS | B84: =SUM(B85:B86) -> 5 | C84: =SUM(C85:C86) -> 7 | D84: =SUM(D85:D86) -> 5 | E84: =SUM(E85:E86) -> 3 | F84: =SUM(F85:F86) -> 12 | G84: =SUM(G85:G86) -> 27 | H84: =SUM(H85:H86) -> 9 | I84: =SUM(I85:I86) -> 7 | ... AF84: =SUM(AF85:AF86) -> 2 | AG84: =SUM(B84:AF84) -> 694 | AH84: =IF(AG84<>AG82+AG83,"*","") | AI84: NSP
A85: NSP PEDIATRICOS (<15 AÑOS) | B85: 0 | C85: 2 | D85: 0 | E85: 0 | F85: 2 | G85: 3 | H85: 1 | I85: 1 | J85: 1 | K85: 2 | L85: 3 | M85: 1 | N85: 16 | O85: 7 | P85: 6 | Q85: 8 | R85: 4 | S85: 6 | T85: 0 | U85: 6 | V85: 9 | W85: 9 | X85: 4 | Y85: 11 | Z85: 4 | AA85: 7 | AB85: 14 | AC85: 8 | AD85: 3 | AE85: 7 | AF85: 0 | AG85: =SUM(B85:AF85) -> 145
A86: NSP ADULTOS | B86: 5 | C86: 5 | D86: 5 | E86: 3 | F86: 10 | G86: 24 | H86: 8 | I86: 6 | J86: 8 | K86: 8 | L86: 13 | M86: 7 | N86: 53 | O86: 25 | P86: 11 | Q86: 29 | R86: 10 | S86: 17 | T86: 15 | U86: 23 | V86: 26 | W86: 33 | X86: 31 | Y86: 36 | Z86: 26 | AA86: 21 | AB86: 32 | AC86: 24 | AD86: 13 | AE86: 20 | AF86: 2 | AG86: =SUM(B86:AF86) -> 549
A87: NSP CATEGORIZACION | B87: =SUM(B88:B92) -> 5 | C87: =SUM(C88:C92) -> 7 | D87: =SUM(D88:D92) -> 5 | E87: =SUM(E88:E92) -> 3 | F87: =SUM(F88:F92) -> 12 | G87: =SUM(G88:G92) -> 27 | H87: =SUM(H88:H92) -> 9 | I87: =SUM(I88:I92) -> 7 | ... AF87: =SUM(AF88:AF92) -> 2 | AG87: =SUM(B87:AF87) -> 694 | AH87: =IF(AG87<>AG84,"*","")
A88: SIN CATEGORIZACIÓN nsp | C88: 3 | E88: 2 | G88: 8 | H88: 5 | I88: 3 | J88: 4 | K88: 8 | L88: 1 | M88: 2 | N88: 33 | O88: 11 | P88: 13 | Q88: 13 | R88: 5 | S88: 5 | T88: 3 | U88: 14 | V88: 14 | W88: 27 | X88: 12 | Y88: 29 | Z88: 9 | AA88: 4 | AB88: 22 | AC88: 9 | AD88: 10 | AE88: 10 | AF88: 1 | AG88: =SUM(B88:AF88) -> 280
A89: C2 | AG89: =SUM(B89:AF89) -> 0
A90: C3 | L90: 1 | Q90: 1 | U90: 1 | AB90: 1 | AG90: =SUM(B90:AF90) -> 4
A91: C4 | D91: 1 | F91: 3 | G91: 3 | I91: 2 | K91: 1 | L91: 9 | M91: 1 | N91: 8 | O91: 8 | P91: 1 | Q91: 12 | R91: 3 | S91: 8 | T91: 4 | U91: 5 | V91: 6 | W91: 4 | X91: 10 | Y91: 11 | Z91: 3 | AA91: 8 | AB91: 3 | AC91: 3 | AD91: 1 | AE91: 2 | AG91: =SUM(B91:AF91) -> 120
A92: C5 | B92: 5 | C92: 4 | D92: 4 | E92: 1 | F92: 9 | G92: 16 | H92: 4 | I92: 2 | J92: 5 | K92: 1 | L92: 5 | M92: 5 | N92: 28 | O92: 13 | P92: 3 | Q92: 11 | R92: 6 | S92: 10 | T92: 8 | U92: 9 | V92: 15 | W92: 11 | X92: 13 | Y92: 7 | Z92: 18 | AA92: 16 | AB92: 20 | AC92: 20 | AD92: 5 | AE92: 15 | AF92: 1 | AG92: =SUM(B92:AF92) -> 290
A93: TOTAL PACIENTES ATENDIDOS | B93: =+B94+B100 -> 204 | C93: =+C94+C100 -> 117 | D93: =+D94+D100 -> 128 | E93: =+E94+E100 -> 249 | F93: =+F94+F100 -> 220 | G93: =+G94+G100 -> 195 | H93: =+H94+H100 -> 166 | I93: =+I94+I100 -> 142 | ... AF93: =+AF94+AF100 -> 102 | AG93: =SUM(B93:AF93) -> 5518 | AH93: =IF(AG93<>AG28,"*","")
A94: Menor 15 años | B94: =SUM(B95:B99) -> 49 | C94: =SUM(C95:C99) -> 21 | D94: =SUM(D95:D99) -> 17 | E94: =SUM(E95:E99) -> 47 | F94: =SUM(F95:F99) -> 35 | G94: =SUM(G95:G99) -> 35 | H94: =SUM(H95:H99) -> 46 | I94: =SUM(I95:I99) -> 31 | ... AF94: =SUM(AF95:AF99) -> 30 | AG94: =SUM(B94:AF94) -> 1267
A95: Menor 1 Año | B95: 4 | C95: 1 | D95: 1 | E95: 2 | F95: 2 | G95: 2 | H95: 1 | I95: 2 | J95: 2 | K95: 3 | L95: 5 | M95: 4 | N95: 1 | O95: 3 | Q95: 1 | R95: 3 | S95: 1 | T95: 6 | V95: 2 | W95: 1 | X95: 1 | Y95: 1 | AC95: 1 | AD95: 1 | AG95: =SUM(B95:AF95) -> 51
A96: 1 Año | B96: 3 | D96: 1 | E96: 3 | F96: 5 | G96: 3 | H96: 4 | I96: 1 | J96: 3 | K96: 2 | L96: 7 | M96: 3 | N96: 5 | O96: 7 | P96: 3 | Q96: 3 | R96: 2 | S96: 5 | T96: 5 | U96: 4 | V96: 5 | W96: 5 | X96: 1 | Y96: 1 | Z96: 2 | AA96: 6 | AB96: 1 | AC96: 1 | AD96: 2 | AE96: 4 | AF96: 2 | AG96: =SUM(B96:AF96) -> 99
A97: 2 - 4 | B97: 14 | C97: 5 | D97: 3 | E97: 12 | F97: 10 | G97: 8 | H97: 4 | I97: 9 | J97: 7 | K97: 7 | L97: 22 | M97: 16 | N97: 11 | O97: 12 | P97: 13 | Q97: 13 | R97: 7 | S97: 15 | T97: 15 | U97: 5 | V97: 15 | W97: 6 | X97: 12 | Y97: 7 | Z97: 18 | AA97: 13 | AB97: 6 | AC97: 7 | AD97: 9 | AE97: 6 | AF97: 4 | AG97: =SUM(B97:AF97) -> 311
A98: 5 - 9 | B98: 20 | C98: 11 | D98: 9 | E98: 17 | F98: 9 | G98: 9 | H98: 23 | I98: 10 | J98: 9 | K98: 14 | L98: 14 | M98: 22 | N98: 11 | O98: 20 | P98: 17 | Q98: 9 | R98: 12 | S98: 33 | T98: 28 | U98: 19 | V98: 16 | W98: 12 | X98: 14 | Y98: 9 | Z98: 19 | AA98: 29 | AB98: 19 | AC98: 14 | AD98: 16 | AE98: 19 | AF98: 18 | AG98: =SUM(B98:AF98) -> 501
A99: 10 - 14 | B99: 8 | C99: 4 | D99: 3 | E99: 13 | F99: 9 | G99: 13 | H99: 14 | I99: 9 | J99: 4 | K99: 1 | L99: 8 | M99: 20 | N99: 10 | O99: 14 | P99: 11 | Q99: 9 | R99: 9 | S99: 12 | T99: 18 | U99: 7 | V99: 12 | W99: 11 | X99: 9 | Y99: 6 | Z99: 11 | AA99: 17 | AB99: 18 | AC99: 6 | AD99: 2 | AE99: 11 | AF99: 6 | AG99: =SUM(B99:AF99) -> 305
A100: Mayor de 15 años | B100: =SUM(B101:B115) -> 155 | C100: =SUM(C101:C115) -> 96 | D100: =SUM(D101:D115) -> 111 | E100: =SUM(E101:E115) -> 202 | F100: =SUM(F101:F115) -> 185 | G100: =SUM(G101:G115) -> 160 | H100: =SUM(H101:H115) -> 120 | I100: =SUM(I101:I115) -> 111 | ... AF100: =SUM(AF101:AF115) -> 72 | AG100: =SUM(B100:AF100) -> 4251
A101: 15 - 19 | B101: 9 | C101: 12 | D101: 10 | E101: 15 | F101: 13 | G101: 18 | H101: 18 | I101: 14 | J101: 15 | K101: 7 | L101: 17 | M101: 8 | N101: 12 | O101: 14 | P101: 20 | Q101: 14 | R101: 13 | S101: 13 | T101: 11 | U101: 8 | V101: 17 | W101: 15 | X101: 15 | Y101: 12 | Z101: 18 | AA101: 23 | AB101: 6 | AC101: 17 | AD101: 8 | AE101: 9 | AF101: 6 | AG101: =SUM(B101:AF101) -> 407
...

Sheet JUNIO
A2: JUNIO | B2: 1 | C2: =+B2+1 -> 2 | D2: =+C2+1 -> 3 | E2: =+D2+1 -> 4 | F2: =+E2+1 -> 5 | G2: =+F2+1 -> 6 | H2: =+G2+1 -> 7 | I2: =+H2+1 -> 8 | J2: =+I2+1 -> 9 | ... AA2: =+Z2+1 -> 26 | AB2: 27 | AC2: =+AB2+1 -> 28 | AD2: 29 | AE2: 30 | AF2: 31 | AG2: TOTAL
A3: Total de Inscritos | B3: =SUM(B4:B27) -> 298 | C3: =SUM(C4:C27) -> 299 | D3: =SUM(D4:D27) -> 223 | E3: =SUM(E4:E27) -> 185 | F3: =SUM(F4:F27) -> 206 | G3: =SUM(G4:G27) -> 189 | H3: =SUM(H4:H27) -> 175 | I3: =SUM(I4:I27) -> 293 | ... AF3: =SUM(AF4:AF27) -> 0 | AG3: =SUM(B3:AF3) -> 6358
A4: 08:00 | B4: 10 | C4: 5 | I4: 8 | J4: 7 | P4: 11 | Q4: 4 | W4: 7 | X4: 5 | AD4: 6 | AE4: 1 | AG4: =SUM(B4:AF4) -> 64
A5: 09:00 | B5: 13 | C5: 20 | I5: 11 | J5: 14 | P5: 16 | Q5: 8 | W5: 16 | X5: 14 | AD5: 4 | AE5: 9 | AG5: =SUM(B5:AF5) -> 125
A6: 10:00 | B6: 20 | C6: 19 | I6: 21 | J6: 16 | P6: 14 | Q6: 24 | W6: 15 | X6: 20 | AD6: 12 | AE6: 21 | AG6: =SUM(B6:AF6) -> 182
A7: 11:00 | B7: 12 | C7: 29 | I7: 25 | J7: 21 | P7: 26 | Q7: 11 | W7: 24 | X7: 25 | Y7: 1 | AD7: 16 | AE7: 19 | AG7: =SUM(B7:AF7) -> 209
A8: 12:00 | B8: 30 | C8: 23 | I8: 25 | J8: 23 | P8: 13 | Q8: 17 | W8: 24 | X8: 18 | AD8: 22 | AE8: 15 | AG8: =SUM(B8:AF8) -> 210
A9: 13:00 | B9: 26 | C9: 30 | I9: 28 | J9: 22 | P9: 9 | Q9: 14 | W9: 13 | X9: 26 | AD9: 19 | AE9: 23 | AG9: =SUM(B9:AF9) -> 210
A10: 14:00 | B10: 19 | C10: 17 | I10: 20 | J10: 18 | P10: 9 | Q10: 13 | W10: 16 | X10: 19 | AD10: 13 | AE10: 20 | AG10: =SUM(B10:AF10) -> 164
A11: 15:00 | B11: 16 | C11: 18 | I11: 28 | J11: 16 | P11: 19 | Q11: 18 | W11: 22 | X11: 23 | AD11: 20 | AE11: 24 | AG11: =SUM(B11:AF11) -> 204
A12: 16:00 | B12: 21 | C12: 22 | I12: 17 | J12: 19 | O12: 1 | P12: 23 | Q12: 23 | T12: 1 | W12: 22 | X12: 28 | AD12: 17 | AE12: 18 | AG12: =SUM(B12:AF12) -> 212
A13: 17:00 | B13: 26 | C13: 20 | D13: 89 | E13: 79 | F13: 86 | G13: 82 | H13: 66 | I13: 20 | J13: 16 | K13: 98 | L13: 81 | M13: 72 | N13: 87 | O13: 59 | P13: 22 | Q13: 25 | R13: 92 | S13: 78 | T13: 78 | U13: 72 | V13: 70 | W13: 24 | X13: 22 | Y13: 64 | Z13: 83 | AA13: 67 | AB13: 52 | AC13: 30 | AD13: 22 | AE13: 22 | AG13: =SUM(B13:AF13) -> 1704
A14: 18:00 | B14: 18 | C14: 22 | D14: 27 | E14: 23 | F14: 20 | G14: 26 | H14: 21 | I14: 15 | J14: 26 | K14: 36 | L14: 29 | M14: 25 | N14: 19 | O14: 25 | P14: 14 | Q14: 16 | R14: 22 | S14: 29 | T14: 26 | U14: 23 | V14: 13 | W14: 21 | X14: 18 | Y14: 20 | Z14: 26 | AA14: 19 | AB14: 16 | AC14: 5 | AD14: 14 | AE14: 25 | AG14: =SUM(B14:AF14) -> 639
A15: 19:00 | B15: 13 | C15: 21 | D15: 23 | E15: 19 | F15: 25 | G15: 18 | H15: 18 | I15: 18 | J15: 24 | K15: 17 | L15: 26 | M15: 30 | N15: 17 | O15: 23 | P15: 9 | Q15: 9 | R15: 18 | S15: 24 | T15: 23 | U15: 15 | V15: 10 | W15: 19 | X15: 15 | Y15: 12 | Z15: 20 | AA15: 6 | AB15: 10 | AC15: 3 | AD15: 6 | AE15: 14 | AG15: =SUM(B15:AF15) -> 505
A16: 20:00 | B16: 18 | C16: 9 | D16: 31 | E16: 11 | F16: 24 | G16: 14 | H16: 22 | I16: 8 | J16: 19 | K16: 26 | L16: 24 | M16: 18 | N16: 15 | O16: 19 | P16: 8 | Q16: 13 | R16: 13 | S16: 19 | T16: 21 | U16: 21 | V16: 14 | W16: 10 | X16: 10 | Y16: 19 | Z16: 13 | AA16: 11 | AB16: 9 | AC16: 7 | AD16: 10 | AE16: 12 | AG16: =SUM(B16:AF16) -> 468
A17: 21:00 | B17: 19 | C17: 13 | D17: 17 | E17: 13 | F17: 20 | G17: 14 | H17: 9 | I17: 10 | J17: 13 | K17: 22 | L17: 20 | M17: 14 | N17: 16 | O17: 16 | P17: 10 | Q17: 5 | R17: 17 | S17: 24 | T17: 15 | U17: 19 | V17: 16 | W17: 12 | X17: 13 | Y17: 9 | Z17: 18 | AA17: 15 | AB17: 8 | AC17: 10 | AD17: 7 | AE17: 9 | AG17: =SUM(B17:AF17) -> 423
A18: 22:00 | B18: 7 | C18: 9 | D18: 9 | E18: 7 | F18: 8 | G18: 8 | H18: 7 | I18: 5 | J18: 6 | K18: 21 | L18: 12 | M18: 11 | N18: 12 | O18: 12 | P18: 15 | Q18: 11 | R18: 16 | S18: 10 | T18: 11 | U18: 6 | V18: 10 | W18: 5 | X18: 11 | Y18: 16 | Z18: 9 | AA18: 9 | AB18: 16 | AC18: 7 | AD18: 4 | AE18: 10 | AG18: =SUM(B18:AF18) -> 300
A19: 23:00 | B19: 8 | C19: 9 | D19: 7 | E19: 19 | F19: 9 | G19: 13 | H19: 7 | I19: 15 | J19: 6 | K19: 7 | L19: 9 | M19: 5 | N19: 7 | O19: 5 | P19: 19 | Q19: 3 | R19: 6 | S19: 6 | T19: 9 | U19: 7 | V19: 10 | W19: 10 | X19: 5 | Y19: 6 | Z19: 8 | AA19: 12 | AB19: 7 | AC19: 3 | AD19: 10 | AE19: 5 | AG19: =SUM(B19:AF19) -> 252
A20: 00:00 | B20: 10 | C20: 3 | D20: 8 | E20: 5 | F20: 7 | G20: 3 | H20: 14 | I20: 5 | J20: 7 | K20: 5 | L20: 3 | M20: 3 | N20: 7 | O20: 7 | P20: 3 | Q20: 6 | R20: 5 | S20: 3 | T20: 5 | U20: 6 | V20: 7 | X20: 6 | Y20: 5 | Z20: 4 | AA20: 4 | AB20: 4 | AC20: 4 | AD20: 2 | AE20: 3 | AG20: =SUM(B20:AF20) -> 154
A21: 01:00 | B21: 5 | C21: 4 | D21: 5 | E21: 4 | F21: 2 | G21: 2 | H21: 4 | I21: 1 | J21: 5 | K21: 4 | L21: 4 | M21: 2 | N21: 5 | O21: 5 | P21: 4 | Q21: 5 | R21: 2 | S21: 3 | T21: 1 | U21: 3 | V21: 3 | W21: 2 | X21: 8 | Y21: 3 | Z21: 6 | AA21: 1 | AC21: 1 | AD21: 6 | AE21: 4 | AG21: =SUM(B21:AF21) -> 104
A22: 02:00 | B22: 2 | C22: 4 | D22: 1 | E22: 1 | F22: 2 | G22: 1 | I22: 3 | J22: 7 | K22: 2 | L22: 3 | N22: 5 | O22: 1 | P22: 3 | Q22: 2 | R22: 3 | S22: 1 | T22: 1 | U22: 1 | V22: 1 | W22: 1 | X22: 3 | Z22: 3 | AA22: 1 | AB22: 3 | AD22: 4 | AE22: 4 | AG22: =SUM(B22:AF22) -> 63
A23: 03:00 | C23: 1 | D23: 3 | G23: 3 | H23: 1 | I23: 1 | J23: 1 | K23: 2 | M23: 1 | O23: 2 | P23: 3 | Q23: 2 | S23: 1 | T23: 1 | U23: 2 | V23: 3 | W23: 4 | X23: 2 | Z23: 1 | AA23: 2 | AB23: 1 | AC23: 3 | AG23: =SUM(B23:AF23) -> 40
A24: 04:00 | D24: 2 | E24: 2 | F24: 2 | H24: 2 | I24: 2 | J24: 2 | K24: 4 | M24: 1 | O24: 2 | P24: 2 | Q24: 2 | R24: 1 | S24: 1 | V24: 3 | Y24: 3 | AA24: 1 | AD24: 5 | AE24: 1 | AG24: =SUM(B24:AF24) -> 38
A25: 05:00 | B25: 1 | D25: 1 | G25: 2 | H25: 1 | I25: 3 | J25: 1 | K25: 1 | N25: 1 | O25: 2 | P25: 1 | T25: 3 | U25: 1 | V25: 2 | W25: 1 | X25: 1 | Y25: 1 | AA25: 1 | AC25: 3 | AE25: 4 | AG25: =SUM(B25:AF25) -> 31
A26: 06:00 | B26: 4 | C26: 1 | E26: 1 | G26: 3 | H26: 1 | I26: 1 | M26: 3 | N26: 2 | Q26: 1 | R26: 1 | W26: 2 | X26: 1 | AA26: 1 | AB26: 2 | AD26: 1 | AE26: 1 | AG26: =SUM(B26:AF26) -> 26
A27: 07:00 | E27: 1 | F27: 1 | H27: 2 | I27: 3 | N27: 1 | O27: 8 | P27: 1 | R27: 1 | T27: 1 | W27: 1 | X27: 1 | Z27: 1 | AB27: 1 | AC27: 1 | AD27: 5 | AE27: 2 | AG27: =SUM(B27:AF27) -> 31
A28: Total de atendidos | B28: =SUM(B29:B52) -> 267 | C28: =SUM(C29:C52) -> 208 | D28: =SUM(D29:D52) -> 181 | E28: =SUM(E29:E52) -> 157 | F28: =SUM(F29:F52) -> 175 | G28: =SUM(G29:G52) -> 152 | H28: =SUM(H29:H52) -> 159 | I28: =SUM(I29:I52) -> 244 | ... AF28: =SUM(AF29:AF52) -> 0 | AG28: =SUM(B28:AF28) -> 5586
A29: 08:00 | B29: 4 | C29: 1 | H29: 1 | I29: 4 | J29: 4 | O29: 4 | Q29: 3 | W29: 4 | X29: 1 | AD29: 4 | AE29: 1 | AG29: =SUM(B29:AF29) -> 31
A30: 09:00 | B30: 10 | C30: 5 | I30: 10 | J30: 6 | O30: 2 | P30: 4 | Q30: 5 | W30: 7 | X30: 4 | AD30: 7 | AE30: 2 | AG30: =SUM(B30:AF30) -> 62
A31: 10:00 | B31: 14 | C31: 14 | I31: 15 | J31: 4 | P31: 8 | Q31: 7 | W31: 13 | X31: 22 | AD31: 6 | AE31: 11 | AG31: =SUM(B31:AF31) -> 114
A32: 11:00 | B32: 18 | C32: 11 | I32: 16 | J32: 11 | P32: 9 | Q32: 16 | W32: 18 | X32: 27 | AD32: 13 | AE32: 16 | AG32: =SUM(B32:AF32) -> 155
A33: 12:00 | B33: 10 | C33: 12 | I33: 11 | J33: 11 | P33: 11 | Q33: 13 | W33: 11 | X33: 18 | Y33: 1 | AD33: 8 | AE33: 13 | AG33: =SUM(B33:AF33) -> 119
A34: 13:00 | B34: 17 | C34: 9 | I34: 14 | J34: 10 | P34: 6 | Q34: 11 | W34: 8 | X34: 17 | AD34: 8 | AE34: 12 | AG34: =SUM(B34:AF34) -> 112
A35: 14:00 | B35: 19 | C35: 6 | I35: 14 | J35: 11 | P35: 7 | Q35: 10 | W35: 12 | X35: 19 | AD35: 8 | AE35: 13 | AG35: =SUM(B35:AF35) -> 119
A36: 15:00 | B36: 14 | C36: 9 | I36: 19 | J36: 15 | P36: 18 | Q36: 15 | W36: 13 | X36: 18 | AD36: 13 | AE36: 13 | AG36: =SUM(B36:AF36) -> 147
A37: 16:00 | B37: 12 | C37: 11 | I37: 11 | J37: 17 | O37: 1 | P37: 17 | Q37: 18 | W37: 18 | X37: 16 | AD37: 15 | AE37: 21 | AG37: =SUM(B37:AF37) -> 157
A38: 17:00 | B38: 17 | C38: 21 | D38: 3 | E38: 4 | F38: 9 | G38: 7 | H38: 7 | I38: 15 | J38: 20 | K38: 7 | L38: 13 | M38: 6 | N38: 11 | O38: 7 | P38: 17 | Q38: 19 | R38: 4 | S38: 9 | T38: 1 | U38: 11 | V38: 9 | W38: 21 | X38: 17 | Y38: 8 | Z38: 12 | AA38: 8 | AB38: 9 | AC38: 4 | AD38: 11 | AE38: 22 | AG38: =SUM(B38:AF38) -> 329
A39: 18:00 | B39: 17 | C39: 18 | D39: 22 | E39: 19 | F39: 26 | G39: 13 | H39: 24 | I39: 12 | J39: 23 | K39: 27 | L39: 25 | M39: 25 | N39: 27 | O39: 23 | P39: 12 | Q39: 12 | R39: 23 | S39: 28 | T39: 32 | U39: 24 | V39: 28 | W39: 16 | X39: 17 | Y39: 29 | Z39: 26 | AA39: 21 | AB39: 25 | AC39: 21 | AD39: 12 | AE39: 23 | AG39: =SUM(B39:AF39) -> 650
A40: 19:00 | B40: 15 | C40: 15 | D40: 27 | E40: 29 | F40: 26 | G40: 19 | H40: 18 | I40: 11 | J40: 12 | K40: 27 | L40: 22 | M40: 36 | N40: 30 | O40: 22 | P40: 10 | Q40: 20 | R40: 39 | S40: 24 | T40: 32 | U40: 39 | V40: 25 | W40: 13 | X40: 17 | Y40: 29 | Z40: 31 | AA40: 27 | AB40: 35 | AC40: 10 | AD40: 13 | AE40: 26 | AG40: =SUM(B40:AF40) -> 699
A41: 20:00 | B41: 16 | C41: 12 | D41: 31 | E41: 19 | F41: 20 | G41: 21 | H41: 24 | I41: 11 | J41: 19 | K41: 34 | L41: 23 | M41: 30 | N41: 29 | O41: 24 | P41: 17 | Q41: 24 | R41: 34 | S41: 30 | T41: 28 | U41: 34 | V41: 28 | W41: 21 | X41: 14 | Y41: 28 | Z41: 35 | AA41: 25 | AB41: 14 | AC41: 7 | AD41: 16 | AE41: 24 | AG41: =SUM(B41:AF41) -> 692
A42: 21:00 | B42: 22 | C42: 7 | D42: 33 | E42: 23 | F42: 12 | G42: 23 | H42: 20 | I42: 14 | J42: 11 | K42: 31 | L42: 23 | M42: 25 | N42: 17 | O42: 27 | P42: 16 | Q42: 15 | R42: 37 | S42: 15 | T42: 33 | U42: 23 | V42: 14 | W42: 15 | X42: 17 | Y42: 22 | Z42: 30 | AA42: 19 | AB42: 10 | AC42: 5 | AD42: 18 | AE42: 20 | AG42: =SUM(B42:AF42) -> 597
A43: 22:00 | B43: 14 | C43: 11 | D43: 19 | E43: 21 | F43: 17 | G43: 25 | H43: 23 | I43: 15 | J43: 10 | K43: 32 | L43: 25 | M43: 28 | N43: 24 | O43: 22 | P43: 9 | Q43: 8 | R43: 18 | S43: 22 | T43: 27 | U43: 11 | V43: 10 | W43: 8 | X43: 12 | Y43: 7 | Z43: 18 | AA43: 13 | AB43: 9 | AC43: 11 | AD43: 15 | AE43: 11 | AG43: =SUM(B43:AF43) -> 495
A44: 23:00 | B44: 10 | C44: 9 | D44: 11 | E44: 10 | F44: 24 | G44: 17 | H44: 8 | I44: 14 | J44: 19 | K44: 18 | L44: 24 | M44: 5 | N44: 16 | O44: 16 | P44: 14 | Q44: 9 | R44: 10 | S44: 15 | T44: 9 | U44: 11 | V44: 34 | W44: 9 | X44: 9 | Y44: 15 | Z44: 7 | AA44: 9 | AB44: 14 | AC44: 3 | AD44: 7 | AE44: 4 | AG44: =SUM(B44:AF44) -> 380
A45: 00:00 | B45: 9 | C45: 13 | D45: 8 | E45: 8 | F45: 14 | G45: 10 | H45: 13 | I45: 8 | J45: 15 | K45: 7 | L45: 13 | M45: 6 | N45: 8 | O45: 12 | P45: 13 | Q45: 5 | R45: 4 | S45: 9 | T45: 7 | U45: 5 | W45: 8 | X45: 8 | Y45: 3 | Z45: 5 | AA45: 6 | AB45: 4 | AC45: 3 | AD45: 6 | AE45: 4 | AG45: =SUM(B45:AF45) -> 234
A46: 01:00 | B46: 11 | C46: 6 | D46: 14 | E46: 8 | F46: 11 | G46: 8 | H46: 8 | I46: 10 | J46: 11 | K46: 5 | L46: 7 | M46: 2 | N46: 6 | O46: 7 | P46: 6 | Q46: 7 | R46: 4 | S46: 10 | T46: 1 | U46: 4 | W46: 6 | X46: 8 | Y46: 5 | Z46: 5 | AA46: 2 | AC46: 3 | AD46: 4 | AE46: 4 | AG46: =SUM(B46:AF46) -> 183
A47: 02:00 | B47: 6 | C47: 7 | D47: 6 | E47: 10 | F47: 11 | G47: 1 | H47: 8 | I47: 5 | J47: 6 | K47: 3 | L47: 6 | N47: 5 | O47: 2 | P47: 4 | Q47: 2 | R47: 3 | S47: 3 | T47: 1 | U47: 1 | W47: 4 | X47: 8 | Y47: 1 | Z47: 6 | AA47: 1 | AB47: 2 | AD47: 5 | AE47: 4 | AG47: =SUM(B47:AF47) -> 121
A48: 03:00 | B48: 5 | C48: 9 | D48: 4 | E48: 2 | F48: 2 | G48: 2 | H48: 1 | I48: 8 | J48: 2 | K48: 2 | L48: 2 | M48: 1 | O48: 1 | P48: 5 | Q48: 1 | S48: 8 | U48: 1 | W48: 5 | X48: 3 | Z48: 1 | AA48: 2 | AB48: 2 | AC48: 3 | AE48: 1 | AG48: =SUM(B48:AF48) -> 73
A49: 04:00 | B49: 2 | C49: 1 | E49: 2 | F49: 2 | G49: 1 | H49: 1 | I49: 1 | J49: 1 | K49: 1 | O49: 1 | P49: 3 | Q49: 3 | R49: 1 | S49: 2 | U49: 1 | X49: 1 | Y49: 3 | AA49: 1 | AD49: 5 | AG49: =SUM(B49:AF49) -> 33
A50: 05:00 | B50: 2 | D50: 3 | G50: 2 | H50: 2 | I50: 3 | J50: 1 | K50: 4 | M50: 1 | N50: 1 | O50: 3 | P50: 1 | T50: 2 | U50: 1 | X50: 1 | Y50: 1 | AA50: 1 | AC50: 3 | AE50: 5 | AG50: =SUM(B50:AF50) -> 37
A51: 06:00 | B51: 1 | C51: 1 | G51: 1 | J51: 1 | M51: 1 | O51: 1 | Q51: 1 | R51: 1 | T51: 1 | W51: 2 | AA51: 1 | AB51: 1 | AD51: 1 | AE51: 1 | AG51: =SUM(B51:AF51) -> 15
A52: 07:00 | B52: 2 | E52: 2 | F52: 1 | G52: 2 | H52: 1 | I52: 3 | M52: 2 | N52: 2 | O52: 2 | P52: 1 | R52: 1 | W52: 2 | X52: 2 | Z52: 1 | AB52: 2 | AC52: 1 | AD52: 3 | AE52: 2 | AG52: =SUM(B52:AF52) -> 32
A53: Total de NSP | B53: =SUM(B54:B77) -> 31 | C53: =SUM(C54:C77) -> 91 | D53: =SUM(D54:D77) -> 42 | E53: =SUM(E54:E77) -> 28 | F53: =SUM(F54:F77) -> 31 | G53: =SUM(G54:G77) -> 37 | H53: =SUM(H54:H77) -> 16 | I53: =SUM(I54:I77) -> 49 | ... AF53: =SUM(AF54:AF77) -> 0 | AG53: =SUM(B53:AF53) -> 772
A54: 08:00 | P54: 2 | AG54: =SUM(B54:AF54) -> 2
A55: 09:00 | P55: 1 | AE55: 1 | AG55: =SUM(B55:AF55) -> 2
A56: 10:00 | C56: 3 | X56: 1 | AD56: 1 | AG56: =SUM(B56:AF56) -> 5
A57: 11:00 | P57: 1 | X57: 1 | AD57: 1 | AG57: =SUM(B57:AF57) -> 3
A58: 12:00 | B58: 3 | I58: 2 | P58: 1 | AG58: =SUM(B58:AF58) -> 6
A59: 13:00 | B59: 5 | C59: 6 | J59: 3 | P59: 3 | W59: 3 | AE59: 1 | AG59: =SUM(B59:AF59) -> 21
A60: 14:00 | B60: 1 | I60: 5 | J60: 5 | Q60: 2 | AD60: 1 | AG60: =SUM(B60:AF60) -> 14
A61: 15:00 | B61: 4 | C61: 10 | I61: 7 | J61: 8 | P61: 5 | Q61: 1 | W61: 2 | AD61: 1 | AE61: 4 | AG61: =SUM(B61:AF61) -> 42
A62: 16:00 | B62: 2 | C62: 3 | I62: 3 | J62: 1 | P62: 2 | W62: 6 | X62: 1 | AD62: 3 | AE62: 4 | AG62: =SUM(B62:AF62) -> 25
A63: 17:00 | B63: 1 | C63: 15 | G63: 1 | I63: 6 | J63: 6 | K63: 1 | N63: 1 | P63: 4 | Q63: 3 | R63: 1 | W63: 8 | X63: 5 | Z63: 1 | AB63: 1 | AC63: 2 | AG63: =SUM(B63:AF63) -> 56
A64: 18:00 | B64: 2 | C64: 21 | D64: 2 | E64: 1 | F64: 2 | G64: 1 | I64: 9 | J64: 3 | K64: 2 | L64: 1 | M64: 2 | N64: 2 | O64: 3 | R64: 4 | S64: 2 | T64: 7 | V64: 3 | W64: 3 | X64: 3 | Y64: 1 | AB64: 1 | AC64: 1 | AD64: 2 | AE64: 1 | AG64: =SUM(B64:AF64) -> 79
A65: 19:00 | C65: 3 | D65: 3 | E65: 3 | F65: 7 | G65: 10 | H65: 1 | I65: 5 | K65: 6 | L65: 2 | M65: 1 | N65: 6 | O65: 2 | P65: 4 | R65: 4 | S65: 5 | T65: 8 | U65: 5 | V65: 5 | W65: 1 | X65: 1 | Y65: 6 | Z65: 5 | AA65: 2 | AD65: 5 | AE65: 1 | AG65: =SUM(B65:AF65) -> 101
A66: 20:00 | B66: 4 | C66: 1 | D66: 12 | E66: 8 | F66: 3 | G66: 2 | H66: 1 | I66: 1 | J66: 1 | K66: 21 | L66: 2 | M66: 10 | N66: 2 | P66: 6 | Q66: 1 | R66: 8 | S66: 3 | T66: 1 | U66: 2 | V66: 4 | W66: 3 | X66: 1 | Z66: 5 | AA66: 9 | AD66: 5 | AE66: 1 | AG66: =SUM(B66:AF66) -> 117
A67: 21:00 | B67: 2 | C67: 1 | D67: 3 | E67: 11 | G67: 5 | H67: 1 | I67: 5 | J67: 4 | K67: 13 | L67: 12 | M67: 3 | N67: 3 | P67: 6 | Q67: 1 | R67: 1 | S67: 5 | T67: 3 | U67: 2 | X67: 1 | Z67: 3 | AA67: 1 | AD67: 5 | AG67: =SUM(B67:AF67) -> 91
A68: 22:00 | B68: 2 | C68: 5 | D68: 8 | E68: 2 | F68: 1 | G68: 14 | H68: 7 | I68: 1 | K68: 4 | L68: 5 | N68: 3 | O68: 1 | S68: 2 | T68: 1 | V68: 1 | W68: 3 | X68: 1 | AA68: 2 | AD68: 2 | AG68: =SUM(B68:AF68) -> 65
A69: 23:00 | B69: 1 | C69: 2 | D69: 7 | F69: 4 | G69: 3 | H69: 1 | I69: 2 | J69: 3 | L69: 3 | O69: 2 | P69: 4 | S69: 1 | U69: 1 | W69: 2 | X69: 1 | AG69: =SUM(B69:AF69) -> 37
A70: 00:00 | B70: 1 | C70: 16 | F70: 4 | G70: 1 | H70: 4 | J70: 13 | L70: 1 | P70: 6 | S70: 2 | V70: 1 | W70: 1 | AG70: =SUM(B70:AF70) -> 50
A71: 01:00 | B71: 3 | C71: 2 | D71: 7 | E71: 1 | F71: 9 | L71: 2 | M71: 1 | O71: 1 | P71: 1 | S71: 1 | W71: 3 | X71: 2 | AG71: =SUM(B71:AF71) -> 33
A72: 02:00 | E72: 2 | F72: 1 | J72: 2 | O72: 1 | W72: 2 | AD72: 1 | AG72: =SUM(B72:AF72) -> 9
A73: 03:00 | C73: 3 | I73: 2 | Z73: 1 | AG73: =SUM(B73:AF73) -> 6
A74: 04:00 | S74: 3 | AG74: =SUM(B74:AF74) -> 3
A75: 05:00 | I75: 1 | T75: 1 | AG75: =SUM(B75:AF75) -> 2
A76: 06:00 | H76: 1 | AG76: =SUM(B76:AF76) -> 1
A77: 07:00 | N77: 1 | T77: 1 | AG77: =SUM(B77:AF77) -> 2
A78: TOTAL PACIENTES INSCRITOS | B78: =SUM(B79:B80) -> 298 | C78: =SUM(C79:C80) -> 299 | D78: =SUM(D79:D80) -> 223 | E78: =SUM(E79:E80) -> 185 | F78: =SUM(F79:F80) -> 206 | G78: =SUM(G79:G80) -> 189 | H78: =SUM(H79:H80) -> 175 | I78: =SUM(I79:I80) -> 293 | ... AF78: =SUM(AF79:AF80) -> 0 | AG78: =SUM(B78:AF78) -> 6358
A79: SAR | B79: =SUM(B4:B27)-B80 -> 298 | C79: =SUM(C4:C27)-C80 -> 299 | D79: =SUM(D4:D27)-D80 -> 223 | E79: =SUM(E4:E27)-E80 -> 185 | F79: =SUM(F4:F27)-F80 -> 206 | G79: =SUM(G4:G27)-G80 -> 189 | H79: =SUM(H4:H27)-H80 -> 175 | I79: =SUM(I4:I27)-I80 -> 293 | ... AF79: =SUM(AF4:AF27)-AF80 -> 0 | AG79: =SUM(B79:AF79) -> 6355
A80: PAR | D80: 0 | E80: 0 | F80: =SUM(F4:F12) -> 0 | G80: =SUM(G4:G12) -> 0 | H80: =SUM(H4:H12) -> 0 | K80: 0 | L80: 0 | M80: =SUM(M4:M12) -> 0 | N80: =SUM(N4:N12) -> 0 | O80: =SUM(O4:O12) -> 1 | R80: =SUM(R4:R12) -> 0 | S80: =SUM(S4:S12) -> 0 | T80: =SUM(T4:T12) -> 1 | U80: =SUM(U4:U12) -> 0 | V80: =SUM(V4:V12) -> 0 | Y80: =SUM(Y4:Y12) -> 1 | AA80: =SUM(AA4:AA12) -> 0 | AB80: =SUM(AB4:AB12) -> 0 | AC80: =SUM(AC4:AC12) -> 0 | AF80: =SUM(AF4:AF12) -> 0 | AG80: =SUM(B80:AF80) -> 3
A81: TOTAL NSP | B81: =SUM(B82:B83) -> 31 | C81: =SUM(C82:C83) -> 91 | D81: =SUM(D82:D83) -> 42 | E81: =SUM(E82:E83) -> 28 | F81: =SUM(F82:F83) -> 31 | G81: =SUM(G82:G83) -> 37 | H81: =SUM(H82:H83) -> 16 | I81: =SUM(I82:I83) -> 49 | ... AF81: =SUM(AF82:AF83) -> 0 | AG81: =SUM(B81:AF81) -> 772 | AH81: =IF(AG81<>AG53,"*","")
A82: PAR | D82: =SUM(D54:D62) -> 0 | E82: =SUM(E54:E62) -> 0 | F82: =SUM(F54:F62) -> 0 | G82: =SUM(G54:G62) -> 0 | H82: =SUM(H54:H62) -> 0 | K82: =SUM(K54:K62) -> 0 | L82: =SUM(L54:L62) -> 0 | M82: =SUM(M54:M62) -> 0 | N82: =SUM(N54:N62) -> 0 | O82: =SUM(O54:O62) -> 0 | R82: =SUM(R54:R62) -> 0 | S82: =SUM(S54:S62) -> 0 | T82: =SUM(T54:T62) -> 0 | U82: =SUM(U54:U62) -> 0 | V82: =SUM(V54:V62) -> 0 | Y82: =SUM(Y54:Y62) -> 0 | Z82: =SUM(Z54:Z62) -> 0 | AA82: =SUM(AA54:AA62) -> 0 | AB82: =SUM(AB54:AB62) -> 0 | AC82: =SUM(AC54:AC62) -> 0 | AF82: =SUM(AF54:AF62) -> 0 | AG82: =SUM(B82:AF82) -> 0
A83: SAR | B83: =SUM(B54:B77)-B82 -> 31 | C83: =SUM(C54:C77)-C82 -> 91 | D83: =SUM(D54:D77)-D82 -> 42 | E83: =SUM(E54:E77)-E82 -> 28 | F83: =SUM(F54:F77)-F82 -> 31 | G83: =SUM(G54:G77)-G82 -> 37 | H83: =SUM(H54:H77)-H82 -> 16 | I83: =SUM(I54:I77)-I82 -> 49 | ... AF83: =SUM(AF54:AF77)-AF82 -> 0 | AG83: =SUM(B83:AF83) -> 772
A84: NSP PEDIATR. / ADULTOS | B84: =SUM(B85:B86) -> 31 | C84: =SUM(C85:C86) -> 91 | D84: =SUM(D85:D86) -> 42 | E84: =SUM(E85:E86) -> 28 | F84: =SUM(F85:F86) -> 31 | G84: =SUM(G85:G86) -> 37 | H84: =SUM(H85:H86) -> 16 | I84: =SUM(I85:I86) -> 49 | ... AF84: =SUM(AF85:AF86) -> 0 | AG84: =SUM(B84:AF84) -> 772 | AH84: =IF(AG84<>AG82+AG83,"*","") | AI84: NSP
A85: NSP PEDIATRICOS (<15 AÑOS) | B85: 11 | C85: 27 | D85: 11 | E85: 7 | F85: 10 | G85: 6 | H85: 2 | I85: 18 | J85: 16 | K85: 9 | L85: 11 | M85: 3 | N85: 4 | O85: 1 | P85: 9 | Q85: 2 | R85: 2 | S85: 4 | T85: 4 | U85: 1 | V85: 1 | W85: 7 | X85: 0 | Y85: 1 | Z85: 2 | AA85: 2 | AB85: 1 | AC85: 1 | AD85: 4 | AE85: 1 | AG85: =SUM(B85:AF85) -> 178
A86: NSP ADULTOS | B86: 20 | C86: =91-27 -> 64 | D86: =42-11 -> 31 | E86: =28-7 -> 21 | F86: 21 | G86: 31 | H86: 14 | I86: 31 | J86: 33 | K86: 38 | L86: 17 | M86: 14 | N86: 14 | O86: 9 | P86: 37 | Q86: 6 | R86: 16 | S86: 20 | T86: 18 | U86: 9 | V86: 13 | W86: 30 | X86: 18 | Y86: 6 | Z86: 13 | AA86: 12 | AB86: 1 | AC86: 2 | AD86: 23 | AE86: 12 | AG86: =SUM(B86:AF86) -> 594
A87: NSP CATEGORIZACION | B87: =SUM(B88:B92) -> 31 | C87: =SUM(C88:C92) -> 91 | D87: =SUM(D88:D92) -> 42 | E87: =SUM(E88:E92) -> 28 | F87: =SUM(F88:F92) -> 31 | G87: =SUM(G88:G92) -> 37 | H87: =SUM(H88:H92) -> 16 | I87: =SUM(I88:I92) -> 49 | ... AF87: =SUM(AF88:AF92) -> 0 | AG87: =SUM(B87:AF87) -> 772 | AH87: =IF(AG87<>AG84,"*","")
A88: SIN CATEGORIZACIÓN nsp | B88: 9 | C88: 19 | D88: 17 | E88: 13 | F88: 11 | G88: 15 | H88: 3 | I88: 19 | J88: 8 | K88: 13 | L88: 10 | M88: 4 | N88: 8 | O88: 5 | P88: 16 | Q88: 1 | R88: 8 | S88: 6 | T88: 13 | U88: 2 | V88: 2 | W88: 12 | X88: 5 | Y88: 4 | Z88: 5 | AA88: 2 | AB88: 1 | AC88: 3 | AD88: 7 | AE88: 4 | AG88: =SUM(B88:AF88) -> 245
A89: C2 | AG89: =SUM(B89:AF89) -> 0
A90: C3 | C90: 1 | G90: 1 | R90: 1 | AG90: =SUM(B90:AF90) -> 3
A91: C4 | B91: 8 | C91: 32 | D91: 2 | E91: 7 | F91: 10 | G91: 9 | H91: 3 | I91: 1 | J91: 8 | K91: 1 | L91: 5 | M91: 2 | N91: 4 | O91: 4 | P91: 8 | Q91: 3 | R91: 4 | S91: 7 | T91: 4 | U91: 1 | V91: 2 | W91: 10 | X91: 5 | Z91: 5 | AA91: 3 | AB91: 1 | AD91: 8 | AE91: 2 | AG91: =SUM(B91:AF91) -> 159
A92: C5 | B92: 14 | C92: 39 | D92: 23 | E92: 8 | F92: 10 | G92: 12 | H92: 10 | I92: 29 | J92: 33 | K92: 33 | L92: 13 | M92: 11 | N92: 6 | O92: 1 | P92: 22 | Q92: 4 | R92: 5 | S92: 11 | T92: 5 | U92: 7 | V92: 10 | W92: 15 | X92: 8 | Y92: 3 | Z92: 5 | AA92: 9 | AD92: 12 | AE92: 7 | AG92: =SUM(B92:AF92) -> 365
A93: TOTAL PACIENTES ATENDIDOS | B93: =+B94+B100 -> 267 | C93: =+C94+C100 -> 208 | D93: =+D94+D100 -> 181 | E93: =+E94+E100 -> 157 | F93: =+F94+F100 -> 175 | G93: =+G94+G100 -> 152 | H93: =+H94+H100 -> 159 | I93: =+I94+I100 -> 244 | ... AF93: =+AF94+AF100 -> 0 | AG93: =SUM(B93:AF93) -> 5586 | AH93: =IF(AG93<>AG28,"*","")
A94: Menor 15 años | B94: =SUM(B95:B99) -> 75 | C94: =SUM(C95:C99) -> 57 | D94: =SUM(D95:D99) -> 52 | E94: =SUM(E95:E99) -> 47 | F94: =SUM(F95:F99) -> 54 | G94: =SUM(G95:G99) -> 36 | H94: =SUM(H95:H99) -> 35 | I94: =SUM(I95:I99) -> 69 | ... AF94: =SUM(AF95:AF99) -> 0 | AG94: =SUM(B94:AF94) -> 1274
A95: Menor 1 Año | B95: 4 | C95: 3 | D95: 1 | E95: 2 | F95: 0 | H95: 1 | I95: 4 | J95: 1 | K95: 1 | O95: 2 | P95: 1 | Q95: 2 | S95: 2 | U95: 6 | V95: 1 | W95: 2 | Y95: 1 | Z95: 3 | AA95: 1 | AD95: 1 | AE95: 2 | AG95: =SUM(B95:AF95) -> 41
A96: 1 Año | B96: 4 | C96: 5 | D96: 1 | E96: 1 | F96: 5 | G96: 1 | H96: 3 | I96: 2 | J96: 2 | K96: 5 | L96: 2 | M96: 5 | N96: 2 | P96: 2 | Q96: 2 | R96: 2 | S96: 4 | T96: 3 | W96: 4 | Y96: 3 | AB96: 2 | AC96: 1 | AD96: 2 | AE96: 3 | AG96: =SUM(B96:AF96) -> 66
A97: 2 - 4 | B97: 21 | C97: 17 | D97: 11 | E97: 7 | F97: 11 | G97: 13 | H97: 10 | I97: 13 | J97: 7 | K97: 13 | L97: 4 | M97: 6 | N97: 7 | O97: 2 | P97: 9 | Q97: 8 | R97: 10 | S97: 6 | T97: 11 | U97: 11 | V97: 3 | W97: 13 | X97: 16 | Y97: 2 | Z97: 6 | AA97: 7 | AB97: 5 | AC97: 2 | AD97: 5 | AE97: 15 | AG97: =SUM(B97:AF97) -> 271
A98: 5 - 9 | B98: 29 | C98: 25 | D98: 27 | E98: 18 | F98: 17 | G98: 11 | H98: 15 | I98: 35 | J98: 28 | K98: 23 | L98: 14 | M98: 11 | N98: 16 | O98: 13 | P98: 12 | Q98: 20 | R98: 20 | S98: 20 | T98: 13 | U98: 15 | V98: 4 | W98: 19 | X98: 22 | Y98: 11 | Z98: 15 | AA98: 8 | AB98: 10 | AC98: 2 | AD98: 14 | AE98: 19 | AG98: =SUM(B98:AF98) -> 506
A99: 10 - 14 | B99: 17 | C99: 7 | D99: 12 | E99: 19 | F99: 21 | G99: 11 | H99: 6 | I99: 15 | J99: 18 | K99: 17 | L99: 23 | M99: 17 | N99: 16 | O99: 7 | P99: 13 | Q99: 15 | R99: 23 | S99: 11 | T99: 5 | U99: 6 | V99: 9 | W99: 11 | X99: 11 | Y99: 12 | Z99: 15 | AA99: 14 | AB99: 8 | AC99: 2 | AD99: 15 | AE99: 14 | AG99: =SUM(B99:AF99) -> 390
A100: Mayor de 15 años | B100: =SUM(B101:B115) -> 192 | C100: =SUM(C101:C115) -> 151 | D100: =SUM(D101:D115) -> 129 | E100: =SUM(E101:E115) -> 110 | F100: =SUM(F101:F115) -> 121 | G100: =SUM(G101:G115) -> 116 | H100: =SUM(H101:H115) -> 124 | I100: =SUM(I101:I115) -> 175 | ... AF100: =SUM(AF101:AF115) -> 0 | AG100: =SUM(B100:AF100) -> 4312
A101: 15 - 19 | B101: 16 | C101: 12 | D101: 16 | E101: 11 | F101: 11 | G101: 12 | H101: 14 | I101: 13 | J101: 16 | K101: 17 | L101: 17 | M101: 14 | N101: 16 | O101: 16 | P101: 9 | Q101: 22 | R101: 19 | S101: 13 | T101: 16 | U101: 13 | V101: 13 | W101: 12 | X101: 19 | Y101: 11 | Z101: 19 | AA101: 16 | AB101: 8 | AC101: 7 | AD101: 15 | AE101: 15 | AG101: =SUM(B101:AF101) -> 428
...

Sheet JULIO
A2: JULIO | B2: 1 | C2: =+B2+1 -> 2 | D2: =+C2+1 -> 3 | E2: =+D2+1 -> 4 | F2: =+E2+1 -> 5 | G2: =+F2+1 -> 6 | H2: =+G2+1 -> 7 | I2: =+H2+1 -> 8 | J2: =+I2+1 -> 9 | ... AA2: =+Z2+1 -> 26 | AB2: 27 | AC2: =+AB2+1 -> 28 | AD2: 29 | AE2: 30 | AF2: 31 | AG2: TOTAL
A3: Total de Inscritos | B3: =SUM(B4:B27) -> 175 | C3: =SUM(C4:C27) -> 128 | D3: =SUM(D4:D27) -> 164 | E3: =SUM(E4:E27) -> 167 | F3: =SUM(F4:F27) -> 165 | G3: =SUM(G4:G27) -> 247 | H3: =SUM(H4:H27) -> 241 | I3: =SUM(I4:I27) -> 205 | ... AF3: =SUM(AF4:AF27) -> 150 | AG3: =SUM(B3:AF3) -> 5478
A4: 08:00 | H4: 6 | N4: 6 | O4: 2 | Q4: 1 | U4: 9 | V4: 6 | AB4: 3 | AC4: 2 | AG4: =SUM(B4:AF4) -> 35
A5: 09:00 | G5: 9 | H5: 15 | N5: 7 | O5: 11 | Q5: 14 | U5: 24 | V5: 13 | AB5: 12 | AC5: 9 | AG5: =SUM(B5:AF5) -> 114
A6: 10:00 | G6: 16 | H6: 12 | N6: 16 | O6: 13 | Q6: 7 | U6: 8 | V6: 17 | AB6: 9 | AC6: 13 | AG6: =SUM(B6:AF6) -> 111
A7: 11:00 | G7: 10 | H7: 14 | N7: 24 | O7: 17 | Q7: 16 | U7: 22 | V7: 19 | AB7: 17 | AC7: 10 | AG7: =SUM(B7:AF7) -> 149
A8: 12:00 | G8: 15 | H8: 12 | N8: 14 | O8: 18 | P8: 1 | Q8: 21 | R8: 1 | U8: 15 | V8: 20 | AB8: 19 | AC8: 10 | AG8: =SUM(B8:AF8) -> 146
A9: 13:00 | G9: 22 | H9: 15 | N9: 13 | O9: 15 | Q9: 14 | U9: 8 | V9: 9 | AB9: 12 | AC9: 17 | AG9: =SUM(B9:AF9) -> 125
A10: 14:00 | G10: 14 | H10: 12 | N10: 18 | O10: 12 | Q10: 7 | U10: 12 | V10: 19 | AB10: 11 | AC10: 18 | AG10: =SUM(B10:AF10) -> 123
A11: 15:00 | G11: 15 | H11: 14 | N11: 13 | O11: 25 | Q11: 14 | U11: 12 | V11: 12 | AB11: 28 | AC11: 26 | AG11: =SUM(B11:AF11) -> 159
A12: 16:00 | G12: 17 | H12: 21 | N12: 26 | O12: 18 | Q12: 12 | U12: 24 | V12: 19 | Z12: 1 | AB12: 18 | AC12: 18 | AG12: =SUM(B12:AF12) -> 174
A13: 17:00 | B13: 61 | C13: 55 | D13: 68 | E13: 66 | F13: 55 | G13: 25 | H13: 20 | I13: 76 | J13: 56 | K13: 52 | L13: 60 | M13: 60 | N13: 24 | O13: 28 | P13: 69 | Q13: 24 | R13: 56 | S13: 63 | T13: 59 | U13: 18 | V13: 11 | W13: 64 | X13: 59 | Y13: 61 | Z13: 42 | AA13: 50 | AB13: 17 | AC13: 15 | AD13: 75 | AE13: 70 | AF13: 58 | AG13: =SUM(B13:AF13) -> 1517
A14: 18:00 | B14: 23 | C14: 19 | D14: 19 | E14: 23 | F14: 17 | G14: 19 | H14: 16 | I14: 31 | J14: 21 | K14: 13 | L14: 16 | M14: 18 | N14: 16 | O14: 12 | P14: 25 | Q14: 15 | R14: 20 | S14: 20 | T14: 17 | U14: 15 | V14: 13 | W14: 23 | X14: 17 | Y14: 15 | Z14: 14 | AA14: 16 | AB14: 19 | AC14: 19 | AD14: 24 | AE14: 19 | AF14: 13 | AG14: =SUM(B14:AF14) -> 567
A15: 19:00 | B15: 16 | C15: 17 | D15: 18 | E15: 17 | F15: 18 | G15: 16 | H15: 23 | I15: 19 | J15: 21 | K15: 11 | L15: 20 | M15: 18 | N15: 9 | O15: 14 | P15: 18 | Q15: 18 | R15: 22 | S15: 17 | T15: 16 | U15: 8 | V15: 18 | W15: 18 | X15: 22 | Y15: 20 | Z15: 18 | AA15: 12 | AB15: 7 | AC15: 6 | AD15: 18 | AE15: 12 | AF15: 19 | AG15: =SUM(B15:AF15) -> 506
A16: 20:00 | B16: 17 | C16: 8 | D16: 10 | E16: 11 | F16: 22 | G16: 11 | H16: 15 | I16: 26 | J16: 23 | K16: 13 | L16: 16 | M16: 13 | N16: 15 | O16: 14 | P16: 15 | Q16: 7 | R16: 15 | S16: 17 | T16: 11 | U16: 8 | V16: 12 | W16: 8 | X16: 14 | Y16: 11 | Z16: 12 | AA16: 10 | AB16: 10 | AC16: 8 | AD16: 12 | AE16: 20 | AF16: 17 | AG16: =SUM(B16:AF16) -> 421
