Workbook

Sheet detalle CIE10
A1: CIE_10 | B1: Descriptor
A2: J00-J06
A3: J00X | B3: RINOFARINGITIS AGUDA (RESFRIADO COMUN)
A4: J010 | B4: SINUSITIS MAXILAR AGUDA
A5: J011 | B5: SINUSITIS FRONTAL AGUDA
A6: J012 | B6: SINUSITIS ETMOIDAL AGUDA
A7: J013 | B7: SINUSITIS ESFENOIDAL AGUDA
A8: J014 | B8: PANSINUSITIS AGUDA
A9: J018 | B9: OTRAS SINUSITIS AGUDAS
A10: J019 | B10: SINUSITIS AGUDA, NO ESPECIFICADA
A11: J020 | B11: FARINGITIS ESTREPTOCOCICA
A12: J028 | B12: FARINGITIS AGUDA DEBIDA A OTROS MICROORGANISMOS ESPECIFICADOS
A13: J029 | B13: FARINGITIS AGUDA, NO ESPECIFICADA
A14: J030 | B14: AMIGDALITIS ESTREPTOCOCICA
... A24: J069 | B24: INFECCION AGUDA DE LAS VÍAS RESPIRATORIAS SUPERIORES, NO ESPECIFICADA
A26: J09-J11
A27: J09X | B27: INFLUENZA DEBIDA A CIERTOS VIRUS DE LA INFLUENZA IDENTIFICADOS
A28: J100 | B28: INFLUENZA CON NEUMONIA, DEBIDA A VIRUS DE LA INFLUENZA IDENTIFICADO
A29: J101 | B29: INFLUENZA CON OTRAS MANIFESTACIONES RESPIRATORIAS, DEBIDA A VIRUS DE LA INFLUENZA IDENTIFICADO
A30: J108 | B30: INFLUENZA, CON OTRAS MANIFESTACIONES, DEBIDA A VIRUS DE LA INFLUENZA IDENTIFICADO
A31: J110 | B31: INFLUENZA CON NEUMONIA, VIRUS NO IDENTIFICADO
A32: J111 | B32: INFLUENZA CON OTRAS MANIFESTACIONES RESPIRATORIAS, VIRUS NO IDENTIFICADO
A33: J118 | B33: INFLUENZA CON OTRAS MANIFESTACIONES, VIRUS NO IDENTIFICADO
A36: J12-J18
A37: J120 | B37: NEUMONIA DEBIDA A ADENOVIRUS
A38: J121 | B38: NEUMONIA DEBIDA A VIRUS SINCICIAL RESPIRATORIO
A39: J122 | B39: NEUMONIA DEBIDA A VIRUS PARAINFLUENZA
A40: J123 | B40: NEUMONÍA DEBIDA A METANEUMOVIRUS HUMANO
A41: J128 | B41: NEUMONIA DEBIDA A OTROS VIRUS
A42: J129 | B42: NEUMONIA VIRAL, NO ESPECIFICADA (VIRUS)
A43: J13X | B43: NEUMONIA DEBIDA A STREPTOCOCCUS PNEUMONIAE
A44: J14X | B44: NEUMONIA DEBIDA A HAEMOPHILUS INFLUENZAE
A45: J150 | B45: NEUMONIA DEBIDA A KLEBSIELLA PNEUMONIAE
A46: J151 | B46: NEUMONIA DEBIDA A PSEUDOMONAS
A47: J152 | B47: NEUMONIA DEBIDA A ESTAFILOCOCOS
A48: J153 | B48: NEUMONIA DEBIDA A ESTREPTOCOCOS DEL GRUPO B
... A61: J189 | B61: NEUMONIA, NO ESPECIFICADA
A64: J20-J21
A65: J200 | B65: BRONQUITIS AGUDA DEBIDA A MYCOPLASMA PNEUMONIAE
A66: J201 | B66: BRONQUITIS AGUDA DEBIDA A HAEMOPHILUS INFLUENZAE
A67: J202 | B67: BRONQUITIS AGUDA DEBIDA A ESTREPTOCOCOS
A68: J203 | B68: BRONQUITIS AGUDA DEBIDA A VIRUS COXSACKIE
A69: J204 | B69: BRONQUITIS AGUDA DEBIDA A VIRUS PARAINFLUENZA
A70: J205 | B70: BRONQUITIS AGUDA DEBIDA A VIRUS SINCITIAL RESPIRATORIO
A71: J206 | B71: BRONQUITIS AGUDA DEBIDA A RINOVIRUS
A72: J207 | B72: BRONQUITIS AGUDA DEBIDA A VIRUS ECHO
A73: J208 | B73: BRONQUITIS AGUDA DEBIDA A OTROS MICROORGANISMOS ESPECIFICADOS
A74: J209 | B74: BRONQUITIS AGUDA, NO ESPECIFICADO
A75: J210 | B75: BRONQUIOLITIS AGUDA DEBIDA A VIRUS SINCITIAL RESPIRATORIO
A76: J211 | B76: BRONQUIOLITIS AGUDA DEBIDA A METANEUMOVIRUS HUMANO
... A78: J219 | B78: BRONQUIOLITIS AGUDA, NO ESPECIFICADA
A81: J40-J46
A82: J40X | B82: BRONQUITIS, NO ESPECIFICADA COMO AGUDA O CRONICA
A83: J410 | B83: BRONQUITIS CRONICA SIMPLE
A84: J411 | B84: BRONQUITIS CRONICA MUCOPURULENTA
A85: J418 | B85: BRONQUITIS CRONICA MIXTA SIMPLE Y MUCOPURULENTA
A86: J42X | B86: BRONQUITIS CRONICA NO ESPECIFICADA
A87: J430 | B87: SINDROME DE MACLEOD
A88: J431 | B88: ENFISEMA PANLOBULAR
A89: J432 | B89: ENFISEMA CENTROLOBULAR
A90: J438 | B90: OTROS TIPOS DE ENFISEMA
A91: J439 | B91: ENFISEMA, NO ESPECIFICADO
A92: J440 | B92: ENFERMEDAD PULMÓNAR OBSTRUCTIVA CRONICA C/INFECC. AG.DE VÍAS RESPIRATORIAS INFERIORES
A93: J441 | B93: ENFERMEDAD PULMÓNAR OBSTRUCTIVA CRONICA CON EXACERBACION AGUDA, NO ESPECIFICADA
... A100: J46X | B100: ESTADO ASMATICO
A103: J22,J30-J39,J60-J98
A104: J22X | B104: INFECCION AGUDA NO ESPECIFICADA DE LAS VÍAS RESPIRATORIAS INFERIORES
A105: J300 | B105: RINITIS VASOMOTORA
A106: J301 | B106: RINITIS ALERGICA DEBIDA AL POLEN
A107: J302 | B107: OTRA RINITIS ALERGICA ESTACIONAL
A108: J303 | B108: OTRAS RINITIS ALERGICAS
A109: J304 | B109: RINITIS ALERGICA, NO ESPECIFICADA
A110: J310 | B110: RINITIS CRONICA
A111: J311 | B111: RINOFARINGITIS CRONICA
A112: J312 | B112: FARINGITIS CRONICA
A113: J320 | B113: SINUSITIS MAXILAR CRONICA
A114: J321 | B114: SINUSITIS FRONTAL CRONICA
A115: J322 | B115: SINUSITIS ETMOIDAL CRONICA
... A231: J989 | B231: TRASTORNO RESPIRATORIO, NO ESPECIFICADO

Sheet FORMATO
A2: X X X X X | B2: 1 | C2: =+B2+1 -> 2 | D2: =+C2+1 -> 3 | E2: =+D2+1 -> 4 | F2: =+E2+1 -> 5 | G2: =+F2+1 -> 6 | H2: =+G2+1 -> 7 | I2: =+H2+1 -> 8 | J2: =+I2+1 -> 9 | ... AA2: =+Z2+1 -> 26 | AB2: 27 | AC2: =+AB2+1 -> 28 | AD2: 29 | AE2: 30 | AF2: 31 | AG2: TOTAL
A3: Total de Inscritos | B3: =SUM(B4:B27) -> 0 | C3: =SUM(C4:C27) -> 0 | D3: =SUM(D4:D27) -> 0 | E3: =SUM(E4:E27) -> 0 | F3: =SUM(F4:F27) -> 0 | G3: =SUM(G4:G27) -> 0 | H3: =SUM(H4:H27) -> 0 | I3: =SUM(I4:I27) -> 0 | ... AF3: =SUM(AF4:AF27) -> 0 | AG3: =SUM(B3:AF3) -> 0
A4: 08:00 | AG4: =SUM(B4:AF4) -> 0
A5: 09:00 | AG5: =SUM(B5:AF5) -> 0
A6: 10:00 | AG6: =SUM(B6:AF6) -> 0
A7: 11:00 | AG7: =SUM(B7:AF7) -> 0
A8: 12:00 | AG8: =SUM(B8:AF8) -> 0
A9: 13:00 | AG9: =SUM(B9:AF9) -> 0
A10: 14:00 | AG10: =SUM(B10:AF10) -> 0
A11: 15:00 | AG11: =SUM(B11:AF11) -> 0
A12: 16:00 | AG12: =SUM(B12:AF12) -> 0
A13: 17:00 | AG13: =SUM(B13:AF13) -> 0
A14: 18:00 | AG14: =SUM(B14:AF14) -> 0
A15: 19:00 | AG15: =SUM(B15:AF15) -> 0
... A27: 07:00 | AG27: =SUM(B27:AF27) -> 0
A28: Total de atendidos | B28: =SUM(B29:B52) -> 0 | C28: =SUM(C29:C52) -> 0 | D28: =SUM(D29:D52) -> 0 | E28: =SUM(E29:E52) -> 0 | F28: =SUM(F29:F52) -> 0 | G28: =SUM(G29:G52) -> 0 | H28: =SUM(H29:H52) -> 0 | I28: =SUM(I29:I52) -> 0 | ... AF28: =SUM(AF29:AF52) -> 0 | AG28: =SUM(B28:AF28) -> 0
A29: 08:00 | AG29: =SUM(B29:AF29) -> 0
A30: 09:00 | AG30: =SUM(B30:AF30) -> 0
A31: 10:00 | AG31: =SUM(B31:AF31) -> 0
A32: 11:00 | AG32: =SUM(B32:AF32) -> 0
A33: 12:00 | AG33: =SUM(B33:AF33) -> 0
A34: 13:00 | AG34: =SUM(B34:AF34) -> 0
A35: 14:00 | AG35: =SUM(B35:AF35) -> 0
A36: 15:00 | AG36: =SUM(B36:AF36) -> 0
A37: 16:00 | AG37: =SUM(B37:AF37) -> 0
A38: 17:00 | AG38: =SUM(B38:AF38) -> 0
A39: 18:00 | AG39: =SUM(B39:AF39) -> 0
A40: 19:00 | AG40: =SUM(B40:AF40) -> 0
... A52: 07:00 | AG52: =SUM(B52:AF52) -> 0
A53: Total de NSP | B53: =SUM(B54:B77) -> 0 | C53: =SUM(C54:C77) -> 0 | D53: =SUM(D54:D77) -> 0 | E53: =SUM(E54:E77) -> 0 | F53: =SUM(F54:F77) -> 0 | G53: =SUM(G54:G77) -> 0 | H53: =SUM(H54:H77) -> 0 | I53: =SUM(I54:I77) -> 0 | ... AF53: =SUM(AF54:AF77) -> 0 | AG53: =SUM(B53:AF53) -> 0
A54: 08:00 | AG54: =SUM(B54:AF54) -> 0
A55: 09:00 | AG55: =SUM(B55:AF55) -> 0
A56: 10:00 | AG56: =SUM(B56:AF56) -> 0
A57: 11:00 | AG57: =SUM(B57:AF57) -> 0
A58: 12:00 | AG58: =SUM(B58:AF58) -> 0
A59: 13:00 | AG59: =SUM(B59:AF59) -> 0
A60: 14:00 | AG60: =SUM(B60:AF60) -> 0
A61: 15:00 | AG61: =SUM(B61:AF61) -> 0
A62: 16:00 | AG62: =SUM(B62:AF62) -> 0
A63: 17:00 | AG63: =SUM(B63:AF63) -> 0
A64: 18:00 | AG64: =SUM(B64:AF64) -> 0
A65: 19:00 | AG65: =SUM(B65:AF65) -> 0
... A77: 07:00 | AG77: =SUM(B77:AF77) -> 0
A78: TOTAL PACIENTES INSCRITOS | B78: =SUM(B79:B80) -> 0 | C78: =SUM(C79:C80) -> 0 | D78: =SUM(D79:D80) -> 0 | E78: =SUM(E79:E80) -> 0 | F78: =SUM(F79:F80) -> 0 | G78: =SUM(G79:G80) -> 0 | H78: =SUM(H79:H80) -> 0 | I78: =SUM(I79:I80) -> 0 | ... AF78: =SUM(AF79:AF80) -> 0 | AG78: =SUM(B78:AF78) -> 0
A79: SAR | B79: =SUM(B4:B27)-B80 -> 0 | C79: =SUM(C4:C27)-C80 -> 0 | D79: =SUM(D4:D27)-D80 -> 0 | E79: =SUM(E4:E27)-E80 -> 0 | F79: =SUM(F4:F27)-F80 -> 0 | G79: =SUM(G4:G27)-G80 -> 0 | H79: =SUM(H4:H27)-H80 -> 0 | I79: =SUM(I4:I27)-I80 -> 0 | ... AF79: =SUM(AF4:AF27)-AF80 -> 0 | AG79: =SUM(B79:AF79) -> 0
A80: PAR | D80: 0 | E80: 0 | F80: =SUM(F4:F12) -> 0 | G80: =SUM(G4:G12) -> 0 | H80: =SUM(H4:H12) -> 0 | K80: 0 | L80: 0 | M80: =SUM(M4:M12) -> 0 | N80: =SUM(N4:N12) -> 0 | O80: =SUM(O4:O12) -> 0 | R80: =SUM(R4:R12) -> 0 | S80: =SUM(S4:S12) -> 0 | T80: =SUM(T4:T12) -> 0 | U80: =SUM(U4:U12) -> 0 | V80: =SUM(V4:V12) -> 0 | Y80: =SUM(Y4:Y12) -> 0 | AA80: =SUM(AA4:AA12) -> 0 | AB80: =SUM(AB4:AB12) -> 0 | AC80: =SUM(AC4:AC12) -> 0 | AF80: =SUM(AF4:AF12) -> 0 | AG80: =SUM(B80:AF80) -> 0
A81: TOTAL NSP | B81: =SUM(B82:B83) -> 0 | C81: =SUM(C82:C83) -> 0 | D81: =SUM(D82:D83) -> 0 | E81: =SUM(E82:E83) -> 0 | F81: =SUM(F82:F83) -> 0 | G81: =SUM(G82:G83) -> 0 | H81: =SUM(H82:H83) -> 0 | I81: =SUM(I82:I83) -> 0 | ... AF81: =SUM(AF82:AF83) -> 0 | AG81: =SUM(B81:AF81) -> 0 | AH81: =IF(AG81<>AG53,"*","")
A82: PAR | B82: =SUM(B54:B62) -> 0 | C82: =SUM(C54:C62) -> 0 | D82: =SUM(D54:D62) -> 0 | E82: =SUM(E54:E62) -> 0 | F82: =SUM(F54:F62) -> 0 | G82: =SUM(G54:G62) -> 0 | H82: =SUM(H54:H62) -> 0 | I82: =SUM(I54:I62) -> 0 | ... AF82: =SUM(AF54:AF62) -> 0 | AG82: =SUM(B82:AF82) -> 0
A83: SAR | B83: =SUM(B54:B77)-B82 -> 0 | C83: =SUM(C54:C77)-C82 -> 0 | D83: =SUM(D54:D77)-D82 -> 0 | E83: =SUM(E54:E77)-E82 -> 0 | F83: =SUM(F54:F77)-F82 -> 0 | G83: =SUM(G54:G77)-G82 -> 0 | H83: =SUM(H54:H77)-H82 -> 0 | I83: =SUM(I54:I77)-I82 -> 0 | ... AF83: =SUM(AF54:AF77)-AF82 -> 0 | AG83: =SUM(B83:AF83) -> 0
A84: NSP PEDIATR. / ADULTOS | B84: =SUM(B85:B86) -> 0 | C84: =SUM(C85:C86) -> 0 | D84: =SUM(D85:D86) -> 0 | E84: =SUM(E85:E86) -> 0 | F84: =SUM(F85:F86) -> 0 | G84: =SUM(G85:G86) -> 0 | H84: =SUM(H85:H86) -> 0 | I84: =SUM(I85:I86) -> 0 | ... AF84: =SUM(AF85:AF86) -> 0 | AG84: =SUM(B84:AF84) -> 0 | AH84: =IF(AG84<>AG82+AG83,"*","") | AI84: NSP
A85: NSP PEDIATRICOS (<15 AÑOS) | AG85: =SUM(B85:AF85) -> 0
A86: NSP ADULTOS | AG86: =SUM(B86:AF86) -> 0
A87: NSP CATEGORIZACION | B87: =SUM(B88:B92) -> 0 | C87: =SUM(C88:C92) -> 0 | D87: =SUM(D88:D92) -> 0 | E87: =SUM(E88:E92) -> 0 | F87: =SUM(F88:F92) -> 0 | G87: =SUM(G88:G92) -> 0 | H87: =SUM(H88:H92) -> 0 | I87: =SUM(I88:I92) -> 0 | ... AF87: =SUM(AF88:AF92) -> 0 | AG87: =SUM(B87:AF87) -> 0 | AH87: =IF(AG87<>AG84,"*","")
A88: SIN CATEGORIZACIÓN nsp | AG88: =SUM(B88:AF88) -> 0
A89: C2 | AG89: =SUM(B89:AF89) -> 0
A90: C3 | AG90: =SUM(B90:AF90) -> 0
A91: C4 | AG91: =SUM(B91:AF91) -> 0
A92: C5 | AG92: =SUM(B92:AF92) -> 0
A93: TOTAL PACIENTES ATENDIDOS | B93: =+B94+B100 -> 0 | C93: =+C94+C100 -> 0 | D93: =+D94+D100 -> 0 | E93: =+E94+E100 -> 0 | F93: =+F94+F100 -> 0 | G93: =+G94+G100 -> 0 | H93: =+H94+H100 -> 0 | I93: =+I94+I100 -> 0 | ... AF93: =+AF94+AF100 -> 0 | AG93: =SUM(B93:AF93) -> 0 | AH93: =IF(AG93<>AG28,"*","")
A94: Menor 15 años | B94: =SUM(B95:B99) -> 0 | C94: =SUM(C95:C99) -> 0 | D94: =SUM(D95:D99) -> 0 | E94: =SUM(E95:E99) -> 0 | F94: =SUM(F95:F99) -> 0 | G94: =SUM(G95:G99) -> 0 | H94: =SUM(H95:H99) -> 0 | I94: =SUM(I95:I99) -> 0 | ... AF94: =SUM(AF95:AF99) -> 0 | AG94: =SUM(B94:AF94) -> 0
A95: Menor 1 Año | AG95: =SUM(B95:AF95) -> 0
A96: 1 Año | AG96: =SUM(B96:AF96) -> 0
A97: 2 - 4 | AG97: =SUM(B97:AF97) -> 0
A98: 5 - 9 | AG98: =SUM(B98:AF98) -> 0
A99: 10 - 14 | AG99: =SUM(B99:AF99) -> 0
A100: Mayor de 15 años | B100: =SUM(B101:B115) -> 0 | C100: =SUM(C101:C115) -> 0 | D100: =SUM(D101:D115) -> 0 | E100: =SUM(E101:E115) -> 0 | F100: =SUM(F101:F115) -> 0 | G100: =SUM(G101:G115) -> 0 | H100: =SUM(H101:H115) -> 0 | I100: =SUM(I101:I115) -> 0 | ... AF100: =SUM(AF101:AF115) -> 0 | AG100: =SUM(B100:AF100) -> 0
A101: 15 - 19 | AG101: =SUM(B101:AF101) -> 0
A102: 20 - 24 | AG102: =SUM(B102:AF102) -> 0
A103: 25 - 29 | AG103: =SUM(B103:AF103) -> 0
A104: 30 - 34 | AG104: =SUM(B104:AF104) -> 0
A105: 35 - 39 | AG105: =SUM(B105:AF105) -> 0
A106: 40 - 44 | AG106: =SUM(B106:AF106) -> 0
A107: 45 - 49 | AG107: =SUM(B107:AF107) -> 0
A108: 50 - 54 | AG108: =SUM(B108:AF108) -> 0
A109: 55 - 59 | AG109: =SUM(B109:AF109) -> 0
A110: 60 - 64 | AG110: =SUM(B110:AF110) -> 0
A111: 65 - 69 | AG111: =SUM(B111:AF111) -> 0
A112: 70 - 74 | AG112: =SUM(B112:AF112) -> 0
... A114: 80 y mas | AG114: =SUM(B114:AF114) -> 0
AG115: =SUM(B115:AF115) -> 0
A116: CENTRO DE SALUD INSCRITO | B116: =SUM(B117:B129) -> 0 | C116: =SUM(C117:C129) -> 0 | D116: =SUM(D117:D129) -> 0 | E116: =SUM(E117:E129) -> 0 | F116: =SUM(F117:F129) -> 0 | G116: =SUM(G117:G129) -> 0 | H116: =SUM(H117:H129) -> 0 | I116: =SUM(I117:I129) -> 0 | ... AF116: =SUM(AF117:AF129) -> 0 | AG116: =SUM(B116:AF116) -> 0
A117: Violeta Parra | AG117: =SUM(B117:AF117) -> 0
A118: Ultraestación | AG118: =SUM(B118:AF118) -> 0
A119: Los Volcanes | AG119: =SUM(B119:AF119) -> 0
A120: Isabel Riquelme | AG120: =SUM(B120:AF120) -> 0
A121: Sol de Oriente | AG121: =SUM(B121:AF121) -> 0
A122: San Ramón Nonato | AG122: =SUM(B122:AF122) -> 0
A123: Federico Puga | AG123: =SUM(B123:AF123) -> 0
A124: Michelle Bachelet | AG124: =SUM(B124:AF124) -> 0
A125: Coihueco | AG125: =SUM(B125:AF125) -> 0
A126: Pinto | AG126: =SUM(B126:AF126) -> 0
A127: Portezuelo | AG127: =SUM(B127:AF127) -> 0
A128: Otros | AG128: =SUM(B128:AF128) -> 0
A129: Sin Centro de Salud | AG129: =SUM(B129:AF129) -> 0
A130: CENTRO DE SALUD ATENDIDO | B130: =SUM(B131:B143) -> 0 | C130: =SUM(C131:C143) -> 0 | D130: =SUM(D131:D143) -> 0 | E130: =SUM(E131:E143) -> 0 | F130: =SUM(F131:F143) -> 0 | G130: =SUM(G131:G143) -> 0 | H130: =SUM(H131:H143) -> 0 | I130: =SUM(I131:I143) -> 0 | ... AF130: =SUM(AF131:AF143) -> 0 | AG130: =SUM(B130:AF130) -> 0 | AH130: =IF(AG130<>AG93,"*","")
A131: Violeta Parra | AG131: =SUM(B131:AF131) -> 0
A132: Ultraestación | AG132: =SUM(B132:AF132) -> 0
A133: Los Volcanes | AG133: =SUM(B133:AF133) -> 0
A134: Isabel Riquelme | AG134: =SUM(B134:AF134) -> 0
A135: Sol de Oriente | AG135: =SUM(B135:AF135) -> 0
...

Sheet CONSOLIDADO
A2: ENERO - DICIEMBRE 2020 | B2: ENERO | C2: FEBRERO | D2: MARZO | E2: ABRIL | F2: MAYO | G2: JUNIO | H2: JULIO | I2: AGOSTO | J2: SEPTIEMBRE | K2: OCTUBRE | L2: NOVIEMBRE | M2: DICIEMBRE | N2: TOTAL
A3: Total de Inscritos | B3: =+ENERO!$AG3 -> 5388 | C3: =+FEBRERO!$AG3 -> 5213 | D3: =+MARZO!$AG3 -> 4021 | E3: =+ABRIL!$AG3 -> 1992 | F3: =+MAYO!$AG3 -> 2659 | G3: =+JUNIO!$AG3 -> 2845 | H3: =+JULIO!$AG3 -> 3279 | I3: =+AGOSTO!$AG3 -> 3351 | J3: =+SEPTIEMBRE!$AG3 -> 3235 | K3: =+OCTUBRE!$AG3 -> 3797 | L3: =+NOVIEMBRE!$AG3 -> 4118 | M3: =+DICIEMBRE!$AG3 -> 4099 | N3: =SUM(B3:M3) -> 43997
A4: 08:00 | B4: =+ENERO!$AG4 -> 55 | C4: =+FEBRERO!$AG4 -> 67 | D4: =+MARZO!$AG4 -> 46 | E4: =+ABRIL!$AG4 -> 77 | F4: =+MAYO!$AG4 -> 109 | G4: =+JUNIO!$AG4 -> 113 | H4: =+JULIO!$AG4 -> 165 | I4: =+AGOSTO!$AG4 -> 175 | J4: =+SEPTIEMBRE!$AG4 -> 129 | K4: =+OCTUBRE!$AG4 -> 141 | L4: =+NOVIEMBRE!$AG4 -> 67 | M4: =+DICIEMBRE!$AG4 -> 80 | N4: =SUM(B4:M4) -> 1224
A5: 09:00 | B5: =+ENERO!$AG5 -> 80 | C5: =+FEBRERO!$AG5 -> 111 | D5: =+MARZO!$AG5 -> 80 | E5: =+ABRIL!$AG5 -> 108 | F5: =+MAYO!$AG5 -> 141 | G5: =+JUNIO!$AG5 -> 154 | H5: =+JULIO!$AG5 -> 190 | I5: =+AGOSTO!$AG5 -> 199 | J5: =+SEPTIEMBRE!$AG5 -> 159 | K5: =+OCTUBRE!$AG5 -> 166 | L5: =+NOVIEMBRE!$AG5 -> 120 | M5: =+DICIEMBRE!$AG5 -> 110 | N5: =SUM(B5:M5) -> 1618
A6: 10:00 | B6: =+ENERO!$AG6 -> 113 | C6: =+FEBRERO!$AG6 -> 112 | D6: =+MARZO!$AG6 -> 91 | E6: =+ABRIL!$AG6 -> 110 | F6: =+MAYO!$AG6 -> 142 | G6: =+JUNIO!$AG6 -> 166 | H6: =+JULIO!$AG6 -> 214 | I6: =+AGOSTO!$AG6 -> 227 | J6: =+SEPTIEMBRE!$AG6 -> 175 | K6: =+OCTUBRE!$AG6 -> 199 | L6: =+NOVIEMBRE!$AG6 -> 137 | M6: =+DICIEMBRE!$AG6 -> 130 | N6: =SUM(B6:M6) -> 1816
A7: 11:00 | B7: =+ENERO!$AG7 -> 108 | C7: =+FEBRERO!$AG7 -> 128 | D7: =+MARZO!$AG7 -> 114 | E7: =+ABRIL!$AG7 -> 117 | F7: =+MAYO!$AG7 -> 176 | G7: =+JUNIO!$AG7 -> 230 | H7: =+JULIO!$AG7 -> 207 | I7: =+AGOSTO!$AG7 -> 246 | J7: =+SEPTIEMBRE!$AG7 -> 227 | K7: =+OCTUBRE!$AG7 -> 236 | L7: =+NOVIEMBRE!$AG7 -> 157 | M7: =+DICIEMBRE!$AG7 -> 159 | N7: =SUM(B7:M7) -> 2105
A8: 12:00 | B8: =+ENERO!$AG8 -> 108 | C8: =+FEBRERO!$AG8 -> 111 | D8: =+MARZO!$AG8 -> 121 | E8: =+ABRIL!$AG8 -> 137 | F8: =+MAYO!$AG8 -> 215 | G8: =+JUNIO!$AG8 -> 214 | H8: =+JULIO!$AG8 -> 216 | I8: =+AGOSTO!$AG8 -> 227 | J8: =+SEPTIEMBRE!$AG8 -> 259 | K8: =+OCTUBRE!$AG8 -> 243 | L8: =+NOVIEMBRE!$AG8 -> 162 | M8: =+DICIEMBRE!$AG8 -> 160 | N8: =SUM(B8:M8) -> 2173
A9: 13:00 | B9: =+ENERO!$AG9 -> 114 | C9: =+FEBRERO!$AG9 -> 90 | D9: =+MARZO!$AG9 -> 93 | E9: =+ABRIL!$AG9 -> 106 | F9: =+MAYO!$AG9 -> 124 | G9: =+JUNIO!$AG9 -> 167 | H9: =+JULIO!$AG9 -> 175 | I9: =+AGOSTO!$AG9 -> 187 | J9: =+SEPTIEMBRE!$AG9 -> 197 | K9: =+OCTUBRE!$AG9 -> 201 | L9: =+NOVIEMBRE!$AG9 -> 169 | M9: =+DICIEMBRE!$AG9 -> 136 | N9: =SUM(B9:M9) -> 1759
A10: 14:00 | B10: =+ENERO!$AG10 -> 96 | C10: =+FEBRERO!$AG10 -> 96 | D10: =+MARZO!$AG10 -> 82 | E10: =+ABRIL!$AG10 -> 124 | F10: =+MAYO!$AG10 -> 144 | G10: =+JUNIO!$AG10 -> 180 | H10: =+JULIO!$AG10 -> 235 | I10: =+AGOSTO!$AG10 -> 227 | J10: =+SEPTIEMBRE!$AG10 -> 215 | K10: =+OCTUBRE!$AG10 -> 225 | L10: =+NOVIEMBRE!$AG10 -> 368 | M10: =+DICIEMBRE!$AG10 -> 419 | N10: =SUM(B10:M10) -> 2411
A11: 15:00 | B11: =+ENERO!$AG11 -> 101 | C11: =+FEBRERO!$AG11 -> 111 | D11: =+MARZO!$AG11 -> 103 | E11: =+ABRIL!$AG11 -> 123 | F11: =+MAYO!$AG11 -> 191 | G11: =+JUNIO!$AG11 -> 214 | H11: =+JULIO!$AG11 -> 227 | I11: =+AGOSTO!$AG11 -> 258 | J11: =+SEPTIEMBRE!$AG11 -> 212 | K11: =+OCTUBRE!$AG11 -> 253 | L11: =+NOVIEMBRE!$AG11 -> 259 | M11: =+DICIEMBRE!$AG11 -> 287 | N11: =SUM(B11:M11) -> 2339
A12: 16:00 | B12: =+ENERO!$AG12 -> 123 | C12: =+FEBRERO!$AG12 -> 139 | D12: =+MARZO!$AG12 -> 87 | E12: =+ABRIL!$AG12 -> 145 | F12: =+MAYO!$AG12 -> 224 | G12: =+JUNIO!$AG12 -> 243 | H12: =+JULIO!$AG12 -> 300 | I12: =+AGOSTO!$AG12 -> 248 | J12: =+SEPTIEMBRE!$AG12 -> 253 | K12: =+OCTUBRE!$AG12 -> 298 | L12: =+NOVIEMBRE!$AG12 -> 362 | M12: =+DICIEMBRE!$AG12 -> 359 | N12: =SUM(B12:M12) -> 2781
A13: 17:00 | B13: =+ENERO!$AG13 -> 1360 | C13: =+FEBRERO!$AG13 -> 1170 | D13: =+MARZO!$AG13 -> 1013 | E13: =+ABRIL!$AG13 -> 187 | F13: =+MAYO!$AG13 -> 267 | G13: =+JUNIO!$AG13 -> 251 | H13: =+JULIO!$AG13 -> 353 | I13: =+AGOSTO!$AG13 -> 309 | J13: =+SEPTIEMBRE!$AG13 -> 240 | K13: =+OCTUBRE!$AG13 -> 372 | L13: =+NOVIEMBRE!$AG13 -> 454 | M13: =+DICIEMBRE!$AG13 -> 390 | N13: =SUM(B13:M13) -> 6366
A14: 18:00 | B14: =+ENERO!$AG14 -> 514 | C14: =+FEBRERO!$AG14 -> 501 | D14: =+MARZO!$AG14 -> 411 | E14: =+ABRIL!$AG14 -> 141 | F14: =+MAYO!$AG14 -> 192 | G14: =+JUNIO!$AG14 -> 195 | H14: =+JULIO!$AG14 -> 255 | I14: =+AGOSTO!$AG14 -> 231 | J14: =+SEPTIEMBRE!$AG14 -> 248 | K14: =+OCTUBRE!$AG14 -> 307 | L14: =+NOVIEMBRE!$AG14 -> 340 | M14: =+DICIEMBRE!$AG14 -> 326 | N14: =SUM(B14:M14) -> 3661
... A80: PAR | B80: =+ENERO!$AG80 -> 510 | C80: =+FEBRERO!$AG80 -> 3 | D80: =+MARZO!$AG80 -> 365 | E80: =+ABRIL!$AG80 -> 554 | F80: =+MAYO!$AG80 -> 775 | G80: =+JUNIO!$AG80 -> 755 | H80: =+JULIO!$AG80 -> 1059 | I80: =+AGOSTO!$AG80 -> 1145 | J80: =+SEPTIEMBRE!$AG80 -> 884 | K80: =+OCTUBRE!$AG80 -> 961 | L80: =+NOVIEMBRE!$AG80 -> 913 | M80: =+DICIEMBRE!$AG80 -> 952 | N80: =SUM(B80:M80) -> 8876
A81: TOTAL NSP | B81: =+ENERO!$AG81 -> 494 | C81: =+FEBRERO!$AG81 -> 454 | D81: =+MARZO!$AG81 -> 319 | E81: =+ABRIL!$AG81 -> 96 | F81: =+MAYO!$AG81 -> 123 | G81: =+JUNIO!$AG81 -> 147 | H81: =+JULIO!$AG81 -> 213 | I81: =+AGOSTO!$AG81 -> 194 | J81: =+SEPTIEMBRE!$AG81 -> 167 | K81: =+OCTUBRE!$AG81 -> 173 | L81: =+NOVIEMBRE!$AG81 -> 244 | M81: =+DICIEMBRE!$AG81 -> 218 | N81: =SUM(B81:M81) -> 2842 | O81: =IF(N81<>N53,"*","")
A82: PAR | B82: =+ENERO!$AG82 -> 20 | C82: =+FEBRERO!$AG82 -> 2 | D82: =+MARZO!$AG82 -> 4 | E82: =+ABRIL!$AG82 -> 51 | F82: =+MAYO!$AG82 -> 68 | G82: =+JUNIO!$AG82 -> 107 | H82: =+JULIO!$AG82 -> 146 | I82: =+AGOSTO!$AG82 -> 104 | J82: =+SEPTIEMBRE!$AG82 -> 78 | K82: =+OCTUBRE!$AG82 -> 57 | L82: =+NOVIEMBRE!$AG82 -> 63 | M82: =+DICIEMBRE!$AG82 -> 53 | N82: =SUM(B82:M82) -> 753
A83: SAR | B83: =+ENERO!$AG83 -> 474 | C83: =+FEBRERO!$AG83 -> 452 | D83: =+MARZO!$AG83 -> 315 | E83: =+ABRIL!$AG83 -> 45 | F83: =+MAYO!$AG83 -> 55 | G83: =+JUNIO!$AG83 -> 40 | H83: =+JULIO!$AG83 -> 67 | I83: =+AGOSTO!$AG83 -> 90 | J83: =+SEPTIEMBRE!$AG83 -> 89 | K83: =+OCTUBRE!$AG83 -> 116 | L83: =+NOVIEMBRE!$AG83 -> 181 | M83: =+DICIEMBRE!$AG83 -> 165 | N83: =SUM(B83:M83) -> 2089
A84: NSP PEDIATR. / ADULTOS | B84: =+ENERO!$AG84 -> 494 | C84: =+FEBRERO!$AG84 -> 454 | D84: =+MARZO!$AG84 -> 319 | E84: =+ABRIL!$AG84 -> 96 | F84: =+MAYO!$AG84 -> 123 | G84: =+JUNIO!$AG84 -> 147 | H84: =+JULIO!$AG84 -> 213 | I84: =+AGOSTO!$AG84 -> 194 | J84: =+SEPTIEMBRE!$AG84 -> 167 | K84: =+OCTUBRE!$AG84 -> 173 | L84: =+NOVIEMBRE!$AG84 -> 244 | M84: =+DICIEMBRE!$AG84 -> 218 | N84: =SUM(B84:M84) -> 2842 | O84: =IF(N84<>N82+N83,"*","") | P84: NSP
A85: NSP PEDIATRICOS (<15 AÑOS) | B85: =+ENERO!$AG85 -> 82 | C85: =+FEBRERO!$AG85 -> 73 | D85: =+MARZO!$AG85 -> 41 | E85: =+ABRIL!$AG85 -> 10 | F85: =+MAYO!$AG85 -> 11 | G85: =+JUNIO!$AG85 -> 13 | H85: =+JULIO!$AG85 -> 11 | I85: =+AGOSTO!$AG85 -> 16 | J85: =+SEPTIEMBRE!$AG85 -> 11 | K85: =+OCTUBRE!$AG85 -> 19 | L85: =+NOVIEMBRE!$AG85 -> 23 | M85: =+DICIEMBRE!$AG85 -> 31 | N85: =SUM(B85:M85) -> 341
A86: NSP ADULTOS | B86: =+ENERO!$AG86 -> 412 | C86: =+FEBRERO!$AG86 -> 381 | D86: =+MARZO!$AG86 -> 278 | E86: =+ABRIL!$AG86 -> 86 | F86: =+MAYO!$AG86 -> 112 | G86: =+JUNIO!$AG86 -> 134 | H86: =+JULIO!$AG86 -> 202 | I86: =+AGOSTO!$AG86 -> 178 | J86: =+SEPTIEMBRE!$AG86 -> 156 | K86: =+OCTUBRE!$AG86 -> 154 | L86: =+NOVIEMBRE!$AG86 -> 221 | M86: =+DICIEMBRE!$AG86 -> 187 | N86: =SUM(B86:M86) -> 2501
A87: NSP CATEGORIZACION | B87: =+ENERO!$AG87 -> 494 | C87: =+FEBRERO!$AG87 -> 454 | D87: =+MARZO!$AG87 -> 319 | E87: =+ABRIL!$AG87 -> 96 | F87: =+MAYO!$AG87 -> 123 | G87: =+JUNIO!$AG87 -> 147 | H87: =+JULIO!$AG87 -> 213 | I87: =+AGOSTO!$AG87 -> 194 | J87: =+SEPTIEMBRE!$AG87 -> 167 | K87: =+OCTUBRE!$AG87 -> 173 | L87: =+NOVIEMBRE!$AG87 -> 244 | M87: =+DICIEMBRE!$AG87 -> 218 | N87: =SUM(B87:M87) -> 2842 | O87: =IF(N87<>N84,"*","")
A88: SIN CATEGORIZACIÓN nsp | B88: =+ENERO!$AG88 -> 184 | C88: =+FEBRERO!$AG88 -> 137 | D88: =+MARZO!$AG88 -> 120 | E88: =+ABRIL!$AG88 -> 62 | F88: =+MAYO!$AG88 -> 83 | G88: =+JUNIO!$AG88 -> 102 | H88: =+JULIO!$AG88 -> 133 | I88: =+AGOSTO!$AG88 -> 105 | J88: =+SEPTIEMBRE!$AG88 -> 99 | K88: =+OCTUBRE!$AG88 -> 108 | L88: =+NOVIEMBRE!$AG88 -> 145 | M88: =+DICIEMBRE!$AG88 -> 117 | N88: =SUM(B88:M88) -> 1395
A89: C2 | B89: =+ENERO!$AG89 -> 0 | C89: =+FEBRERO!$AG89 -> 0 | D89: =+MARZO!$AG89 -> 0 | E89: =+ABRIL!$AG89 -> 0 | F89: =+MAYO!$AG89 -> 0 | G89: =+JUNIO!$AG89 -> 0 | H89: =+JULIO!$AG89 -> 0 | I89: =+AGOSTO!$AG89 -> 0 | J89: =+SEPTIEMBRE!$AG89 -> 0 | K89: =+OCTUBRE!$AG89 -> 0 | L89: =+NOVIEMBRE!$AG89 -> 0 | M89: =+DICIEMBRE!$AG89 -> 0 | N89: =SUM(B89:M89) -> 0
A90: C3 | B90: =+ENERO!$AG90 -> 5 | C90: =+FEBRERO!$AG90 -> 5 | D90: =+MARZO!$AG90 -> 3 | E90: =+ABRIL!$AG90 -> 1 | F90: =+MAYO!$AG90 -> 0 | G90: =+JUNIO!$AG90 -> 3 | H90: =+JULIO!$AG90 -> 3 | I90: =+AGOSTO!$AG90 -> 3 | J90: =+SEPTIEMBRE!$AG90 -> 3 | K90: =+OCTUBRE!$AG90 -> 2 | L90: =+NOVIEMBRE!$AG90 -> 5 | M90: =+DICIEMBRE!$AG90 -> 5 | N90: =SUM(B90:M90) -> 38
A91: C4 | B91: =+ENERO!$AG91 -> 155 | C91: =+FEBRERO!$AG91 -> 183 | D91: =+MARZO!$AG91 -> 88 | E91: =+ABRIL!$AG91 -> 17 | F91: =+MAYO!$AG91 -> 11 | G91: =+JUNIO!$AG91 -> 9 | H91: =+JULIO!$AG91 -> 12 | I91: =+AGOSTO!$AG91 -> 24 | J91: =+SEPTIEMBRE!$AG91 -> 18 | K91: =+OCTUBRE!$AG91 -> 17 | L91: =+NOVIEMBRE!$AG91 -> 36 | M91: =+DICIEMBRE!$AG91 -> 49 | N91: =SUM(B91:M91) -> 619
A92: C5 | B92: =+ENERO!$AG92 -> 150 | C92: =+FEBRERO!$AG92 -> 129 | D92: =+MARZO!$AG92 -> 108 | E92: =+ABRIL!$AG92 -> 16 | F92: =+MAYO!$AG92 -> 29 | G92: =+JUNIO!$AG92 -> 33 | H92: =+JULIO!$AG92 -> 65 | I92: =+AGOSTO!$AG92 -> 62 | J92: =+SEPTIEMBRE!$AG92 -> 47 | K92: =+OCTUBRE!$AG92 -> 46 | L92: =+NOVIEMBRE!$AG92 -> 58 | M92: =+DICIEMBRE!$AG92 -> 47 | N92: =SUM(B92:M92) -> 790
A93: TOTAL PACIENTES ATENDIDOS | B93: =+ENERO!$AG93 -> 4894 | C93: =+FEBRERO!$AG93 -> 4759 | D93: =+MARZO!$AG93 -> 3702 | E93: =+ABRIL!$AG93 -> 1895 | F93: =+MAYO!$AG93 -> 2536 | G93: =+JUNIO!$AG93 -> 2696 | H93: =+JULIO!$AG93 -> 3064 | I93: =+AGOSTO!$AG93 -> 3157 | J93: =+SEPTIEMBRE!$AG93 -> 3068 | K93: =+OCTUBRE!$AG93 -> 3624 | L93: =+NOVIEMBRE!$AG93 -> 3874 | M93: =+DICIEMBRE!$AG93 -> 3881 | N93: =SUM(B93:M93) -> 41150 | O93: =IF(N93<>N28,"*","")
A94: Menor 15 años | B94: =+ENERO!$AG94 -> 667 | C94: =+FEBRERO!$AG94 -> 579 | D94: =+MARZO!$AG94 -> 429 | E94: =+ABRIL!$AG94 -> 92 | F94: =+MAYO!$AG94 -> 165 | G94: =+JUNIO!$AG94 -> 160 | H94: =+JULIO!$AG94 -> 185 | I94: =+AGOSTO!$AG94 -> 212 | J94: =+SEPTIEMBRE!$AG94 -> 211 | K94: =+OCTUBRE!$AG94 -> 296 | L94: =+NOVIEMBRE!$AG94 -> 379 | M94: =+DICIEMBRE!$AG94 -> 316 | N94: =SUM(B94:M94) -> 3691
A95: Menor 1 Año | B95: =+ENERO!$AG95 -> 23 | C95: =+FEBRERO!$AG95 -> 34 | D95: =+MARZO!$AG95 -> 30 | E95: =+ABRIL!$AG95 -> 5 | F95: =+MAYO!$AG95 -> 13 | G95: =+JUNIO!$AG95 -> 9 | H95: =+JULIO!$AG95 -> 9 | I95: =+AGOSTO!$AG95 -> 10 | J95: =+SEPTIEMBRE!$AG95 -> 8 | K95: =+OCTUBRE!$AG95 -> 16 | L95: =+NOVIEMBRE!$AG95 -> 21 | M95: =+DICIEMBRE!$AG95 -> 14 | N95: =SUM(B95:M95) -> 192
A96: 1 Año | B96: =+ENERO!$AG96 -> 65 | C96: =+FEBRERO!$AG96 -> 47 | D96: =+MARZO!$AG96 -> 38 | E96: =+ABRIL!$AG96 -> 12 | F96: =+MAYO!$AG96 -> 5 | G96: =+JUNIO!$AG96 -> 15 | H96: =+JULIO!$AG96 -> 18 | I96: =+AGOSTO!$AG96 -> 16 | J96: =+SEPTIEMBRE!$AG96 -> 19 | K96: =+OCTUBRE!$AG96 -> 20 | L96: =+NOVIEMBRE!$AG96 -> 39 | M96: =+DICIEMBRE!$AG96 -> 31 | N96: =SUM(B96:M96) -> 325
A97: 2 - 4 | B97: =+ENERO!$AG97 -> 133 | C97: =+FEBRERO!$AG97 -> 109 | D97: =+MARZO!$AG97 -> 88 | E97: =+ABRIL!$AG97 -> 19 | F97: =+MAYO!$AG97 -> 32 | G97: =+JUNIO!$AG97 -> 23 | H97: =+JULIO!$AG97 -> 32 | I97: =+AGOSTO!$AG97 -> 29 | J97: =+SEPTIEMBRE!$AG97 -> 39 | K97: =+OCTUBRE!$AG97 -> 78 | L97: =+NOVIEMBRE!$AG97 -> 77 | M97: =+DICIEMBRE!$AG97 -> 73 | N97: =SUM(B97:M97) -> 732
A98: 5 - 9 | B98: =+ENERO!$AG98 -> 232 | C98: =+FEBRERO!$AG98 -> 175 | D98: =+MARZO!$AG98 -> 133 | E98: =+ABRIL!$AG98 -> 25 | F98: =+MAYO!$AG98 -> 56 | G98: =+JUNIO!$AG98 -> 43 | H98: =+JULIO!$AG98 -> 56 | I98: =+AGOSTO!$AG98 -> 84 | J98: =+SEPTIEMBRE!$AG98 -> 83 | K98: =+OCTUBRE!$AG98 -> 90 | L98: =+NOVIEMBRE!$AG98 -> 122 | M98: =+DICIEMBRE!$AG98 -> 96 | N98: =SUM(B98:M98) -> 1195
A99: 10 - 14 | B99: =+ENERO!$AG99 -> 214 | C99: =+FEBRERO!$AG99 -> 214 | D99: =+MARZO!$AG99 -> 140 | E99: =+ABRIL!$AG99 -> 31 | F99: =+MAYO!$AG99 -> 59 | G99: =+JUNIO!$AG99 -> 70 | H99: =+JULIO!$AG99 -> 70 | I99: =+AGOSTO!$AG99 -> 73 | J99: =+SEPTIEMBRE!$AG99 -> 62 | K99: =+OCTUBRE!$AG99 -> 92 | L99: =+NOVIEMBRE!$AG99 -> 120 | M99: =+DICIEMBRE!$AG99 -> 102 | N99: =SUM(B99:M99) -> 1247
A100: Mayor de 15 años | B100: =+ENERO!$AG100 -> 4227 | C100: =+FEBRERO!$AG100 -> 4180 | D100: =+MARZO!$AG100 -> 3273 | E100: =+ABRIL!$AG100 -> 1803 | F100: =+MAYO!$AG100 -> 2371 | G100: =+JUNIO!$AG100 -> 2536 | H100: =+JULIO!$AG100 -> 2879 | I100: =+AGOSTO!$AG100 -> 2945 | J100: =+SEPTIEMBRE!$AG100 -> 2857 | K100: =+OCTUBRE!$AG100 -> 3328 | L100: =+NOVIEMBRE!$AG100 -> 3495 | M100: =+DICIEMBRE!$AG100 -> 3565 | N100: =SUM(B100:M100) -> 37459
A101: 15 - 19 | B101: =+ENERO!$AG101 -> 319 | C101: =+FEBRERO!$AG101 -> 296 | D101: =+MARZO!$AG101 -> 290 | E101: =+ABRIL!$AG101 -> 83 | F101: =+MAYO!$AG101 -> 123 | G101: =+JUNIO!$AG101 -> 126 | H101: =+JULIO!$AG101 -> 174 | I101: =+AGOSTO!$AG101 -> 168 | J101: =+SEPTIEMBRE!$AG101 -> 168 | K101: =+OCTUBRE!$AG101 -> 240 | L101: =+NOVIEMBRE!$AG101 -> 257 | M101: =+DICIEMBRE!$AG101 -> 242 | N101: =SUM(B101:M101) -> 2486
A102: 20 - 24 | B102: =+ENERO!$AG102 -> 449 | C102: =+FEBRERO!$AG102 -> 470 | D102: =+MARZO!$AG102 -> 388 | E102: =+ABRIL!$AG102 -> 179 | F102: =+MAYO!$AG102 -> 216 | G102: =+JUNIO!$AG102 -> 252 | H102: =+JULIO!$AG102 -> 260 | I102: =+AGOSTO!$AG102 -> 241 | J102: =+SEPTIEMBRE!$AG102 -> 301 | K102: =+OCTUBRE!$AG102 -> 332 | L102: =+NOVIEMBRE!$AG102 -> 403 | M102: =+DICIEMBRE!$AG102 -> 433 | N102: =SUM(B102:M102) -> 3924
A103: 25 - 29 | B103: =+ENERO!$AG103 -> 409 | C103: =+FEBRERO!$AG103 -> 388 | D103: =+MARZO!$AG103 -> 323 | E103: =+ABRIL!$AG103 -> 176 | F103: =+MAYO!$AG103 -> 251 | G103: =+JUNIO!$AG103 -> 267 | H103: =+JULIO!$AG103 -> 263 | I103: =+AGOSTO!$AG103 -> 264 | J103: =+SEPTIEMBRE!$AG103 -> 284 | K103: =+OCTUBRE!$AG103 -> 343 | L103: =+NOVIEMBRE!$AG103 -> 385 | M103: =+DICIEMBRE!$AG103 -> 389 | N103: =SUM(B103:M103) -> 3742
A104: 30 - 34 | B104: =+ENERO!$AG104 -> 366 | C104: =+FEBRERO!$AG104 -> 314 | D104: =+MARZO!$AG104 -> 300 | E104: =+ABRIL!$AG104 -> 170 | F104: =+MAYO!$AG104 -> 196 | G104: =+JUNIO!$AG104 -> 249 | H104: =+JULIO!$AG104 -> 301 | I104: =+AGOSTO!$AG104 -> 227 | J104: =+SEPTIEMBRE!$AG104 -> 254 | K104: =+OCTUBRE!$AG104 -> 312 | L104: =+NOVIEMBRE!$AG104 -> 307 | M104: =+DICIEMBRE!$AG104 -> 328 | N104: =SUM(B104:M104) -> 3324
A105: 35 - 39 | B105: =+ENERO!$AG105 -> 315 | C105: =+FEBRERO!$AG105 -> 298 | D105: =+MARZO!$AG105 -> 245 | E105: =+ABRIL!$AG105 -> 196 | F105: =+MAYO!$AG105 -> 222 | G105: =+JUNIO!$AG105 -> 236 | H105: =+JULIO!$AG105 -> 215 | I105: =+AGOSTO!$AG105 -> 227 | J105: =+SEPTIEMBRE!$AG105 -> 203 | K105: =+OCTUBRE!$AG105 -> 273 | L105: =+NOVIEMBRE!$AG105 -> 260 | M105: =+DICIEMBRE!$AG105 -> 302 | N105: =SUM(B105:M105) -> 2992
... A114: 80 y mas | B114: =+ENERO!$AG114 -> 191 | C114: =+FEBRERO!$AG114 -> 212 | D114: =+MARZO!$AG114 -> 137 | E114: =+ABRIL!$AG114 -> 40 | F114: =+MAYO!$AG114 -> 86 | G114: =+JUNIO!$AG114 -> 62 | H114: =+JULIO!$AG114 -> 123 | I114: =+AGOSTO!$AG114 -> 156 | J114: =+SEPTIEMBRE!$AG114 -> 116 | K114: =+OCTUBRE!$AG114 -> 160 | L114: =+NOVIEMBRE!$AG114 -> 125 | M114: =+DICIEMBRE!$AG114 -> 131 | N114: =SUM(B114:M114) -> 1539
B115: =+ENERO!$AG115 -> 0 | C115: =+FEBRERO!$AG115 -> 0 | D115: =+MARZO!$AG115 -> 0 | E115: =+ABRIL!$AG115 -> 0 | F115: =+MAYO!$AG115 -> 0 | G115: =+JUNIO!$AG115 -> 0 | H115: =+JULIO!$AG115 -> 0 | I115: =+AGOSTO!$AG115 -> 0 | J115: =+SEPTIEMBRE!$AG115 -> 0 | K115: =+OCTUBRE!$AG115 -> 0 | L115: =+NOVIEMBRE!$AG115 -> 0 | M115: =+DICIEMBRE!$AG115 -> 0 | N115: =SUM(B115:M115) -> 0
A116: CENTRO DE SALUD INSCRITO | B116: =+ENERO!$AG116 -> 2345 | C116: =+FEBRERO!$AG116 -> 2264 | D116: =+MARZO!$AG116 -> 1702 | E116: =+ABRIL!$AG116 -> 940 | F116: =+MAYO!$AG116 -> 1304 | G116: =+JUNIO!$AG116 -> 1314 | H116: =+JULIO!$AG116 -> 1753 | I116: =+AGOSTO!$AG116 -> 1786 | J116: =+SEPTIEMBRE!$AG116 -> 1693 | K116: =+OCTUBRE!$AG116 -> 1961 | L116: =+NOVIEMBRE!$AG116 -> 2052 | M116: =+DICIEMBRE!$AG116 -> 2114 | N116: =SUM(B116:M116) -> 21228
A117: Violeta Parra | B117: =+ENERO!$AG117 -> 1619 | C117: =+FEBRERO!$AG117 -> 1535 | D117: =+MARZO!$AG117 -> 1236 | E117: =+ABRIL!$AG117 -> 706 | F117: =+MAYO!$AG117 -> 967 | G117: =+JUNIO!$AG117 -> 989 | H117: =+JULIO!$AG117 -> 1367 | I117: =+AGOSTO!$AG117 -> 1380 | J117: =+SEPTIEMBRE!$AG117 -> 1280 | K117: =+OCTUBRE!$AG117 -> 1404 | L117: =+NOVIEMBRE!$AG117 -> 1454 | M117: =+DICIEMBRE!$AG117 -> 1509 | N117: =SUM(B117:M117) -> 15446
A118: Ultraestación | B118: =+ENERO!$AG118 -> 0 | C118: =+FEBRERO!$AG118 -> 0 | D118: =+MARZO!$AG118 -> 0 | E118: =+ABRIL!$AG118 -> 0 | F118: =+MAYO!$AG118 -> 0 | G118: =+JUNIO!$AG118 -> 0 | H118: =+JULIO!$AG118 -> 0 | I118: =+AGOSTO!$AG118 -> 0 | J118: =+SEPTIEMBRE!$AG118 -> 0 | K118: =+OCTUBRE!$AG118 -> 0 | L118: =+NOVIEMBRE!$AG118 -> 0 | M118: =+DICIEMBRE!$AG118 -> 0 | N118: =SUM(B118:M118) -> 0
A119: Los Volcanes | B119: =+ENERO!$AG119 -> 0 | C119: =+FEBRERO!$AG119 -> 0 | D119: =+MARZO!$AG119 -> 0 | E119: =+ABRIL!$AG119 -> 0 | F119: =+MAYO!$AG119 -> 0 | G119: =+JUNIO!$AG119 -> 0 | H119: =+JULIO!$AG119 -> 0 | I119: =+AGOSTO!$AG119 -> 0 | J119: =+SEPTIEMBRE!$AG119 -> 0 | K119: =+OCTUBRE!$AG119 -> 0 | L119: =+NOVIEMBRE!$AG119 -> 0 | M119: =+DICIEMBRE!$AG119 -> 0 | N119: =SUM(B119:M119) -> 0
A120: Isabel Riquelme | B120: =+ENERO!$AG120 -> 0 | C120: =+FEBRERO!$AG120 -> 0 | D120: =+MARZO!$AG120 -> 0 | E120: =+ABRIL!$AG120 -> 0 | F120: =+MAYO!$AG120 -> 0 | G120: =+JUNIO!$AG120 -> 0 | H120: =+JULIO!$AG120 -> 0 | I120: =+AGOSTO!$AG120 -> 0 | J120: =+SEPTIEMBRE!$AG120 -> 0 | K120: =+OCTUBRE!$AG120 -> 0 | L120: =+NOVIEMBRE!$AG120 -> 0 | M120: =+DICIEMBRE!$AG120 -> 0 | N120: =SUM(B120:M120) -> 0
A121: Sol de Oriente | B121: =+ENERO!$AG121 -> 0 | C121: =+FEBRERO!$AG121 -> 0 | D121: =+MARZO!$AG121 -> 0 | E121: =+ABRIL!$AG121 -> 0 | F121: =+MAYO!$AG121 -> 0 | G121: =+JUNIO!$AG121 -> 0 | H121: =+JULIO!$AG121 -> 0 | I121: =+AGOSTO!$AG121 -> 0 | J121: =+SEPTIEMBRE!$AG121 -> 0 | K121: =+OCTUBRE!$AG121 -> 0 | L121: =+NOVIEMBRE!$AG121 -> 0 | M121: =+DICIEMBRE!$AG121 -> 0 | N121: =SUM(B121:M121) -> 0
A122: San Ramón Nonato | B122: =+ENERO!$AG122 -> 0 | C122: =+FEBRERO!$AG122 -> 0 | D122: =+MARZO!$AG122 -> 0 | E122: =+ABRIL!$AG122 -> 0 | F122: =+MAYO!$AG122 -> 0 | G122: =+JUNIO!$AG122 -> 0 | H122: =+JULIO!$AG122 -> 0 | I122: =+AGOSTO!$AG122 -> 0 | J122: =+SEPTIEMBRE!$AG122 -> 0 | K122: =+OCTUBRE!$AG122 -> 0 | L122: =+NOVIEMBRE!$AG122 -> 0 | M122: =+DICIEMBRE!$AG122 -> 0 | N122: =SUM(B122:M122) -> 0
A123: Federico Puga | B123: =+ENERO!$AG123 -> 0 | C123: =+FEBRERO!$AG123 -> 0 | D123: =+MARZO!$AG123 -> 0 | E123: =+ABRIL!$AG123 -> 0 | F123: =+MAYO!$AG123 -> 0 | G123: =+JUNIO!$AG123 -> 0 | H123: =+JULIO!$AG123 -> 0 | I123: =+AGOSTO!$AG123 -> 0 | J123: =+SEPTIEMBRE!$AG123 -> 0 | K123: =+OCTUBRE!$AG123 -> 0 | L123: =+NOVIEMBRE!$AG123 -> 0 | M123: =+DICIEMBRE!$AG123 -> 0 | N123: =SUM(B123:M123) -> 0
A124: Michelle Bachelet | B124: =+ENERO!$AG124 -> 0 | C124: =+FEBRERO!$AG124 -> 0 | D124: =+MARZO!$AG124 -> 0 | E124: =+ABRIL!$AG124 -> 0 | F124: =+MAYO!$AG124 -> 0 | G124: =+JUNIO!$AG124 -> 0 | H124: =+JULIO!$AG124 -> 0 | I124: =+AGOSTO!$AG124 -> 0 | J124: =+SEPTIEMBRE!$AG124 -> 0 | K124: =+OCTUBRE!$AG124 -> 0 | L124: =+NOVIEMBRE!$AG124 -> 0 | M124: =+DICIEMBRE!$AG124 -> 0 | N124: =SUM(B124:M124) -> 0
A125: Coihueco | B125: =+ENERO!$AG125 -> 0 | C125: =+FEBRERO!$AG125 -> 0 | D125: =+MARZO!$AG125 -> 0 | E125: =+ABRIL!$AG125 -> 0 | F125: =+MAYO!$AG125 -> 0 | G125: =+JUNIO!$AG125 -> 0 | H125: =+JULIO!$AG125 -> 0 | I125: =+AGOSTO!$AG125 -> 0 | J125: =+SEPTIEMBRE!$AG125 -> 0 | K125: =+OCTUBRE!$AG125 -> 0 | L125: =+NOVIEMBRE!$AG125 -> 0 | M125: =+DICIEMBRE!$AG125 -> 0 | N125: =SUM(B125:M125) -> 0
A126: Pinto | B126: =+ENERO!$AG126 -> 0 | C126: =+FEBRERO!$AG126 -> 0 | D126: =+MARZO!$AG126 -> 0 | E126: =+ABRIL!$AG126 -> 0 | F126: =+MAYO!$AG126 -> 0 | G126: =+JUNIO!$AG126 -> 0 | H126: =+JULIO!$AG126 -> 0 | I126: =+AGOSTO!$AG126 -> 0 | J126: =+SEPTIEMBRE!$AG126 -> 0 | K126: =+OCTUBRE!$AG126 -> 0 | L126: =+NOVIEMBRE!$AG126 -> 0 | M126: =+DICIEMBRE!$AG126 -> 0 | N126: =SUM(B126:M126) -> 0
A127: Portezuelo | B127: =+ENERO!$AG127 -> 0 | C127: =+FEBRERO!$AG127 -> 0 | D127: =+MARZO!$AG127 -> 0 | E127: =+ABRIL!$AG127 -> 0 | F127: =+MAYO!$AG127 -> 0 | G127: =+JUNIO!$AG127 -> 0 | H127: =+JULIO!$AG127 -> 0 | I127: =+AGOSTO!$AG127 -> 0 | J127: =+SEPTIEMBRE!$AG127 -> 0 | K127: =+OCTUBRE!$AG127 -> 0 | L127: =+NOVIEMBRE!$AG127 -> 0 | M127: =+DICIEMBRE!$AG127 -> 0 | N127: =SUM(B127:M127) -> 0
... A129: Sin Centro de Salud | B129: =+ENERO!$AG129 -> 726 | C129: =+FEBRERO!$AG129 -> 729 | D129: =+MARZO!$AG129 -> 466 | E129: =+ABRIL!$AG129 -> 234 | F129: =+MAYO!$AG129 -> 337 | G129: =+JUNIO!$AG129 -> 325 | H129: =+JULIO!$AG129 -> 386 | I129: =+AGOSTO!$AG129 -> 406 | J129: =+SEPTIEMBRE!$AG129 -> 413 | K129: =+OCTUBRE!$AG129 -> 557 | L129: =+NOVIEMBRE!$AG129 -> 598 | M129: =+DICIEMBRE!$AG129 -> 605 | N129: =SUM(B129:M129) -> 5782
A130: CENTRO DE SALUD ATENDIDO | B130: =+ENERO!$AG130 -> 4894 | C130: =+FEBRERO!$AG130 -> 4759 | D130: =+MARZO!$AG130 -> 3702 | E130: =+ABRIL!$AG130 -> 1895 | F130: =+MAYO!$AG130 -> 2536 | G130: =+JUNIO!$AG130 -> 2696 | H130: =+JULIO!$AG130 -> 3064 | I130: =+AGOSTO!$AG130 -> 3157 | J130: =+SEPTIEMBRE!$AG130 -> 3068 | K130: =+OCTUBRE!$AG130 -> 3624 | L130: =+NOVIEMBRE!$AG130 -> 3874 | M130: =+DICIEMBRE!$AG130 -> 3881 | N130: =SUM(B130:M130) -> 41150 | O130: =IF(N130<>N93,"*","")
A131: Violeta Parra | B131: =+ENERO!$AG131 -> 1457 | C131: =+FEBRERO!$AG131 -> 1390 | D131: =+MARZO!$AG131 -> 1184 | E131: =+ABRIL!$AG131 -> 662 | F131: =+MAYO!$AG131 -> 901 | G131: =+JUNIO!$AG131 -> 915 | H131: =+JULIO!$AG131 -> 1259 | I131: =+AGOSTO!$AG131 -> 1280 | J131: =+SEPTIEMBRE!$AG131 -> 1241 | K131: =+OCTUBRE!$AG131 -> 1390 | L131: =+NOVIEMBRE!$AG131 -> 1375 | M131: =+DICIEMBRE!$AG131 -> 1420 | N131: =SUM(B131:M131) -> 14474
A132: Ultraestación | B132: =+ENERO!$AG132 -> 314 | C132: =+FEBRERO!$AG132 -> 288 | D132: =+MARZO!$AG132 -> 211 | E132: =+ABRIL!$AG132 -> 136 | F132: =+MAYO!$AG132 -> 185 | G132: =+JUNIO!$AG132 -> 164 | H132: =+JULIO!$AG132 -> 147 | I132: =+AGOSTO!$AG132 -> 167 | J132: =+SEPTIEMBRE!$AG132 -> 180 | K132: =+OCTUBRE!$AG132 -> 194 | L132: =+NOVIEMBRE!$AG132 -> 236 | M132: =+DICIEMBRE!$AG132 -> 236 | N132: =SUM(B132:M132) -> 2458
A133: Los Volcanes | B133: =+ENERO!$AG133 -> 350 | C133: =+FEBRERO!$AG133 -> 316 | D133: =+MARZO!$AG133 -> 290 | E133: =+ABRIL!$AG133 -> 138 | F133: =+MAYO!$AG133 -> 183 | G133: =+JUNIO!$AG133 -> 177 | H133: =+JULIO!$AG133 -> 206 | I133: =+AGOSTO!$AG133 -> 220 | J133: =+SEPTIEMBRE!$AG133 -> 180 | K133: =+OCTUBRE!$AG133 -> 251 | L133: =+NOVIEMBRE!$AG133 -> 261 | M133: =+DICIEMBRE!$AG133 -> 271 | N133: =SUM(B133:M133) -> 2843
A134: Isabel Riquelme | B134: =+ENERO!$AG134 -> 252 | C134: =+FEBRERO!$AG134 -> 279 | D134: =+MARZO!$AG134 -> 212 | E134: =+ABRIL!$AG134 -> 109 | F134: =+MAYO!$AG134 -> 137 | G134: =+JUNIO!$AG134 -> 164 | H134: =+JULIO!$AG134 -> 158 | I134: =+AGOSTO!$AG134 -> 163 | J134: =+SEPTIEMBRE!$AG134 -> 182 | K134: =+OCTUBRE!$AG134 -> 181 | L134: =+NOVIEMBRE!$AG134 -> 238 | M134: =+DICIEMBRE!$AG134 -> 203 | N134: =SUM(B134:M134) -> 2278
A135: Sol de Oriente | B135: =+ENERO!$AG135 -> 316 | C135: =+FEBRERO!$AG135 -> 303 | D135: =+MARZO!$AG135 -> 243 | E135: =+ABRIL!$AG135 -> 113 | F135: =+MAYO!$AG135 -> 128 | G135: =+JUNIO!$AG135 -> 162 | H135: =+JULIO!$AG135 -> 144 | I135: =+AGOSTO!$AG135 -> 194 | J135: =+SEPTIEMBRE!$AG135 -> 192 | K135: =+OCTUBRE!$AG135 -> 226 | L135: =+NOVIEMBRE!$AG135 -> 203 | M135: =+DICIEMBRE!$AG135 -> 219 | N135: =SUM(B135:M135) -> 2443
A136: San Ramón Nonato | B136: =+ENERO!$AG136 -> 883 | C136: =+FEBRERO!$AG136 -> 898 | D136: =+MARZO!$AG136 -> 647 | E136: =+ABRIL!$AG136 -> 252 | F136: =+MAYO!$AG136 -> 354 | G136: =+JUNIO!$AG136 -> 354 | H136: =+JULIO!$AG136 -> 390 | I136: =+AGOSTO!$AG136 -> 440 | J136: =+SEPTIEMBRE!$AG136 -> 436 | K136: =+OCTUBRE!$AG136 -> 526 | L136: =+NOVIEMBRE!$AG136 -> 558 | M136: =+DICIEMBRE!$AG136 -> 603 | N136: =SUM(B136:M136) -> 6341
A137: Federico Puga | B137: =+ENERO!$AG137 -> 223 | C137: =+FEBRERO!$AG137 -> 263 | D137: =+MARZO!$AG137 -> 166 | E137: =+ABRIL!$AG137 -> 76 | F137: =+MAYO!$AG137 -> 115 | G137: =+JUNIO!$AG137 -> 147 | H137: =+JULIO!$AG137 -> 119 | I137: =+AGOSTO!$AG137 -> 123 | J137: =+SEPTIEMBRE!$AG137 -> 107 | K137: =+OCTUBRE!$AG137 -> 149 | L137: =+NOVIEMBRE!$AG137 -> 158 | M137: =+DICIEMBRE!$AG137 -> 132 | N137: =SUM(B137:M137) -> 1778
A138: Michelle Bachelet | B138: =+ENERO!$AG138 -> 186 | C138: =+FEBRERO!$AG138 -> 152 | D138: =+MARZO!$AG138 -> 130 | E138: =+ABRIL!$AG138 -> 45 | F138: =+MAYO!$AG138 -> 30 | G138: =+JUNIO!$AG138 -> 61 | H138: =+JULIO!$AG138 -> 58 | I138: =+AGOSTO!$AG138 -> 45 | J138: =+SEPTIEMBRE!$AG138 -> 53 | K138: =+OCTUBRE!$AG138 -> 49 | L138: =+NOVIEMBRE!$AG138 -> 43 | M138: =+DICIEMBRE!$AG138 -> 47 | N138: =SUM(B138:M138) -> 899
A139: Coihueco | B139: =+ENERO!$AG139 -> 57 | C139: =+FEBRERO!$AG139 -> 65 | D139: =+MARZO!$AG139 -> 44 | E139: =+ABRIL!$AG139 -> 56 | F139: =+MAYO!$AG139 -> 76 | G139: =+JUNIO!$AG139 -> 110 | H139: =+JULIO!$AG139 -> 64 | I139: =+AGOSTO!$AG139 -> 38 | J139: =+SEPTIEMBRE!$AG139 -> 22 | K139: =+OCTUBRE!$AG139 -> 27 | L139: =+NOVIEMBRE!$AG139 -> 53 | M139: =+DICIEMBRE!$AG139 -> 37 | N139: =SUM(B139:M139) -> 649
A140: Pinto | B140: =+ENERO!$AG140 -> 52 | C140: =+FEBRERO!$AG140 -> 49 | D140: =+MARZO!$AG140 -> 47 | E140: =+ABRIL!$AG140 -> 30 | F140: =+MAYO!$AG140 -> 29 | G140: =+JUNIO!$AG140 -> 48 | H140: =+JULIO!$AG140 -> 15 | I140: =+AGOSTO!$AG140 -> 21 | J140: =+SEPTIEMBRE!$AG140 -> 17 | K140: =+OCTUBRE!$AG140 -> 36 | L140: =+NOVIEMBRE!$AG140 -> 29 | M140: =+DICIEMBRE!$AG140 -> 20 | N140: =SUM(B140:M140) -> 393
A141: Portezuelo | B141: =+ENERO!$AG141 -> 4 | C141: =+FEBRERO!$AG141 -> 5 | D141: =+MARZO!$AG141 -> 5 | E141: =+ABRIL!$AG141 -> 2 | F141: =+MAYO!$AG141 -> 14 | G141: =+JUNIO!$AG141 -> 8 | H141: =+JULIO!$AG141 -> 10 | I141: =+AGOSTO!$AG141 -> 9 | J141: =+SEPTIEMBRE!$AG141 -> 3 | K141: =+OCTUBRE!$AG141 -> 4 | L141: =+NOVIEMBRE!$AG141 -> 5 | M141: =+DICIEMBRE!$AG141 -> 5 | N141: =SUM(B141:M141) -> 74
A142: Otros | B142: =+ENERO!$AG142 -> 165 | C142: =+FEBRERO!$AG142 -> 128 | D142: =+MARZO!$AG142 -> 123 | E142: =+ABRIL!$AG142 -> 56 | F142: =+MAYO!$AG142 -> 78 | G142: =+JUNIO!$AG142 -> 100 | H142: =+JULIO!$AG142 -> 127 | I142: =+AGOSTO!$AG142 -> 76 | J142: =+SEPTIEMBRE!$AG142 -> 104 | K142: =+OCTUBRE!$AG142 -> 116 | L142: =+NOVIEMBRE!$AG142 -> 158 | M142: =+DICIEMBRE!$AG142 -> 125 | N142: =SUM(B142:M142) -> 1356
A143: Sin Centro de Salud | B143: =+ENERO!$AG143 -> 635 | C143: =+FEBRERO!$AG143 -> 623 | D143: =+MARZO!$AG143 -> 400 | E143: =+ABRIL!$AG143 -> 220 | F143: =+MAYO!$AG143 -> 306 | G143: =+JUNIO!$AG143 -> 286 | H143: =+JULIO!$AG143 -> 367 | I143: =+AGOSTO!$AG143 -> 381 | J143: =+SEPTIEMBRE!$AG143 -> 351 | K143: =+OCTUBRE!$AG143 -> 475 | L143: =+NOVIEMBRE!$AG143 -> 557 | M143: =+DICIEMBRE!$AG143 -> 563 | N143: =SUM(B143:M143) -> 5164
A144: TOTAL ATENDIDOS | B144: =+ENERO!$AG144 -> 4894 | C144: =+FEBRERO!$AG144 -> 4759 | D144: =+MARZO!$AG144 -> 3702 | E144: =+ABRIL!$AG144 -> 1895 | F144: =+MAYO!$AG144 -> 2536 | G144: =+JUNIO!$AG144 -> 2696 | H144: =+JULIO!$AG144 -> 3064 | I144: =+AGOSTO!$AG144 -> 3157 | J144: =+SEPTIEMBRE!$AG144 -> 3068 | K144: =+OCTUBRE!$AG144 -> 3624 | L144: =+NOVIEMBRE!$AG144 -> 3874 | M144: =+DICIEMBRE!$AG144 -> 3881 | N144: =SUM(B144:M144) -> 41150 | O144: =IF(N144<>N93,"*","") | P144: EST. ORIGEN
A145: TOTAL NSP | B145: =+ENERO!$AG145 -> 494 | C145: =+FEBRERO!$AG145 -> 454 | D145: =+MARZO!$AG145 -> 319 | E145: =+ABRIL!$AG145 -> 96 | F145: =+MAYO!$AG145 -> 123 | G145: =+JUNIO!$AG145 -> 147 | H145: =+JULIO!$AG145 -> 213 | I145: =+AGOSTO!$AG145 -> 194 | J145: =+SEPTIEMBRE!$AG145 -> 167 | K145: =+OCTUBRE!$AG145 -> 173 | L145: =+NOVIEMBRE!$AG145 -> 244 | M145: =+DICIEMBRE!$AG145 -> 218 | N145: =SUM(B145:M145) -> 2842
A146: Redirec. de UEH a SAR | B146: =+ENERO!$AG146 -> 1 | C146: =+FEBRERO!$AG146 -> 3 | D146: =+MARZO!$AG146 -> 0 | E146: =+ABRIL!$AG146 -> 0 | F146: =+MAYO!$AG146 -> 0 | G146: =+JUNIO!$AG146 -> 2 | H146: =+JULIO!$AG146 -> 1 | I146: =+AGOSTO!$AG146 -> 2 | J146: =+SEPTIEMBRE!$AG146 -> 0 | K146: =+OCTUBRE!$AG146 -> 1 | L146: =+NOVIEMBRE!$AG146 -> 0 | M146: =+DICIEMBRE!$AG146 -> 0 | N146: =SUM(B146:M146) -> 10
A147: NSP Infantil + Adultos | B147: =+ENERO!$AG147 -> 0 | C147: =+FEBRERO!$AG147 -> 0 | D147: =+MARZO!$AG147 -> 1 | E147: =+ABRIL!$AG147 -> 0 | F147: =+MAYO!$AG147 -> 0 | G147: =+JUNIO!$AG147 -> 0 | H147: =+JULIO!$AG147 -> 0 | I147: =+AGOSTO!$AG147 -> 0 | J147: =+SEPTIEMBRE!$AG147 -> 0 | K147: =+OCTUBRE!$AG147 -> 0 | L147: =+NOVIEMBRE!$AG147 -> 0 | M147: =+DICIEMBRE!$AG147 -> 0 | N147: =SUM(B147:M147) -> 1
A148: UE Pediatrica a SAR | B148: =+ENERO!$AG148 -> 0 | C148: =+FEBRERO!$AG148 -> 0 | D148: =+MARZO!$AG148 -> 0 | E148: =+ABRIL!$AG148 -> 0 | F148: =+MAYO!$AG148 -> 0 | G148: =+JUNIO!$AG148 -> 1 | H148: =+JULIO!$AG148 -> 0 | I148: =+AGOSTO!$AG148 -> 0 | J148: =+SEPTIEMBRE!$AG148 -> 0 | K148: =+OCTUBRE!$AG148 -> 0 | L148: =+NOVIEMBRE!$AG148 -> 0 | M148: =+DICIEMBRE!$AG148 -> 0 | N148: =SUM(B148:M148) -> 1
A149: NSP Infantil | B149: =+ENERO!$AG149 -> 0 | C149: =+FEBRERO!$AG149 -> 0 | D149: =+MARZO!$AG149 -> 0 | E149: =+ABRIL!$AG149 -> 0 | F149: =+MAYO!$AG149 -> 0 | G149: =+JUNIO!$AG149 -> 0 | H149: =+JULIO!$AG149 -> 0 | I149: =+AGOSTO!$AG149 -> 0 | J149: =+SEPTIEMBRE!$AG149 -> 0 | K149: =+OCTUBRE!$AG149 -> 0 | L149: =+NOVIEMBRE!$AG149 -> 0 | M149: =+DICIEMBRE!$AG149 -> 0 | N149: =SUM(B149:M149) -> 0
A150: < 1 año | B150: =+ENERO!$AG150 -> 0 | C150: =+FEBRERO!$AG150 -> 0 | D150: =+MARZO!$AG150 -> 0 | E150: =+ABRIL!$AG150 -> 0 | F150: =+MAYO!$AG150 -> 0 | G150: =+JUNIO!$AG150 -> 0 | H150: =+JULIO!$AG150 -> 0 | I150: =+AGOSTO!$AG150 -> 0 | J150: =+SEPTIEMBRE!$AG150 -> 0 | K150: =+OCTUBRE!$AG150 -> 0 | L150: =+NOVIEMBRE!$AG150 -> 0 | M150: =+DICIEMBRE!$AG150 -> 0 | N150: =SUM(B150:M150) -> 0
A151: 1 - 4 años | B151: =+ENERO!$AG151 -> 0 | C151: =+FEBRERO!$AG151 -> 0 | D151: =+MARZO!$AG151 -> 0 | E151: =+ABRIL!$AG151 -> 0 | F151: =+MAYO!$AG151 -> 0 | G151: =+JUNIO!$AG151 -> 0 | H151: =+JULIO!$AG151 -> 0 | I151: =+AGOSTO!$AG151 -> 0 | J151: =+SEPTIEMBRE!$AG151 -> 0 | K151: =+OCTUBRE!$AG151 -> 0 | L151: =+NOVIEMBRE!$AG151 -> 0 | M151: =+DICIEMBRE!$AG151 -> 0 | N151: =SUM(B151:M151) -> 0
A152: 5 - 9 años | B152: =+ENERO!$AG152 -> 0 | C152: =+FEBRERO!$AG152 -> 0 | D152: =+MARZO!$AG152 -> 0 | E152: =+ABRIL!$AG152 -> 0 | F152: =+MAYO!$AG152 -> 0 | G152: =+JUNIO!$AG152 -> 0 | H152: =+JULIO!$AG152 -> 0 | I152: =+AGOSTO!$AG152 -> 0 | J152: =+SEPTIEMBRE!$AG152 -> 0 | K152: =+OCTUBRE!$AG152 -> 0 | L152: =+NOVIEMBRE!$AG152 -> 0 | M152: =+DICIEMBRE!$AG152 -> 0 | N152: =SUM(B152:M152) -> 0
A153: 10 - 14 años | B153: =+ENERO!$AG153 -> 0 | C153: =+FEBRERO!$AG153 -> 0 | D153: =+MARZO!$AG153 -> 0 | E153: =+ABRIL!$AG153 -> 0 | F153: =+MAYO!$AG153 -> 0 | G153: =+JUNIO!$AG153 -> 1 | H153: =+JULIO!$AG153 -> 0 | I153: =+AGOSTO!$AG153 -> 0 | J153: =+SEPTIEMBRE!$AG153 -> 0 | K153: =+OCTUBRE!$AG153 -> 0 | L153: =+NOVIEMBRE!$AG153 -> 0 | M153: =+DICIEMBRE!$AG153 -> 0 | N153: =SUM(B153:M153) -> 1
A154: UE Adulto a SAR | B154: =+ENERO!$AG154 -> 1 | C154: =+FEBRERO!$AG154 -> 3 | D154: =+MARZO!$AG154 -> 0 | E154: =+ABRIL!$AG154 -> 0 | F154: =+MAYO!$AG154 -> 0 | G154: =+JUNIO!$AG154 -> 1 | H154: =+JULIO!$AG154 -> 1 | I154: =+AGOSTO!$AG154 -> 2 | J154: =+SEPTIEMBRE!$AG154 -> 0 | K154: =+OCTUBRE!$AG154 -> 1 | L154: =+NOVIEMBRE!$AG154 -> 0 | M154: =+DICIEMBRE!$AG154 -> 0 | N154: =SUM(B154:M154) -> 9
A155: NSP Adultos | B155: =+ENERO!$AG155 -> 0 | C155: =+FEBRERO!$AG155 -> 0 | D155: =+MARZO!$AG155 -> 1 | E155: =+ABRIL!$AG155 -> 0 | F155: =+MAYO!$AG155 -> 0 | G155: =+JUNIO!$AG155 -> 0 | H155: =+JULIO!$AG155 -> 0 | I155: =+AGOSTO!$AG155 -> 0 | J155: =+SEPTIEMBRE!$AG155 -> 0 | K155: =+OCTUBRE!$AG155 -> 0 | L155: =+NOVIEMBRE!$AG155 -> 0 | M155: =+DICIEMBRE!$AG155 -> 0 | N155: =SUM(B155:M155) -> 1
A156: CONSULTA ESPONTANEA | B156: =+ENERO!$AG156 -> 4859 | C156: =+FEBRERO!$AG156 -> 4716 | D156: =+MARZO!$AG156 -> 3670 | E156: =+ABRIL!$AG156 -> 1767 | F156: =+MAYO!$AG156 -> 2223 | G156: =+JUNIO!$AG156 -> 2283 | H156: =+JULIO!$AG156 -> 2940 | I156: =+AGOSTO!$AG156 -> 3130 | J156: =+SEPTIEMBRE!$AG156 -> 3012 | K156: =+OCTUBRE!$AG156 -> 3594 | L156: =+NOVIEMBRE!$AG156 -> 3837 | M156: =+DICIEMBRE!$AG156 -> 3863 | N156: =SUM(B156:M156) -> 39894 | O156: PROC. EXTERNA
A157: NSP | B157: =+ENERO!$AG157 -> 491 | C157: =+FEBRERO!$AG157 -> 452 | D157: =+MARZO!$AG157 -> 316 | E157: =+ABRIL!$AG157 -> 90 | F157: =+MAYO!$AG157 -> 122 | G157: =+JUNIO!$AG157 -> 146 | H157: =+JULIO!$AG157 -> 212 | I157: =+AGOSTO!$AG157 -> 193 | J157: =+SEPTIEMBRE!$AG157 -> 165 | K157: =+OCTUBRE!$AG157 -> 173 | L157: =+NOVIEMBRE!$AG157 -> 242 | M157: =+DICIEMBRE!$AG157 -> 215 | N157: =SUM(B157:M157) -> 2817
A158: Derivados de SAPU a SAR | B158: =+ENERO!$AG158 -> 23 | C158: =+FEBRERO!$AG158 -> 21 | D158: =+MARZO!$AG158 -> 23 | E158: =+ABRIL!$AG158 -> 74 | F158: =+MAYO!$AG158 -> 192 | G158: =+JUNIO!$AG158 -> 252 | H158: =+JULIO!$AG158 -> 64 | I158: =+AGOSTO!$AG158 -> 5 | J158: =+SEPTIEMBRE!$AG158 -> 29 | K158: =+OCTUBRE!$AG158 -> 21 | L158: =+NOVIEMBRE!$AG158 -> 29 | M158: =+DICIEMBRE!$AG158 -> 9 | N158: =SUM(B158:M158) -> 742
A159: Ultraestación | B159: =+ENERO!$AG159 -> 1 | C159: =+FEBRERO!$AG159 -> 3 | D159: =+MARZO!$AG159 -> 7 | E159: =+ABRIL!$AG159 -> 14 | F159: =+MAYO!$AG159 -> 41 | G159: =+JUNIO!$AG159 -> 53 | H159: =+JULIO!$AG159 -> 4 | I159: =+AGOSTO!$AG159 -> 0 | J159: =+SEPTIEMBRE!$AG159 -> 3 | K159: =+OCTUBRE!$AG159 -> 1 | L159: =+NOVIEMBRE!$AG159 -> 5 | M159: =+DICIEMBRE!$AG159 -> 0 | N159: =SUM(B159:M159) -> 132
A160: Los Volcanes | B160: =+ENERO!$AG160 -> 7 | C160: =+FEBRERO!$AG160 -> 3 | D160: =+MARZO!$AG160 -> 2 | E160: =+ABRIL!$AG160 -> 12 | F160: =+MAYO!$AG160 -> 45 | G160: =+JUNIO!$AG160 -> 57 | H160: =+JULIO!$AG160 -> 9 | I160: =+AGOSTO!$AG160 -> 0 | J160: =+SEPTIEMBRE!$AG160 -> 2 | K160: =+OCTUBRE!$AG160 -> 0 | L160: =+NOVIEMBRE!$AG160 -> 2 | M160: =+DICIEMBRE!$AG160 -> 1 | N160: =SUM(B160:M160) -> 140
A161: Violeta Parra | B161: =+ENERO!$AG161 -> 3 | C161: =+FEBRERO!$AG161 -> 2 | D161: =+MARZO!$AG161 -> 2 | E161: =+ABRIL!$AG161 -> 12 | F161: =+MAYO!$AG161 -> 14 | G161: =+JUNIO!$AG161 -> 8 | H161: =+JULIO!$AG161 -> 24 | I161: =+AGOSTO!$AG161 -> 0 | J161: =+SEPTIEMBRE!$AG161 -> 11 | K161: =+OCTUBRE!$AG161 -> 16 | L161: =+NOVIEMBRE!$AG161 -> 10 | M161: =+DICIEMBRE!$AG161 -> 3 | N161: =SUM(B161:M161) -> 105
A162: Isabel Riquelme | B162: =+ENERO!$AG162 -> 4 | C162: =+FEBRERO!$AG162 -> 6 | D162: =+MARZO!$AG162 -> 4 | E162: =+ABRIL!$AG162 -> 14 | F162: =+MAYO!$AG162 -> 24 | G162: =+JUNIO!$AG162 -> 48 | H162: =+JULIO!$AG162 -> 4 | I162: =+AGOSTO!$AG162 -> 4 | J162: =+SEPTIEMBRE!$AG162 -> 5 | K162: =+OCTUBRE!$AG162 -> 3 | L162: =+NOVIEMBRE!$AG162 -> 5 | M162: =+DICIEMBRE!$AG162 -> 1 | N162: =SUM(B162:M162) -> 122
A163: Sol de Oriente | B163: =+ENERO!$AG163 -> 0 | C163: =+FEBRERO!$AG163 -> 0 | D163: =+MARZO!$AG163 -> 0 | E163: =+ABRIL!$AG163 -> 0 | F163: =+MAYO!$AG163 -> 0 | G163: =+JUNIO!$AG163 -> 0 | H163: =+JULIO!$AG163 -> 0 | I163: =+AGOSTO!$AG163 -> 0 | J163: =+SEPTIEMBRE!$AG163 -> 0 | K163: =+OCTUBRE!$AG163 -> 0 | L163: =+NOVIEMBRE!$AG163 -> 0 | M163: =+DICIEMBRE!$AG163 -> 0 | N163: =SUM(B163:M163) -> 0
A164: San Ramón Nonato | B164: =+ENERO!$AG164 -> 0 | C164: =+FEBRERO!$AG164 -> 2 | D164: =+MARZO!$AG164 -> 2 | E164: =+ABRIL!$AG164 -> 14 | F164: =+MAYO!$AG164 -> 20 | G164: =+JUNIO!$AG164 -> 16 | H164: =+JULIO!$AG164 -> 6 | I164: =+AGOSTO!$AG164 -> 1 | J164: =+SEPTIEMBRE!$AG164 -> 6 | K164: =+OCTUBRE!$AG164 -> 0 | L164: =+NOVIEMBRE!$AG164 -> 3 | M164: =+DICIEMBRE!$AG164 -> 3 | N164: =SUM(B164:M164) -> 73
A165: Federico Puga | B165: =+ENERO!$AG165 -> 8 | C165: =+FEBRERO!$AG165 -> 5 | D165: =+MARZO!$AG165 -> 6 | E165: =+ABRIL!$AG165 -> 8 | F165: =+MAYO!$AG165 -> 48 | G165: =+JUNIO!$AG165 -> 70 | H165: =+JULIO!$AG165 -> 17 | I165: =+AGOSTO!$AG165 -> 0 | J165: =+SEPTIEMBRE!$AG165 -> 2 | K165: =+OCTUBRE!$AG165 -> 1 | L165: =+NOVIEMBRE!$AG165 -> 4 | M165: =+DICIEMBRE!$AG165 -> 1 | N165: =SUM(B165:M165) -> 170
A166: Michelle Bachelet | B166: =+ENERO!$AG166 -> 0 | C166: =+FEBRERO!$AG166 -> 0 | D166: =+MARZO!$AG166 -> 0 | E166: =+ABRIL!$AG166 -> 0 | F166: =+MAYO!$AG166 -> 0 | G166: =+JUNIO!$AG166 -> 0 | H166: =+JULIO!$AG166 -> 0 | I166: =+AGOSTO!$AG166 -> 0 | J166: =+SEPTIEMBRE!$AG166 -> 0 | K166: =+OCTUBRE!$AG166 -> 0 | L166: =+NOVIEMBRE!$AG166 -> 0 | M166: =+DICIEMBRE!$AG166 -> 0 | N166: =SUM(B166:M166) -> 0
A167: Derivados de SUR a SAR | B167: =+ENERO!$AG167 -> 11 | C167: =+FEBRERO!$AG167 -> 19 | D167: =+MARZO!$AG167 -> 9 | E167: =+ABRIL!$AG167 -> 54 | F167: =+MAYO!$AG167 -> 121 | G167: =+JUNIO!$AG167 -> 159 | H167: =+JULIO!$AG167 -> 59 | I167: =+AGOSTO!$AG167 -> 20 | J167: =+SEPTIEMBRE!$AG167 -> 27 | K167: =+OCTUBRE!$AG167 -> 8 | L167: =+NOVIEMBRE!$AG167 -> 8 | M167: =+DICIEMBRE!$AG167 -> 9 | N167: =SUM(B167:M167) -> 504
A168: Coihueco | B168: =+ENERO!$AG168 -> 0 | C168: =+FEBRERO!$AG168 -> 4 | D168: =+MARZO!$AG168 -> 0 | E168: =+ABRIL!$AG168 -> 32 | F168: =+MAYO!$AG168 -> 62 | G168: =+JUNIO!$AG168 -> 110 | H168: =+JULIO!$AG168 -> 44 | I168: =+AGOSTO!$AG168 -> 0 | J168: =+SEPTIEMBRE!$AG168 -> 2 | K168: =+OCTUBRE!$AG168 -> 0 | L168: =+NOVIEMBRE!$AG168 -> 1 | M168: =+DICIEMBRE!$AG168 -> 0 | N168: =SUM(B168:M168) -> 255
... A172: OTROS NSP | B172: =+ENERO!$AG172 -> 3 | C172: =+FEBRERO!$AG172 -> 2 | D172: =+MARZO!$AG172 -> 2 | E172: =+ABRIL!$AG172 -> 6 | F172: =+MAYO!$AG172 -> 1 | G172: =+JUNIO!$AG172 -> 1 | H172: =+JULIO!$AG172 -> 1 | I172: =+AGOSTO!$AG172 -> 1 | J172: =+SEPTIEMBRE!$AG172 -> 2 | K172: =+OCTUBRE!$AG172 -> 0 | L172: =+NOVIEMBRE!$AG172 -> 2 | M172: =+DICIEMBRE!$AG172 -> 3 | N172: =SUM(B172:M172) -> 24
A173: Traidos por SAMU a SAR | B173: =+ENERO!$AG173 -> 9 | C173: =+FEBRERO!$AG173 -> 10 | D173: =+MARZO!$AG173 -> 9 | E173: =+ABRIL!$AG173 -> 19 | F173: =+MAYO!$AG173 -> 7 | G173: =+JUNIO!$AG173 -> 2 | H173: =+JULIO!$AG173 -> 2 | I173: =+AGOSTO!$AG173 -> 5 | J173: =+SEPTIEMBRE!$AG173 -> 11 | K173: =+OCTUBRE!$AG173 -> 17 | L173: =+NOVIEMBRE!$AG173 -> 32 | M173: =+DICIEMBRE!$AG173 -> 17 | N173: =SUM(B173:M173) -> 140 | O173: MEDIO DE LLEGADA
A174: Derivado de SAR a UEH | B174: =+ENERO!$AG174 -> 144 | C174: =+FEBRERO!$AG174 -> 158 | D174: =+MARZO!$AG174 -> 141 | E174: =+ABRIL!$AG174 -> 50 | F174: =+MAYO!$AG174 -> 92 | G174: =+JUNIO!$AG174 -> 60 | H174: =+JULIO!$AG174 -> 57 | I174: =+AGOSTO!$AG174 -> 81 | J174: =+SEPTIEMBRE!$AG174 -> 83 | K174: =+OCTUBRE!$AG174 -> 72 | L174: =+NOVIEMBRE!$AG174 -> 94 | M174: =+DICIEMBRE!$AG174 -> 84 | N174: =SUM(B174:M174) -> 1116 | O174: DESTINO
A175: PEDIATRICOS | B175: =+ENERO!$AG175 -> 11 | C175: =+FEBRERO!$AG175 -> 15 | D175: =+MARZO!$AG175 -> 16 | E175: =+ABRIL!$AG175 -> 5 | F175: =+MAYO!$AG175 -> 6 | G175: =+JUNIO!$AG175 -> 5 | H175: =+JULIO!$AG175 -> 2 | I175: =+AGOSTO!$AG175 -> 9 | J175: =+SEPTIEMBRE!$AG175 -> 2 | K175: =+OCTUBRE!$AG175 -> 6 | L175: =+NOVIEMBRE!$AG175 -> 4 | M175: =+DICIEMBRE!$AG175 -> 8 | N175: =SUM(B175:M175) -> 89 | O175: DESTINO
A176: ADULTOS | B176: =+ENERO!$AG176 -> 133 | C176: =+FEBRERO!$AG176 -> 143 | D176: =+MARZO!$AG176 -> 125 | E176: =+ABRIL!$AG176 -> 45 | F176: =+MAYO!$AG176 -> 86 | G176: =+JUNIO!$AG176 -> 55 | H176: =+JULIO!$AG176 -> 55 | I176: =+AGOSTO!$AG176 -> 72 | J176: =+SEPTIEMBRE!$AG176 -> 81 | K176: =+OCTUBRE!$AG176 -> 71 | L176: =+NOVIEMBRE!$AG176 -> 90 | M176: =+DICIEMBRE!$AG176 -> 76 | N176: =SUM(B176:M176) -> 1032 | O176: DESTINO
A177: ACTIVID. KINE. RAYEN (DIURNO) | B177: =+ENERO!$AG177 -> 0 | C177: =+FEBRERO!$AG177 -> 0 | D177: =+MARZO!$AG177 -> 0 | E177: =+ABRIL!$AG177 -> 0 | F177: =+MAYO!$AG177 -> 0 | G177: =+JUNIO!$AG177 -> 0 | H177: =+JULIO!$AG177 -> 0 | I177: =+AGOSTO!$AG177 -> 0 | J177: =+SEPTIEMBRE!$AG177 -> 0 | K177: =+OCTUBRE!$AG177 -> 0 | L177: =+NOVIEMBRE!$AG177 -> 0 | M177: =+DICIEMBRE!$AG177 -> 0 | N177: =SUM(B177:M177) -> 0
A178: ACTIVID. KINE. SAR | B178: =+ENERO!$AG178 -> 0 | C178: =+FEBRERO!$AG178 -> 0 | D178: =+MARZO!$AG178 -> 0 | E178: =+ABRIL!$AG178 -> 0 | F178: =+MAYO!$AG178 -> 0 | G178: =+JUNIO!$AG178 -> 0 | H178: =+JULIO!$AG178 -> 0 | I178: =+AGOSTO!$AG178 -> 0 | J178: =+SEPTIEMBRE!$AG178 -> 0 | K178: =+OCTUBRE!$AG178 -> 0 | L178: =+NOVIEMBRE!$AG178 -> 0 | M178: =+DICIEMBRE!$AG178 -> 0 | N178: =SUM(B178:M178) -> 0
...

Sheet ENERO
A2: ENERO | B2: 1 | C2: =+B2+1 -> 2 | D2: =+C2+1 -> 3 | E2: =+D2+1 -> 4 | F2: =+E2+1 -> 5 | G2: =+F2+1 -> 6 | H2: =+G2+1 -> 7 | I2: =+H2+1 -> 8 | J2: =+I2+1 -> 9 | ... AA2: =+Z2+1 -> 26 | AB2: 27 | AC2: =+AB2+1 -> 28 | AD2: 29 | AE2: 30 | AF2: 31 | AG2: TOTAL
A3: Total de Inscritos | B3: =SUM(B4:B27) -> 163 | C3: =SUM(C4:C27) -> 169 | D3: =SUM(D4:D27) -> 175 | E3: =SUM(E4:E27) -> 225 | F3: =SUM(F4:F27) -> 228 | G3: =SUM(G4:G27) -> 188 | H3: =SUM(H4:H27) -> 165 | I3: =SUM(I4:I27) -> 155 | ... AF3: =SUM(AF4:AF27) -> 170 | AG3: =SUM(B3:AF3) -> 5388
A4: 08:00 | B4: 5 | E4: 11 | F4: 2 | L4: 3 | M4: 6 | S4: 3 | T4: 10 | Z4: 10 | AA4: 5 | AG4: =SUM(B4:AF4) -> 55
A5: 09:00 | B5: 9 | E5: 7 | F5: 7 | H5: 1 | L5: 5 | M5: 6 | S5: 11 | T5: 10 | Z5: 14 | AA5: 10 | AG5: =SUM(B5:AF5) -> 80
A6: 10:00 | B6: 9 | E6: 12 | F6: 15 | L6: 10 | M6: 11 | R6: 1 | S6: 10 | T6: 16 | Z6: 10 | AA6: 19 | AG6: =SUM(B6:AF6) -> 113
A7: 11:00 | B7: 10 | E7: 16 | F7: 12 | L7: 14 | M7: 16 | S7: 10 | T7: 13 | Y7: 1 | Z7: 8 | AA7: 8 | AG7: =SUM(B7:AF7) -> 108
A8: 12:00 | B8: 11 | E8: 13 | F8: 13 | L8: 8 | M8: 15 | S8: 12 | T8: 15 | Z8: 7 | AA8: 14 | AG8: =SUM(B8:AF8) -> 108
A9: 13:00 | B9: 15 | E9: 9 | F9: 16 | H9: 1 | L9: 14 | M9: 8 | S9: 7 | T9: 10 | Z9: 20 | AA9: 13 | AD9: 1 | AG9: =SUM(B9:AF9) -> 114
A10: 14:00 | B10: 9 | E10: 13 | F10: 14 | L10: 12 | M10: 10 | S10: 11 | T10: 3 | U10: 1 | Z10: 10 | AA10: 13 | AG10: =SUM(B10:AF10) -> 96
A11: 15:00 | B11: 8 | E11: 12 | F11: 9 | L11: 9 | M11: 7 | S11: 19 | T11: 12 | Z11: 9 | AA11: 16 | AG11: =SUM(B11:AF11) -> 101
A12: 16:00 | B12: 3 | E12: 18 | F12: 17 | L12: 16 | M12: 10 | N12: 2 | P12: 1 | Q12: 1 | S12: 8 | T12: 18 | V12: 1 | Z12: 16 | AA12: 12 | AG12: =SUM(B12:AF12) -> 123
A13: 17:00 | B13: 14 | C13: 67 | D13: 64 | E13: 14 | F13: 20 | G13: 67 | H13: 65 | I13: 48 | J13: 43 | K13: 55 | L13: 17 | M13: 16 | N13: 55 | O13: 54 | P13: 60 | Q13: 68 | R13: 48 | S13: 13 | T13: 22 | U13: 48 | V13: 48 | W13: 60 | X13: 55 | Y13: 49 | Z13: 13 | AA13: 17 | AB13: 50 | AC13: 56 | AD13: 63 | AE13: 39 | AF13: 52 | AG13: =SUM(B13:AF13) -> 1360
A14: 18:00 | B14: 9 | C14: 19 | D14: 20 | E14: 20 | F14: 11 | G14: 25 | H14: 15 | I14: 18 | J14: 20 | K14: 19 | L14: 16 | M14: 14 | N14: 17 | O14: 17 | P14: 13 | Q14: 10 | R14: 25 | S14: 17 | T14: 11 | U14: 27 | V14: 18 | W14: 10 | X14: 17 | Y14: 10 | Z14: 12 | AA14: 13 | AB14: 17 | AC14: 13 | AD14: 15 | AE14: 25 | AF14: 21 | AG14: =SUM(B14:AF14) -> 514
A15: 19:00 | B15: 7 | C15: 18 | D15: 12 | E15: 16 | F15: 8 | G15: 21 | H15: 18 | I15: 11 | J15: 21 | K15: 17 | L15: 10 | M15: 12 | N15: 20 | O15: 19 | P15: 12 | Q15: 15 | R15: 13 | S15: 16 | T15: 8 | U15: 15 | V15: 17 | W15: 15 | X15: 14 | Y15: 17 | Z15: 10 | AA15: 17 | AB15: 14 | AC15: 12 | AD15: 14 | AE15: 16 | AF15: 13 | AG15: =SUM(B15:AF15) -> 448
A16: 20:00 | B16: 15 | C16: 14 | D16: 19 | E16: 6 | F16: 18 | G16: 21 | H16: 22 | I16: 18 | J16: 11 | K16: 14 | L16: 21 | M16: 15 | N16: 18 | O16: 11 | P16: 15 | Q16: 21 | R16: 17 | S16: 8 | T16: 16 | U16: 22 | V16: 19 | W16: 15 | X16: 20 | Y16: 21 | Z16: 14 | AA16: 11 | AB16: 32 | AC16: 14 | AD16: 8 | AE16: 17 | AF16: 17 | AG16: =SUM(B16:AF16) -> 510
A17: 21:00 | B17: 9 | C17: 15 | D17: 23 | E17: 9 | F17: 16 | G17: 14 | H17: 15 | I17: 18 | J17: 10 | K17: 7 | L17: 9 | M17: 15 | N17: 16 | O17: 19 | P17: 13 | Q17: 15 | R17: 9 | S17: 16 | T17: 8 | U17: 8 | V17: 11 | W17: 15 | X17: 11 | Y17: 14 | Z17: 17 | AA17: 25 | AB17: 28 | AC17: 10 | AD17: 15 | AE17: 16 | AF17: 17 | AG17: =SUM(B17:AF17) -> 443
A18: 22:00 | B18: 10 | C18: 10 | D18: 9 | E18: 7 | F18: 19 | G18: 18 | H18: 10 | I18: 18 | J18: 16 | K18: 10 | L18: 9 | M18: 13 | N18: 23 | O18: 9 | P18: 9 | Q18: 9 | R18: 12 | S18: 10 | T18: 24 | U18: 12 | V18: 16 | W18: 19 | X18: 15 | Y18: 13 | Z18: 15 | AA18: 13 | AB18: 11 | AC18: 13 | AD18: 18 | AE18: 7 | AF18: 17 | AG18: =SUM(B18:AF18) -> 414
A19: 23:00 | B19: 4 | C19: 14 | D19: 13 | E19: 20 | F19: 14 | G19: 9 | H19: 4 | I19: 10 | J19: 9 | K19: 6 | L19: 11 | M19: 12 | N19: 7 | O19: 10 | P19: 12 | Q19: 7 | R19: 7 | S19: 9 | T19: 6 | U19: 13 | V19: 10 | W19: 8 | X19: 11 | Y19: 7 | Z19: 11 | AA19: 9 | AB19: 9 | AC19: 11 | AD19: 11 | AE19: 12 | AF19: 11 | AG19: =SUM(B19:AF19) -> 307
A20: 00:00 | B20: 4 | C20: 1 | D20: 4 | E20: 6 | F20: 5 | G20: 4 | H20: 6 | I20: 3 | J20: 4 | K20: 1 | L20: 9 | M20: 7 | N20: 5 | O20: 4 | P20: 5 | Q20: 4 | R20: 8 | S20: 4 | T20: 5 | U20: 6 | V20: 12 | W20: 6 | X20: 5 | Y20: 7 | Z20: 8 | AA20: 5 | AB20: 2 | AC20: 5 | AD20: 4 | AE20: 6 | AF20: 8 | AG20: =SUM(B20:AF20) -> 163
A21: 01:00 | B21: 5 | C21: 3 | D21: 2 | E21: 4 | F21: 6 | G21: 2 | H21: 1 | I21: 2 | J21: 1 | K21: 2 | L21: 5 | M21: 3 | N21: 1 | O21: 3 | P21: 2 | Q21: 3 | R21: 6 | S21: 4 | T21: 6 | U21: 2 | V21: 4 | W21: 1 | X21: 9 | Y21: 4 | Z21: 3 | AA21: 4 | AB21: 1 | AC21: 2 | AD21: 6 | AE21: 3 | AF21: 5 | AG21: =SUM(B21:AF21) -> 105
A22: 02:00 | B22: 4 | C22: 2 | D22: 3 | E22: 3 | F22: 3 | H22: 3 | I22: 6 | J22: 1 | K22: 1 | L22: 3 | M22: 3 | N22: 3 | O22: 2 | P22: 1 | Q22: 1 | R22: 4 | S22: 4 | T22: 4 | U22: 2 | V22: 4 | W22: 2 | X22: 3 | Y22: 3 | AA22: 4 | AB22: 1 | AC22: 2 | AD22: 2 | AE22: 1 | AF22: 3 | AG22: =SUM(B22:AF22) -> 78
A23: 03:00 | B23: 3 | C23: 1 | E23: 1 | H23: 1 | I23: 1 | J23: 2 | K23: 3 | L23: 1 | N23: 2 | O23: 1 | P23: 3 | R23: 3 | T23: 1 | U23: 1 | V23: 1 | W23: 3 | Y23: 1 | Z23: 3 | AA23: 1 | AB23: 1 | AD23: 1 | AG23: =SUM(B23:AF23) -> 35
A24: 04:00 | C24: 3 | D24: 3 | E24: 3 | F24: 1 | G24: 1 | J24: 2 | K24: 2 | L24: 2 | N24: 5 | O24: 1 | P24: 1 | R24: 1 | S24: 2 | T24: 1 | U24: 1 | V24: 2 | W24: 1 | X24: 1 | Y24: 1 | Z24: 3 | AA24: 1 | AB24: 1 | AE24: 1 | AF24: 1 | AG24: =SUM(B24:AF24) -> 41
A25: 05:00 | C25: 2 | E25: 2 | F25: 2 | G25: 4 | H25: 3 | I25: 1 | L25: 1 | N25: 1 | O25: 1 | P25: 1 | Q25: 2 | R25: 3 | T25: 4 | W25: 1 | Y25: 4 | Z25: 1 | AD25: 1 | AE25: 1 | AF25: 2 | AG25: =SUM(B25:AF25) -> 37
A26: 06:00 | D26: 2 | E26: 1 | G26: 2 | I26: 1 | K26: 2 | L26: 1 | P26: 1 | R26: 1 | T26: 1 | Z26: 4 | AA26: 1 | AC26: 4 | AE26: 3 | AF26: 2 | AG26: =SUM(B26:AF26) -> 26
A27: 07:00 | D27: 1 | E27: 2 | J27: 1 | K27: 1 | Q27: 1 | S27: 1 | Z27: 1 | AF27: 1 | AG27: =SUM(B27:AF27) -> 9
A28: Total de atendidos | B28: =SUM(B29:B52) -> 156 | C28: =SUM(C29:C52) -> 152 | D28: =SUM(D29:D52) -> 145 | E28: =SUM(E29:E52) -> 191 | F28: =SUM(F29:F52) -> 218 | G28: =SUM(G29:G52) -> 150 | H28: =SUM(H29:H52) -> 136 | I28: =SUM(I29:I52) -> 132 | ... AF28: =SUM(AF29:AF52) -> 147 | AG28: =SUM(B28:AF28) -> 4894
A29: 08:00 | B29: 5 | D29: 1 | E29: 5 | F29: 2 | K29: 1 | L29: 3 | M29: 3 | S29: 2 | T29: 3 | Z29: 3 | AA29: 3 | AG29: =SUM(B29:AF29) -> 31
A30: 09:00 | B30: 5 | E30: 6 | F30: 4 | L30: 2 | M30: 8 | S30: 7 | T30: 7 | Z30: 9 | AA30: 4 | AG30: =SUM(B30:AF30) -> 52
A31: 10:00 | B31: 9 | E31: 12 | F31: 9 | L31: 9 | M31: 8 | R31: 1 | S31: 12 | T31: 19 | Z31: 11 | AA31: 11 | AG31: =SUM(B31:AF31) -> 101
A32: 11:00 | B32: 5 | E32: 8 | F32: 12 | L32: 11 | M32: 14 | S32: 11 | T32: 10 | Z32: 10 | AA32: 15 | AG32: =SUM(B32:AF32) -> 96
A33: 12:00 | B33: 14 | E33: 10 | F33: 11 | L33: 6 | M33: 14 | S33: 10 | T33: 12 | Y33: 1 | Z33: 11 | AA33: 13 | AG33: =SUM(B33:AF33) -> 102
A34: 13:00 | B34: 11 | E34: 8 | F34: 10 | H34: 1 | L34: 9 | M34: 9 | S34: 8 | T34: 8 | Z34: 7 | AA34: 15 | AD34: 1 | AG34: =SUM(B34:AF34) -> 87
A35: 14:00 | B35: 12 | E35: 5 | F35: 11 | L35: 5 | M35: 10 | S35: 7 | T35: 9 | U35: 1 | Z35: 12 | AA35: 11 | AG35: =SUM(B35:AF35) -> 83
A36: 15:00 | B36: 8 | E36: 17 | F36: 14 | L36: 15 | M36: 9 | S36: 12 | T36: 14 | Z36: 13 | AA36: 16 | AG36: =SUM(B36:AF36) -> 118
A37: 16:00 | B37: 6 | E37: 7 | F37: 13 | L37: 12 | M37: 12 | S37: 13 | T37: 8 | Z37: 13 | AA37: 16 | AG37: =SUM(B37:AF37) -> 100
A38: 17:00 | B38: 7 | C38: 11 | D38: 3 | E38: 16 | F38: 13 | G38: 9 | H38: 2 | I38: 6 | J38: 7 | K38: 4 | L38: 16 | M38: 15 | N38: 11 | O38: 6 | P38: 8 | Q38: 7 | R38: 4 | S38: 16 | T38: 23 | U38: 9 | V38: 7 | W38: 9 | X38: 12 | Z38: 15 | AA38: 15 | AB38: 4 | AC38: 52 | AD38: 6 | AE38: 38 | AF38: 49 | AG38: =SUM(B38:AF38) -> 400
A39: 18:00 | B39: 12 | C39: 20 | D39: 18 | E39: 6 | F39: 15 | G39: 23 | H39: 14 | I39: 20 | J39: 11 | K39: 10 | L39: 14 | M39: 9 | N39: 19 | O39: 26 | P39: 22 | Q39: 20 | R39: 10 | S39: 13 | T39: 18 | U39: 26 | V39: 17 | W39: 20 | X39: 15 | Y39: 8 | Z39: 10 | AA39: 13 | AB39: 25 | AC39: 11 | AD39: 23 | AE39: 25 | AF39: 16 | AG39: =SUM(B39:AF39) -> 509
A40: 19:00 | B40: 8 | C40: 17 | D40: 16 | E40: 8 | F40: 14 | G40: 21 | H40: 16 | I40: 26 | J40: 21 | K40: 20 | L40: 12 | M40: 19 | N40: 20 | O40: 24 | P40: 25 | Q40: 17 | R40: 17 | S40: 13 | T40: 7 | U40: 34 | V40: 25 | W40: 18 | X40: 17 | Y40: 16 | Z40: 12 | AA40: 8 | AB40: 21 | AC40: 11 | AD40: 28 | AE40: 15 | AF40: 10 | AG40: =SUM(B40:AF40) -> 536
A41: 20:00 | B41: 12 | C41: 20 | D41: 23 | E41: 8 | F41: 20 | G41: 16 | H41: 21 | I41: 22 | J41: 22 | K41: 17 | L41: 10 | M41: 11 | N41: 23 | O41: 18 | P41: 21 | Q41: 23 | R41: 15 | S41: 13 | T41: 12 | U41: 25 | V41: 22 | W41: 24 | X41: 17 | Y41: 17 | Z41: 10 | AA41: 13 | AB41: 22 | AC41: 14 | AD41: 19 | AE41: 16 | AF41: 17 | AG41: =SUM(B41:AF41) -> 543
A42: 21:00 | B42: 11 | C42: 21 | D42: 10 | E42: 11 | F42: 13 | G42: 22 | H42: 19 | I42: 11 | J42: 26 | K42: 25 | L42: 9 | M42: 14 | N42: 31 | O42: 20 | P42: 19 | Q42: 15 | R42: 12 | S42: 12 | T42: 15 | U42: 20 | V42: 22 | W42: 13 | X42: 14 | Y42: 15 | Z42: 13 | AA42: 15 | AB42: 21 | AC42: 10 | AD42: 17 | AE42: 16 | AF42: 16 | AG42: =SUM(B42:AF42) -> 508
A43: 22:00 | B43: 12 | C43: 19 | D43: 18 | E43: 12 | F43: 11 | G43: 14 | H43: 21 | I43: 11 | J43: 16 | K43: 23 | L43: 12 | M43: 13 | N43: 16 | O43: 17 | P43: 22 | Q43: 17 | R43: 20 | S43: 8 | T43: 12 | U43: 7 | V43: 15 | W43: 16 | X43: 18 | Y43: 22 | Z43: 9 | AA43: 12 | AB43: 18 | AC43: 13 | AD43: 18 | AE43: 7 | AF43: 12 | AG43: =SUM(B43:AF43) -> 461
A44: 23:00 | B44: 3 | C44: 14 | D44: 13 | E44: 10 | F44: 14 | G44: 6 | H44: 14 | I44: 6 | J44: 12 | K44: 7 | L44: 13 | M44: 12 | N44: 8 | O44: 10 | P44: 10 | Q44: 13 | R44: 11 | S44: 5 | T44: 15 | U44: 7 | V44: 8 | W44: 10 | X44: 25 | Y44: 15 | Z44: 6 | AA44: 13 | AB44: 8 | AC44: 10 | AD44: 15 | AE44: 11 | AF44: 10 | AG44: =SUM(B44:AF44) -> 334
A45: 00:00 | B45: 4 | C45: 15 | D45: 12 | E45: 6 | F45: 13 | G45: 8 | H45: 4 | I45: 8 | J45: 6 | K45: 2 | L45: 11 | M45: 7 | N45: 2 | O45: 7 | P45: 7 | Q45: 9 | R45: 10 | S45: 9 | T45: 9 | U45: 4 | V45: 10 | W45: 4 | X45: 10 | Y45: 8 | Z45: 7 | AA45: 10 | AB45: 7 | AC45: 5 | AD45: 8 | AE45: 6 | AF45: 6 | AG45: =SUM(B45:AF45) -> 234
A46: 01:00 | B46: 5 | C46: 7 | D46: 13 | E46: 9 | F46: 9 | G46: 10 | H46: 10 | I46: 7 | J46: 2 | K46: 2 | L46: 2 | M46: 5 | N46: 8 | O46: 4 | P46: 4 | Q46: 8 | R46: 12 | S46: 4 | T46: 8 | U46: 7 | V46: 10 | W46: 9 | X46: 9 | Y46: 3 | Z46: 7 | AA46: 7 | AB46: 4 | AC46: 2 | AD46: 7 | AE46: 3 | AF46: 3 | AG46: =SUM(B46:AF46) -> 200
A47: 02:00 | B47: 4 | C47: 2 | D47: 13 | E47: 9 | F47: 4 | G47: 6 | H47: 7 | I47: 9 | K47: 1 | L47: 7 | M47: 5 | N47: 6 | O47: 8 | P47: 1 | Q47: 6 | R47: 9 | S47: 6 | T47: 5 | U47: 7 | V47: 9 | W47: 7 | X47: 9 | Y47: 6 | Z47: 3 | AA47: 9 | AB47: 8 | AC47: 2 | AD47: 2 | AE47: 1 | AF47: 2 | AG47: =SUM(B47:AF47) -> 173
A48: 03:00 | B48: 2 | E48: 7 | F48: 3 | G48: 7 | H48: 4 | I48: 4 | J48: 2 | K48: 1 | L48: 6 | M48: 1 | N48: 7 | O48: 1 | P48: 2 | R48: 2 | S48: 4 | U48: 1 | V48: 4 | W48: 6 | X48: 1 | Y48: 5 | Z48: 4 | AA48: 4 | AB48: 4 | AD48: 1 | AG48: =SUM(B48:AF48) -> 83
A49: 04:00 | B49: 1 | C49: 4 | D49: 3 | E49: 8 | F49: 1 | G49: 2 | J49: 2 | K49: 2 | L49: 6 | N49: 6 | P49: 2 | R49: 2 | S49: 4 | T49: 1 | V49: 2 | W49: 1 | X49: 1 | Y49: 4 | Z49: 5 | AA49: 1 | AB49: 1 | AE49: 1 | AF49: 1 | AG49: =SUM(B49:AF49) -> 61
A50: 05:00 | E50: 2 | F50: 2 | G50: 4 | H50: 1 | J50: 1 | K50: 2 | L50: 1 | N50: 2 | O50: 1 | Q50: 2 | R50: 2 | S50: 2 | U50: 1 | W50: 1 | Y50: 6 | Z50: 6 | AE50: 1 | AF50: 2 | AG50: =SUM(B50:AF50) -> 39
A51: 06:00 | C51: 2 | D51: 1 | E51: 1 | H51: 2 | I51: 2 | L51: 1 | P51: 1 | R51: 2 | T51: 4 | Y51: 4 | Z51: 3 | AA51: 1 | AC51: 4 | AD51: 1 | AE51: 2 | AF51: 2 | AG51: =SUM(B51:AF51) -> 33
A52: 07:00 | D52: 1 | G52: 2 | J52: 1 | K52: 2 | Q52: 1 | Z52: 2 | AF52: 1 | AG52: =SUM(B52:AF52) -> 10
A53: Total de NSP | B53: =SUM(B54:B77) -> 7 | C53: =SUM(C54:C77) -> 17 | D53: =SUM(D54:D77) -> 30 | E53: =SUM(E54:E77) -> 34 | F53: =SUM(F54:F77) -> 10 | G53: =SUM(G54:G77) -> 38 | H53: =SUM(H54:H77) -> 29 | I53: =SUM(I54:I77) -> 23 | ... AF53: =SUM(AF54:AF77) -> 23 | AG53: =SUM(B53:AF53) -> 494
A54: 08:00 | D54: 3 | E54: 1 | F54: 3 | G54: 3 | J54: 1 | AG54: =SUM(B54:AF54) -> 11
A55: 09:00 | D55: 2 | E55: 1 | G55: 7 | J55: 4 | L55: 1 | AG55: =SUM(B55:AF55) -> 15
A56: 10:00 | B56: 1 | T56: 2 | AG56: =SUM(B56:AF56) -> 3
A57: 11:00 | AG57: =SUM(B57:AF57) -> 0
A58: 12:00 | AG58: =SUM(B58:AF58) -> 0
A59: 13:00 | B59: 1 | AG59: =SUM(B59:AF59) -> 1
A60: 14:00 | B60: 2 | T60: 1 | AG60: =SUM(B60:AF60) -> 3
A61: 15:00 | Z61: 1 | AG61: =SUM(B61:AF61) -> 1
A62: 16:00 | AG62: =SUM(B62:AF62) -> 0
A63: 17:00 | C63: 1 | V63: 1 | AA63: 1 | AC63: 4 | AE63: 1 | AF63: 3 | AG63: =SUM(B63:AF63) -> 11
A64: 18:00 | B64: 1 | C64: 1 | H64: 4 | I64: 2 | K64: 2 | N64: 2 | R64: 1 | U64: 2 | V64: 2 | X64: 2 | Y64: 3 | AC64: 2 | AF64: 5 | AG64: =SUM(B64:AF64) -> 29
A65: 19:00 | C65: 5 | H65: 4 | K65: 7 | N65: 1 | O65: 2 | P65: 3 | Q65: 2 | R65: 10 | V65: 3 | W65: 4 | X65: 2 | Y65: 1 | AB65: 4 | AC65: 1 | AD65: 7 | AE65: 1 | AF65: 3 | AG65: =SUM(B65:AF65) -> 60
A66: 20:00 | C66: 4 | H66: 3 | I66: 1 | K66: 5 | N66: 1 | O66: 3 | Q66: 6 | R66: 3 | V66: 3 | W66: 4 | X66: 2 | AB66: 2 | AD66: 3 | AE66: 1 | AG66: =SUM(B66:AF66) -> 41
A67: 21:00 | C67: 2 | H67: 6 | K67: 7 | N67: 1 | O67: 1 | Q67: 2 | R67: 3 | Y67: 3 | AB67: 1 | AD67: 2 | AF67: 1 | AG67: =SUM(B67:AF67) -> 29
A68: 22:00 | B68: 1 | C68: 4 | H68: 2 | I68: 2 | M68: 1 | N68: 1 | Q68: 7 | R68: 7 | W68: 2 | X68: 5 | Y68: 5 | AA68: 3 | AB68: 1 | AF68: 5 | AG68: =SUM(B68:AF68) -> 46
A69: 23:00 | I69: 1 | O69: 2 | Q69: 1 | R69: 3 | U69: 1 | W69: 1 | X69: 1 | Y69: 2 | Z69: 1 | AB69: 1 | AC69: 1 | AE69: 1 | AF69: 1 | AG69: =SUM(B69:AF69) -> 17
A70: 00:00 | D70: 6 | E70: 4 | F70: 2 | G70: 2 | H70: 2 | I70: 5 | J70: 5 | P70: 1 | W70: 1 | Y70: 1 | AB70: 4 | AD70: 1 | AF70: 2 | AG70: =SUM(B70:AF70) -> 36
A71: 01:00 | D71: 3 | E71: 8 | F71: 3 | G71: 6 | I71: 4 | J71: 1 | Q71: 1 | R71: 1 | U71: 2 | W71: 3 | X71: 1 | Z71: 6 | AB71: 2 | AF71: 2 | AG71: =SUM(B71:AF71) -> 43
A72: 02:00 | D72: 12 | E72: 5 | G72: 7 | H72: 6 | I72: 8 | L72: 2 | N72: 2 | S72: 3 | U72: 4 | V72: 2 | W72: 1 | Y72: 3 | AA72: 2 | AF72: 1 | AG72: =SUM(B72:AF72) -> 58
A73: 03:00 | B73: 1 | D73: 4 | E73: 6 | F73: 1 | G73: 11 | H73: 2 | J73: 1 | L73: 6 | N73: 8 | R73: 1 | S73: 1 | T73: 1 | V73: 1 | Y73: 4 | Z73: 8 | AB73: 9 | AG73: =SUM(B73:AF73) -> 65
A74: 04:00 | E74: 5 | G74: 2 | L74: 2 | O74: 1 | W74: 2 | Z74: 1 | AG74: =SUM(B74:AF74) -> 13
A75: 05:00 | F75: 1 | L75: 3 | T75: 1 | AG75: =SUM(B75:AF75) -> 5
A76: 06:00 | P76: 1 | Z76: 1 | AE76: 1 | AG76: =SUM(B76:AF76) -> 3
A77: 07:00 | E77: 4 | AG77: =SUM(B77:AF77) -> 4
A78: TOTAL PACIENTES INSCRITOS | B78: =SUM(B79:B80) -> 163 | C78: =SUM(C79:C80) -> 169 | D78: =SUM(D79:D80) -> 175 | E78: =SUM(E79:E80) -> 225 | F78: =SUM(F79:F80) -> 228 | G78: =SUM(G79:G80) -> 188 | H78: =SUM(H79:H80) -> 165 | I78: =SUM(I79:I80) -> 155 | ... AF78: =SUM(AF79:AF80) -> 170 | AG78: =SUM(B78:AF78) -> 5388
A79: SAR | B79: =SUM(B4:B27)-B80 -> 163 | C79: =SUM(C4:C27)-C80 -> 169 | D79: =SUM(D4:D27)-D80 -> 175 | E79: =SUM(E4:E27)-E80 -> 225 | F79: =SUM(F4:F27)-F80 -> 123 | G79: =SUM(G4:G27)-G80 -> 188 | H79: =SUM(H4:H27)-H80 -> 163 | I79: =SUM(I4:I27)-I80 -> 155 | ... AF79: =SUM(AF4:AF27)-AF80 -> 170 | AG79: =SUM(B79:AF79) -> 4878
A80: PAR | D80: 0 | E80: 0 | F80: =SUM(F4:F12) -> 105 | G80: =SUM(G4:G12) -> 0 | H80: =SUM(H4:H12) -> 2 | K80: 0 | L80: 0 | M80: =SUM(M4:M12) -> 89 | N80: =SUM(N4:N12) -> 2 | O80: =SUM(O4:O12) -> 0 | R80: =SUM(R4:R12) -> 1 | S80: =SUM(S4:S12) -> 91 | T80: =SUM(T4:T12) -> 107 | U80: =SUM(U4:U12) -> 1 | V80: =SUM(V4:V12) -> 1 | Y80: =SUM(Y4:Y12) -> 1 | AA80: =SUM(AA4:AA12) -> 110 | AB80: =SUM(AB4:AB12) -> 0 | AC80: =SUM(AC4:AC12) -> 0 | AF80: =SUM(AF4:AF12) -> 0 | AG80: =SUM(B80:AF80) -> 510
A81: TOTAL NSP | B81: =SUM(B82:B83) -> 7 | C81: =SUM(C82:C83) -> 17 | D81: =SUM(D82:D83) -> 30 | E81: =SUM(E82:E83) -> 34 | F81: =SUM(F82:F83) -> 10 | G81: =SUM(G82:G83) -> 38 | H81: =SUM(H82:H83) -> 29 | I81: =SUM(I82:I83) -> 23 | ... AF81: =SUM(AF82:AF83) -> 23 | AG81: =SUM(B81:AF81) -> 494 | AH81: =IF(AG81<>AG53,"*","")
A82: PAR | C82: =SUM(C54:C62) -> 0 | D82: =SUM(D54:D62) -> 5 | G82: =SUM(G54:G62) -> 10 | H82: =SUM(H54:H62) -> 0 | I82: =SUM(I54:I62) -> 0 | J82: =SUM(J54:J62) -> 5 | K82: =SUM(K54:K62) -> 0 | N82: =SUM(N54:N62) -> 0 | O82: =SUM(O54:O62) -> 0 | P82: =SUM(P54:P62) -> 0 | Q82: =SUM(Q54:Q62) -> 0 | R82: =SUM(R54:R62) -> 0 | U82: =SUM(U54:U62) -> 0 | V82: =SUM(V54:V62) -> 0 | W82: =SUM(W54:W62) -> 0 | X82: =SUM(X54:X62) -> 0 | Y82: =SUM(Y54:Y62) -> 0 | AB82: =SUM(AB54:AB62) -> 0 | AC82: =SUM(AC54:AC62) -> 0 | AD82: =SUM(AD54:AD62) -> 0 | AE82: =SUM(AE54:AE62) -> 0 | AF82: =SUM(AF54:AF62) -> 0 | AG82: =SUM(B82:AF82) -> 20
A83: SAR | B83: =SUM(B54:B77)-B82 -> 7 | C83: =SUM(C54:C77)-C82 -> 17 | D83: =SUM(D54:D77)-D82 -> 25 | E83: =SUM(E54:E77)-E82 -> 34 | F83: =SUM(F54:F77)-F82 -> 10 | G83: =SUM(G54:G77)-G82 -> 28 | H83: =SUM(H54:H77)-H82 -> 29 | I83: =SUM(I54:I77)-I82 -> 23 | ... AF83: =SUM(AF54:AF77)-AF82 -> 23 | AG83: =SUM(B83:AF83) -> 474
A84: NSP PEDIATR. / ADULTOS | B84: =SUM(B85:B86) -> 7 | C84: =SUM(C85:C86) -> 17 | D84: =SUM(D85:D86) -> 30 | E84: =SUM(E85:E86) -> 34 | F84: =SUM(F85:F86) -> 10 | G84: =SUM(G85:G86) -> 38 | H84: =SUM(H85:H86) -> 29 | I84: =SUM(I85:I86) -> 23 | ... AF84: =SUM(AF85:AF86) -> 23 | AG84: =SUM(B84:AF84) -> 494 | AH84: =IF(AG84<>AG82+AG83,"*","") | AI84: NSP
A85: NSP PEDIATRICOS (<15 AÑOS) | B85: 2 | C85: 2 | D85: 8 | E85: 4 | F85: 0 | G85: 5 | H85: 2 | I85: 3 | J85: 2 | K85: 7 | L85: 3 | M85: 0 | N85: 4 | O85: 4 | P85: 2 | Q85: 1 | R85: 4 | S85: 0 | T85: 0 | U85: 3 | V85: 1 | W85: 4 | X85: 3 | Y85: 3 | Z85: 3 | AA85: 0 | AB85: 5 | AC85: 1 | AD85: 4 | AF85: 2 | AG85: =SUM(B85:AF85) -> 82
A86: NSP ADULTOS | B86: 5 | C86: 15 | D86: 22 | E86: 30 | F86: 10 | G86: 33 | H86: 27 | I86: 20 | J86: 10 | K86: 14 | L86: 11 | M86: 1 | N86: 12 | O86: 5 | P86: 3 | Q86: 18 | R86: 25 | S86: 4 | T86: 5 | U86: 6 | V86: 11 | W86: 14 | X86: 10 | Y86: 19 | Z86: 15 | AA86: 6 | AB86: 19 | AC86: 7 | AD86: 9 | AE86: 5 | AF86: 21 | AG86: =SUM(B86:AF86) -> 412
A87: NSP CATEGORIZACION | B87: =SUM(B88:B92) -> 7 | C87: =SUM(C88:C92) -> 17 | D87: =SUM(D88:D92) -> 30 | E87: =SUM(E88:E92) -> 34 | F87: =SUM(F88:F92) -> 10 | G87: =SUM(G88:G92) -> 38 | H87: =SUM(H88:H92) -> 29 | I87: =SUM(I88:I92) -> 23 | ... AF87: =SUM(AF88:AF92) -> 23 | AG87: =SUM(B87:AF87) -> 494 | AH87: =IF(AG87<>AG84,"*","")
A88: SIN CATEGORIZACIÓN nsp | B88: 3 | C88: 11 | D88: 6 | E88: 9 | F88: 6 | G88: 23 | H88: 5 | I88: 7 | J88: 4 | K88: 13 | L88: 4 | M88: 1 | N88: 7 | O88: 6 | P88: 4 | Q88: 7 | R88: 11 | T88: 3 | U88: 4 | V88: 4 | W88: 6 | X88: 5 | Y88: 7 | Z88: 3 | AA88: 1 | AB88: 6 | AC88: 2 | AD88: 8 | AE88: 1 | AF88: 7 | AG88: =SUM(B88:AF88) -> 184
A89: C2 | AG89: =SUM(B89:AF89) -> 0
A90: C3 | I90: 1 | K90: 1 | R90: 1 | X90: 1 | AD90: 1 | AG90: =SUM(B90:AF90) -> 5
A91: C4 | B91: 1 | C91: 2 | D91: 14 | E91: 12 | F91: 3 | G91: 14 | H91: 13 | I91: 6 | J91: 3 | K91: 1 | L91: 8 | N91: 8 | O91: 2 | P91: 1 | Q91: 4 | R91: 8 | U91: 4 | V91: 3 | W91: 1 | X91: 6 | Y91: 6 | Z91: 9 | AA91: 4 | AB91: 8 | AC91: 3 | AD91: 1 | AE91: 3 | AF91: 7 | AG91: =SUM(B91:AF91) -> 155
A92: C5 | B92: 3 | C92: 4 | D92: 10 | E92: 13 | F92: 1 | G92: 1 | H92: 11 | I92: 9 | J92: 5 | K92: 6 | L92: 2 | N92: 1 | O92: 1 | Q92: 8 | R92: 9 | S92: 4 | T92: 2 | U92: 1 | V92: 5 | W92: 11 | X92: 1 | Y92: 9 | Z92: 6 | AA92: 1 | AB92: 10 | AC92: 3 | AD92: 3 | AE92: 1 | AF92: 9 | AG92: =SUM(B92:AF92) -> 150
A93: TOTAL PACIENTES ATENDIDOS | B93: =+B94+B100 -> 156 | C93: =+C94+C100 -> 152 | D93: =+D94+D100 -> 145 | E93: =+E94+E100 -> 191 | F93: =+F94+F100 -> 218 | G93: =+G94+G100 -> 150 | H93: =+H94+H100 -> 136 | I93: =+I94+I100 -> 132 | ... AF93: =+AF94+AF100 -> 147 | AG93: =SUM(B93:AF93) -> 4894 | AH93: =IF(AG93<>AG28,"*","")
A94: Menor 15 años | B94: =SUM(B95:B99) -> 23 | C94: =SUM(C95:C99) -> 14 | D94: =SUM(D95:D99) -> 22 | E94: =SUM(E95:E99) -> 19 | F94: =SUM(F95:F99) -> 40 | G94: =SUM(G95:G99) -> 21 | H94: =SUM(H95:H99) -> 13 | I94: =SUM(I95:I99) -> 18 | ... AF94: =SUM(AF95:AF99) -> 29 | AG94: =SUM(B94:AF94) -> 667
A95: Menor 1 Año | F95: 1 | G95: 3 | I95: 1 | K95: 2 | L95: 1 | M95: 2 | N95: 2 | Q95: 1 | R95: 1 | T95: 2 | W95: 1 | AB95: 3 | AE95: 1 | AF95: 2 | AG95: =SUM(B95:AF95) -> 23
A96: 1 Año | B96: 2 | C96: 1 | D96: 2 | E96: 3 | F96: 4 | G96: 1 | H96: 2 | I96: 2 | J96: 1 | K96: 1 | L96: 5 | M96: 5 | N96: 1 | O96: 3 | P96: 2 | Q96: 3 | R96: 1 | S96: 2 | T96: 3 | U96: 1 | V96: 2 | X96: 3 | Y96: 1 | Z96: 2 | AA96: 6 | AD96: 3 | AE96: 3 | AG96: =SUM(B96:AF96) -> 65
A97: 2 - 4 | B97: 5 | D97: 4 | E97: 3 | F97: 10 | G97: 5 | I97: 5 | J97: 4 | K97: 5 | L97: 7 | M97: 12 | N97: 2 | O97: 1 | P97: 2 | Q97: 1 | R97: 1 | S97: 3 | T97: 4 | U97: 4 | V97: 5 | W97: 4 | X97: 8 | Y97: 1 | Z97: 4 | AA97: 2 | AB97: 4 | AC97: 4 | AD97: 11 | AE97: 1 | AF97: 11 | AG97: =SUM(B97:AF97) -> 133
A98: 5 - 9 | B98: 10 | C98: 8 | D98: 6 | E98: 10 | F98: 13 | G98: 8 | H98: 8 | I98: 4 | J98: 3 | K98: 5 | L98: 5 | M98: 11 | N98: 5 | O98: 2 | P98: 5 | Q98: 5 | R98: 5 | S98: 9 | T98: 13 | U98: 10 | V98: 10 | W98: 4 | X98: 10 | Y98: 7 | Z98: 15 | AA98: 10 | AB98: 11 | AC98: 3 | AD98: 1 | AE98: 7 | AF98: 9 | AG98: =SUM(B98:AF98) -> 232
A99: 10 - 14 | B99: 6 | C99: 5 | D99: 10 | E99: 3 | F99: 12 | G99: 4 | H99: 3 | I99: 6 | J99: 4 | K99: 5 | L99: 9 | M99: 6 | N99: 5 | O99: 9 | P99: 1 | Q99: 10 | R99: 7 | S99: 12 | T99: 12 | U99: 3 | V99: 7 | W99: 7 | X99: 3 | Y99: 6 | Z99: 10 | AA99: 18 | AB99: 6 | AC99: 6 | AD99: 6 | AE99: 6 | AF99: 7 | AG99: =SUM(B99:AF99) -> 214
A100: Mayor de 15 años | B100: =SUM(B101:B115) -> 133 | C100: =SUM(C101:C115) -> 138 | D100: =SUM(D101:D115) -> 123 | E100: =SUM(E101:E115) -> 172 | F100: =SUM(F101:F115) -> 178 | G100: =SUM(G101:G115) -> 129 | H100: =SUM(H101:H115) -> 123 | I100: =SUM(I101:I115) -> 114 | ... AF100: =SUM(AF101:AF115) -> 118 | AG100: =SUM(B100:AF100) -> 4227
A101: 15 - 19 | B101: 9 | C101: 8 | D101: 11 | E101: 18 | F101: 11 | G101: 13 | H101: 13 | I101: 5 | J101: 9 | K101: 5 | L101: 11 | M101: 16 | N101: 13 | O101: 6 | P101: 10 | Q101: 8 | R101: 6 | S101: 11 | T101: 13 | U101: 13 | V101: 6 | W101: 8 | X101: 12 | Y101: 14 | Z101: 9 | AA101: 15 | AB101: 9 | AC101: 11 | AD101: 11 | AE101: 9 | AF101: 6 | AG101: =SUM(B101:AF101) -> 319
...

Sheet FEBRERO
A2: FEBRERO | B2: 1 | C2: =+B2+1 -> 2 | D2: =+C2+1 -> 3 | E2: =+D2+1 -> 4 | F2: =+E2+1 -> 5 | G2: =+F2+1 -> 6 | H2: =+G2+1 -> 7 | I2: =+H2+1 -> 8 | J2: =+I2+1 -> 9 | ... AA2: =+Z2+1 -> 26 | AB2: 27 | AC2: =+AB2+1 -> 28 | AD2: 29 | AE2: 30 | AF2: 31 | AG2: TOTAL
A3: Total de Inscritos | B3: =SUM(B4:B27) -> 227 | C3: =SUM(C4:C27) -> 199 | D3: =SUM(D4:D27) -> 175 | E3: =SUM(E4:E27) -> 145 | F3: =SUM(F4:F27) -> 149 | G3: =SUM(G4:G27) -> 142 | H3: =SUM(H4:H27) -> 177 | I3: =SUM(I4:I27) -> 197 | ... AF3: =SUM(AF4:AF27) -> 0 | AG3: =SUM(B3:AF3) -> 5213
A4: 08:00 | B4: 8 | C4: 14 | I4: 8 | J4: 6 | P4: 10 | Q4: 9 | W4: 5 | X4: 4 | AD4: 3 | AG4: =SUM(B4:AF4) -> 67
A5: 09:00 | B5: 18 | C5: 7 | I5: 6 | J5: 9 | P5: 18 | Q5: 11 | W5: 15 | X5: 9 | AD5: 18 | AG5: =SUM(B5:AF5) -> 111
A6: 10:00 | B6: 11 | C6: 12 | I6: 11 | J6: 16 | P6: 12 | Q6: 15 | W6: 10 | X6: 16 | AD6: 9 | AG6: =SUM(B6:AF6) -> 112
A7: 11:00 | B7: 21 | C7: 11 | I7: 15 | J7: 14 | P7: 13 | Q7: 17 | W7: 12 | X7: 14 | AD7: 11 | AG7: =SUM(B7:AF7) -> 128
A8: 12:00 | B8: 14 | C8: 10 | I8: 10 | J8: 13 | P8: 14 | Q8: 12 | W8: 6 | X8: 16 | AD8: 16 | AG8: =SUM(B8:AF8) -> 111
A9: 13:00 | B9: 13 | C9: 13 | I9: 9 | J9: 11 | P9: 7 | Q9: 9 | W9: 9 | X9: 9 | AD9: 10 | AG9: =SUM(B9:AF9) -> 90
A10: 14:00 | B10: 9 | C10: 6 | I10: 13 | J10: 14 | P10: 11 | Q10: 9 | W10: 9 | X10: 14 | AD10: 11 | AG10: =SUM(B10:AF10) -> 96
A11: 15:00 | B11: 10 | C11: 15 | I11: 6 | J11: 10 | P11: 14 | Q11: 11 | W11: 16 | X11: 16 | AD11: 13 | AG11: =SUM(B11:AF11) -> 111
A12: 16:00 | B12: 17 | C12: 7 | I12: 11 | J12: 7 | K12: 1 | P12: 16 | Q12: 17 | U12: 2 | W12: 19 | X12: 16 | Y12: 1 | AD12: 25 | AG12: =SUM(B12:AF12) -> 139
A13: 17:00 | B13: 14 | C13: 11 | D13: 56 | E13: 55 | F13: 45 | G13: 45 | H13: 57 | I13: 12 | J13: 15 | K13: 47 | L13: 52 | M13: 27 | N13: 47 | O13: 38 | P13: 13 | Q13: 14 | R13: 56 | S13: 51 | T13: 54 | U13: 60 | V13: 61 | W13: 15 | X13: 25 | Y13: 59 | Z13: 68 | AA13: 46 | AB13: 58 | AC13: 46 | AD13: 23 | AG13: =SUM(B13:AF13) -> 1170
A14: 18:00 | B14: 11 | C14: 15 | D14: 19 | E14: 20 | F14: 13 | G14: 20 | H14: 19 | I14: 16 | J14: 18 | K14: 21 | L14: 12 | M14: 22 | N14: 18 | O14: 17 | P14: 19 | Q14: 21 | R14: 19 | S14: 28 | T14: 20 | U14: 11 | V14: 14 | W14: 16 | X14: 12 | Y14: 22 | Z14: 15 | AA14: 22 | AB14: 17 | AC14: 11 | AD14: 13 | AG14: =SUM(B14:AF14) -> 501
A15: 19:00 | B15: 13 | C15: 10 | D15: 18 | E15: 17 | F15: 21 | G15: 21 | H15: 16 | I15: 14 | J15: 8 | K15: 16 | L15: 17 | M15: 24 | N15: 15 | O15: 12 | P15: 18 | Q15: 21 | R15: 23 | S15: 21 | T15: 19 | U15: 16 | V15: 18 | W15: 16 | X15: 11 | Y15: 12 | Z15: 15 | AA15: 13 | AB15: 25 | AC15: 14 | AD15: 15 | AG15: =SUM(B15:AF15) -> 479
A16: 20:00 | B16: 12 | C16: 9 | D16: 14 | E16: 11 | F16: 17 | G16: 17 | H16: 14 | I16: 9 | J16: 15 | K16: 19 | L16: 20 | M16: 13 | N16: 14 | O16: 13 | P16: 14 | Q16: 14 | R16: 26 | S16: 27 | T16: 21 | U16: 15 | V16: 16 | W16: 20 | X16: 16 | Y16: 20 | Z16: 9 | AA16: 15 | AB16: 17 | AC16: 21 | AD16: 13 | AG16: =SUM(B16:AF16) -> 461
A17: 21:00 | B17: 18 | C17: 10 | D17: 20 | E17: 10 | F17: 12 | G17: 16 | H17: 24 | I17: 18 | J17: 11 | K17: 23 | L17: 18 | M17: 17 | N17: 18 | O17: 18 | P17: 9 | Q17: 16 | R17: 18 | S17: 19 | T17: 23 | U17: 10 | V17: 12 | W17: 8 | X17: 9 | Y17: 16 | Z17: 16 | AA17: 25 | AB17: 20 | AC17: 13 | AD17: 17 | AG17: =SUM(B17:AF17) -> 464
A18: 22:00 | B18: 9 | C18: 21 | D18: 14 | E18: 12 | F18: 11 | G18: 10 | H18: 18 | I18: 9 | J18: 21 | K18: 19 | L18: 14 | M18: 15 | N18: 22 | O18: 13 | P18: 13 | Q18: 9 | R18: 23 | S18: 17 | T18: 18 | U18: 14 | V18: 11 | W18: 21 | X18: 10 | Y18: 9 | Z18: 12 | AA18: 11 | AB18: 13 | AC18: 8 | AD18: 15 | AG18: =SUM(B18:AF18) -> 412
A19: 23:00 | B19: 11 | C19: 11 | D19: 10 | E19: 9 | F19: 9 | G19: 5 | H19: 10 | I19: 13 | J19: 9 | K19: 19 | L19: 8 | M19: 14 | N19: 11 | O19: 4 | P19: 7 | Q19: 14 | R19: 6 | S19: 9 | T19: 10 | U19: 15 | V19: 11 | W19: 11 | X19: 11 | Y19: 13 | Z19: 10 | AA19: 15 | AB19: 13 | AC19: 9 | AD19: 10 | AG19: =SUM(B19:AF19) -> 307
A20: 00:00 | B20: 6 | C20: 7 | D20: 10 | E20: 4 | F20: 9 | G20: 1 | H20: 3 | I20: 4 | J20: 2 | K20: 5 | L20: 8 | M20: 1 | N20: 2 | O20: 4 | P20: 6 | Q20: 7 | R20: 1 | S20: 8 | T20: 7 | U20: 2 | V20: 9 | W20: 4 | X20: 2 | Y20: 2 | Z20: 3 | AA20: 6 | AB20: 8 | AC20: 5 | AD20: 3 | AG20: =SUM(B20:AF20) -> 139
A21: 01:00 | B21: 4 | C21: 4 | D21: 3 | E21: 5 | F21: 6 | G21: 1 | H21: 6 | I21: 5 | J21: 2 | K21: 4 | L21: 5 | M21: 4 | N21: 2 | O21: 3 | P21: 6 | Q21: 2 | R21: 2 | T21: 5 | U21: 9 | V21: 6 | W21: 4 | X21: 3 | Y21: 3 | Z21: 5 | AA21: 2 | AB21: 4 | AC21: 4 | AD21: 4 | AG21: =SUM(B21:AF21) -> 113
A22: 02:00 | B22: 6 | C22: 2 | D22: 4 | E22: 2 | F22: 1 | G22: 1 | H22: 2 | I22: 2 | J22: 3 | K22: 1 | L22: 2 | N22: 1 | O22: 1 | P22: 1 | Q22: 2 | T22: 3 | U22: 2 | V22: 1 | X22: 1 | Y22: 3 | AA22: 7 | AB22: 2 | AC22: 4 | AG22: =SUM(B22:AF22) -> 54
A23: 03:00 | B23: 1 | C23: 2 | D23: 2 | F23: 1 | H23: 1 | I23: 1 | J23: 1 | K23: 2 | L23: 2 | M23: 2 | O23: 1 | Q23: 4 | R23: 2 | S23: 1 | U23: 1 | V23: 2 | W23: 3 | X23: 1 | Y23: 2 | Z23: 2 | AA23: 1 | AB23: 2 | AC23: 1 | AD23: 3 | AG23: =SUM(B23:AF23) -> 41
A24: 04:00 | B24: 1 | C24: 1 | D24: 1 | F24: 1 | H24: 3 | I24: 1 | J24: 5 | K24: 1 | L24: 1 | M24: 1 | N24: 2 | O24: 2 | P24: 1 | Q24: 1 | R24: 1 | S24: 2 | U24: 2 | V24: 2 | W24: 2 | Y24: 2 | Z24: 1 | AB24: 1 | AC24: 1 | AG24: =SUM(B24:AF24) -> 36
A25: 05:00 | D25: 1 | F25: 1 | G25: 3 | H25: 3 | I25: 1 | L25: 1 | M25: 1 | O25: 1 | P25: 5 | Q25: 3 | R25: 4 | S25: 1 | U25: 1 | V25: 1 | Y25: 1 | Z25: 1 | AA25: 2 | AB25: 1 | AC25: 1 | AD25: 1 | AG25: =SUM(B25:AF25) -> 34
A26: 06:00 | C26: 1 | D26: 2 | F26: 2 | G26: 1 | H26: 1 | L26: 1 | N26: 2 | O26: 1 | P26: 2 | Q26: 1 | R26: 1 | S26: 1 | V26: 1 | W26: 1 | Z26: 2 | AA26: 1 | AB26: 2 | AD26: 2 | AG26: =SUM(B26:AF26) -> 25
A27: 07:00 | D27: 1 | G27: 1 | I27: 3 | P27: 2 | V27: 2 | W27: 2 | AD27: 1 | AG27: =SUM(B27:AF27) -> 12
A28: Total de atendidos | B28: =SUM(B29:B52) -> 215 | C28: =SUM(C29:C52) -> 199 | D28: =SUM(D29:D52) -> 169 | E28: =SUM(E29:E52) -> 136 | F28: =SUM(F29:F52) -> 143 | G28: =SUM(G29:G52) -> 116 | H28: =SUM(H29:H52) -> 157 | I28: =SUM(I29:I52) -> 172 | ... AF28: =SUM(AF29:AF52) -> 0 | AG28: =SUM(B28:AF28) -> 4759
A29: 08:00 | B29: 3 | C29: 6 | I29: 8 | J29: 4 | P29: 4 | Q29: 5 | V29: 2 | W29: 1 | X29: 3 | AD29: 3 | AG29: =SUM(B29:AF29) -> 39
A30: 09:00 | B30: 3 | C30: 12 | I30: 5 | J30: 5 | P30: 6 | Q30: 9 | V30: 2 | W30: 5 | X30: 7 | AD30: 7 | AG30: =SUM(B30:AF30) -> 61
A31: 10:00 | B31: 10 | C31: 8 | I31: 6 | J31: 8 | P31: 12 | Q31: 11 | W31: 15 | X31: 12 | AD31: 16 | AG31: =SUM(B31:AF31) -> 98
A32: 11:00 | B32: 14 | C32: 12 | I32: 14 | J32: 14 | P32: 12 | Q32: 15 | W32: 14 | X32: 16 | AD32: 11 | AG32: =SUM(B32:AF32) -> 122
A33: 12:00 | B33: 10 | C33: 10 | I33: 9 | J33: 11 | P33: 8 | Q33: 13 | W33: 9 | X33: 13 | AD33: 11 | AG33: =SUM(B33:AF33) -> 94
A34: 13:00 | B34: 10 | C34: 7 | I34: 5 | J34: 6 | P34: 10 | Q34: 14 | W34: 9 | X34: 13 | AD34: 13 | AG34: =SUM(B34:AF34) -> 87
A35: 14:00 | B35: 20 | C35: 16 | I35: 6 | J35: 11 | P35: 8 | Q35: 10 | W35: 10 | X35: 14 | AD35: 8 | AG35: =SUM(B35:AF35) -> 103
A36: 15:00 | B36: 16 | C36: 8 | I36: 9 | J36: 12 | P36: 10 | Q36: 12 | W36: 9 | X36: 8 | AD36: 11 | AG36: =SUM(B36:AF36) -> 95
A37: 16:00 | B37: 7 | C37: 12 | I37: 9 | J37: 18 | P37: 11 | Q37: 13 | W37: 17 | X37: 14 | AD37: 19 | AG37: =SUM(B37:AF37) -> 120
A38: 17:00 | B38: 14 | C38: 10 | D38: 6 | E38: 1 | F38: 3 | G38: 5 | H38: 9 | I38: 10 | J38: 15 | K38: 6 | L38: 4 | M38: 8 | N38: 5 | O38: 7 | P38: 15 | Q38: 19 | R38: 8 | S38: 12 | T38: 6 | U38: 6 | V38: 5 | W38: 19 | X38: 21 | Y38: 6 | Z38: 6 | AA38: 3 | AB38: 8 | AC38: 3 | AD38: 18 | AG38: =SUM(B38:AF38) -> 258
A39: 18:00 | B39: 11 | C39: 14 | D39: 19 | E39: 15 | F39: 19 | G39: 16 | H39: 18 | I39: 12 | J39: 13 | K39: 22 | L39: 10 | M39: 20 | N39: 19 | O39: 17 | P39: 6 | Q39: 10 | R39: 27 | S39: 23 | T39: 20 | U39: 19 | V39: 15 | W39: 11 | X39: 19 | Y39: 22 | Z39: 22 | AA39: 28 | AB39: 18 | AC39: 19 | AD39: 19 | AG39: =SUM(B39:AF39) -> 503
A40: 19:00 | B40: 14 | C40: 12 | D40: 24 | E40: 22 | F40: 21 | G40: 21 | H40: 20 | I40: 7 | J40: 14 | K40: 26 | L40: 22 | M40: 26 | N40: 25 | O40: 22 | P40: 10 | Q40: 20 | R40: 22 | S40: 22 | T40: 23 | U40: 19 | V40: 20 | W40: 15 | X40: 16 | Y40: 29 | Z40: 11 | AA40: 27 | AB40: 24 | AC40: 25 | AD40: 14 | AG40: =SUM(B40:AF40) -> 573
A41: 20:00 | B41: 19 | C41: 9 | D41: 29 | E41: 23 | F41: 16 | G41: 16 | H41: 19 | I41: 7 | J41: 15 | K41: 25 | L41: 23 | M41: 22 | N41: 16 | O41: 16 | P41: 11 | Q41: 19 | R41: 21 | S41: 20 | T41: 23 | U41: 19 | V41: 14 | W41: 14 | X41: 13 | Y41: 21 | Z41: 25 | AA41: 25 | AB41: 19 | AC41: 13 | AD41: 17 | AG41: =SUM(B41:AF41) -> 529
A42: 21:00 | B42: 19 | C42: 12 | D42: 19 | E42: 15 | F42: 17 | G42: 13 | H42: 16 | I42: 15 | J42: 15 | K42: 11 | L42: 21 | M42: 16 | N42: 21 | O42: 12 | P42: 12 | Q42: 17 | R42: 23 | S42: 16 | T42: 22 | U42: 15 | V42: 21 | W42: 10 | X42: 11 | Y42: 15 | Z42: 22 | AA42: 17 | AB42: 23 | AC42: 23 | AD42: 15 | AG42: =SUM(B42:AF42) -> 484
A43: 22:00 | B43: 8 | C43: 12 | D43: 30 | E43: 32 | F43: 27 | G43: 11 | H43: 14 | I43: 8 | J43: 12 | K43: 13 | L43: 24 | M43: 17 | N43: 13 | O43: 15 | P43: 4 | Q43: 13 | R43: 9 | S43: 18 | T43: 19 | U43: 21 | V43: 14 | W43: 9 | X43: 5 | Y43: 14 | Z43: 18 | AA43: 19 | AB43: 16 | AC43: 16 | AD43: 9 | AG43: =SUM(B43:AF43) -> 440
A44: 23:00 | B44: 11 | C44: 12 | D44: 13 | E44: 8 | F44: 15 | G44: 10 | H44: 18 | I44: 14 | J44: 13 | K44: 12 | L44: 22 | M44: 13 | N44: 19 | O44: 8 | P44: 6 | Q44: 12 | R44: 10 | S44: 9 | T44: 21 | U44: 18 | V44: 12 | W44: 6 | X44: 16 | Y44: 10 | Z44: 7 | AA44: 15 | AB44: 18 | AC44: 6 | AD44: 10 | AG44: =SUM(B44:AF44) -> 364
A45: 00:00 | B45: 11 | C45: 14 | D45: 5 | E45: 9 | F45: 11 | G45: 4 | H45: 9 | I45: 7 | J45: 8 | K45: 4 | L45: 6 | M45: 7 | N45: 11 | O45: 3 | P45: 8 | Q45: 12 | R45: 8 | S45: 8 | T45: 12 | U45: 10 | V45: 8 | W45: 7 | X45: 7 | Y45: 4 | Z45: 2 | AA45: 11 | AB45: 8 | AC45: 5 | AD45: 12 | AG45: =SUM(B45:AF45) -> 231
A46: 01:00 | B46: 4 | C46: 7 | D46: 6 | E46: 9 | F46: 6 | G46: 8 | H46: 12 | I46: 10 | J46: 2 | K46: 4 | L46: 8 | M46: 5 | N46: 5 | O46: 4 | P46: 6 | Q46: 2 | R46: 5 | S46: 11 | T46: 13 | U46: 12 | V46: 3 | W46: 7 | X46: 2 | Y46: 2 | Z46: 5 | AA46: 4 | AB46: 10 | AC46: 6 | AD46: 3 | AG46: =SUM(B46:AF46) -> 181
A47: 02:00 | B47: 5 | C47: 2 | D47: 4 | E47: 1 | F47: 3 | G47: 7 | H47: 14 | I47: 5 | J47: 3 | K47: 2 | L47: 3 | N47: 2 | O47: 3 | P47: 7 | Q47: 1 | R47: 7 | S47: 12 | T47: 4 | U47: 7 | V47: 4 | W47: 5 | X47: 2 | Y47: 7 | Z47: 6 | AA47: 5 | AB47: 6 | AC47: 4 | AD47: 5 | AG47: =SUM(B47:AF47) -> 136
A48: 03:00 | B48: 5 | C48: 2 | D48: 9 | E48: 1 | F48: 1 | H48: 1 | I48: 3 | J48: 1 | K48: 8 | L48: 1 | M48: 2 | O48: 5 | P48: 4 | Q48: 5 | R48: 7 | S48: 9 | U48: 1 | V48: 6 | W48: 5 | X48: 1 | Y48: 5 | Z48: 7 | AA48: 2 | AB48: 2 | AC48: 4 | AD48: 4 | AG48: =SUM(B48:AF48) -> 101
A49: 04:00 | B49: 1 | C49: 1 | D49: 1 | H49: 3 | I49: 1 | J49: 3 | K49: 6 | L49: 2 | N49: 2 | O49: 3 | P49: 3 | Q49: 1 | R49: 3 | U49: 1 | V49: 2 | W49: 3 | Y49: 6 | Z49: 1 | AB49: 1 | AC49: 1 | AG49: =SUM(B49:AF49) -> 45
A50: 05:00 | D50: 1 | F50: 1 | G50: 2 | I50: 1 | J50: 2 | K50: 5 | L50: 1 | M50: 2 | O50: 2 | P50: 5 | Q50: 2 | R50: 3 | S50: 2 | U50: 2 | V50: 1 | W50: 4 | Y50: 1 | Z50: 1 | AA50: 2 | AB50: 1 | AC50: 1 | AG50: =SUM(B50:AF50) -> 42
A51: 06:00 | C51: 1 | D51: 1 | F51: 3 | G51: 2 | H51: 4 | K51: 2 | L51: 1 | N51: 2 | O51: 1 | P51: 1 | Q51: 2 | R51: 3 | S51: 2 | V51: 4 | W51: 2 | Z51: 2 | AA51: 1 | AB51: 2 | AD51: 3 | AG51: =SUM(B51:AF51) -> 39
A52: 07:00 | D52: 2 | G52: 1 | I52: 1 | P52: 3 | V52: 4 | W52: 2 | AD52: 1 | AG52: =SUM(B52:AF52) -> 14
A53: Total de NSP | B53: =SUM(B54:B77) -> 12 | C53: =SUM(C54:C77) -> 0 | D53: =SUM(D54:D77) -> 6 | E53: =SUM(E54:E77) -> 9 | F53: =SUM(F54:F77) -> 6 | G53: =SUM(G54:G77) -> 26 | H53: =SUM(H54:H77) -> 20 | I53: =SUM(I54:I77) -> 25 | ... AF53: =SUM(AF54:AF77) -> 0 | AG53: =SUM(B53:AF53) -> 454
A54: 08:00 | V54: 2 | AG54: =SUM(B54:AF54) -> 2
A55: 09:00 | J55: 1 | X55: 1 | AG55: =SUM(B55:AF55) -> 2
A56: 10:00 | B56: 2 | AG56: =SUM(B56:AF56) -> 2
A57: 11:00 | I57: 1 | AG57: =SUM(B57:AF57) -> 1
A58: 12:00 | AG58: =SUM(B58:AF58) -> 0
A59: 13:00 | J59: 1 | P59: 1 | AD59: 1 | AG59: =SUM(B59:AF59) -> 3
A60: 14:00 | B60: 5 | P60: 1 | AG60: =SUM(B60:AF60) -> 6
A61: 15:00 | B61: 4 | I61: 2 | P61: 1 | AD61: 1 | AG61: =SUM(B61:AF61) -> 8
A62: 16:00 | I62: 3 | P62: 1 | AD62: 1 | AG62: =SUM(B62:AF62) -> 5
A63: 17:00 | I63: 1 | P63: 3 | Q63: 1 | Y63: 3 | AB63: 1 | AG63: =SUM(B63:AF63) -> 9
A64: 18:00 | F64: 1 | H64: 2 | J64: 1 | K64: 1 | L64: 2 | M64: 1 | N64: 5 | O64: 2 | S64: 1 | T64: 4 | U64: 1 | V64: 2 | Y64: 5 | AA64: 3 | AB64: 1 | AC64: 4 | AG64: =SUM(B64:AF64) -> 36
A65: 19:00 | G65: 4 | I65: 1 | J65: 1 | K65: 5 | L65: 1 | M65: 1 | N65: 3 | O65: 2 | P65: 1 | R65: 3 | T65: 5 | U65: 1 | V65: 1 | Y65: 4 | Z65: 4 | AA65: 1 | AB65: 5 | AC65: 5 | AG65: =SUM(B65:AF65) -> 48
A66: 20:00 | D66: 4 | E66: 4 | F66: 1 | G66: 1 | H66: 3 | I66: 4 | K66: 1 | L66: 1 | M66: 1 | N66: 1 | P66: 1 | R66: 2 | S66: 2 | T66: 2 | V66: 5 | X66: 1 | Y66: 1 | Z66: 7 | AA66: 1 | AB66: 3 | AG66: =SUM(B66:AF66) -> 46
A67: 21:00 | E67: 2 | F67: 1 | G67: 3 | H67: 5 | L67: 2 | O67: 2 | P67: 1 | R67: 2 | T67: 4 | U67: 1 | V67: 5 | AA67: 1 | AB67: 7 | AG67: =SUM(B67:AF67) -> 36
A68: 22:00 | D68: 1 | E68: 3 | F68: 3 | G68: 1 | H68: 3 | K68: 1 | L68: 4 | N68: 1 | S68: 1 | T68: 1 | U68: 5 | V68: 3 | AB68: 4 | AG68: =SUM(B68:AF68) -> 31
A69: 23:00 | I69: 12 | K69: 1 | L69: 2 | N69: 3 | P69: 4 | R69: 1 | S69: 4 | AB69: 1 | AC69: 2 | AG69: =SUM(B69:AF69) -> 30
A70: 00:00 | B70: 1 | G70: 9 | H70: 1 | J70: 1 | K70: 2 | P70: 6 | Q70: 1 | R70: 4 | S70: 3 | Y70: 1 | AB70: 2 | AC70: 1 | AG70: =SUM(B70:AF70) -> 32
A71: 01:00 | G71: 5 | H71: 3 | I71: 1 | N71: 1 | O71: 1 | P71: 15 | S71: 2 | T71: 1 | U71: 1 | W71: 4 | Z71: 7 | AB71: 3 | AG71: =SUM(B71:AF71) -> 44
A72: 02:00 | G72: 3 | H72: 3 | O72: 2 | P72: 8 | S72: 6 | W72: 2 | Y72: 5 | Z72: 6 | AD72: 1 | AG72: =SUM(B72:AF72) -> 36
A73: 03:00 | D73: 1 | K73: 5 | L73: 1 | O73: 1 | P73: 2 | R73: 14 | S73: 2 | U73: 1 | Y73: 3 | AA73: 1 | AD73: 3 | AG73: =SUM(B73:AF73) -> 34
A74: 04:00 | K74: 16 | P74: 4 | V74: 12 | W74: 3 | Y74: 1 | AG74: =SUM(B74:AF74) -> 36
A75: 05:00 | W75: 6 | AG75: =SUM(B75:AF75) -> 6
A76: 06:00 | W76: 1 | AG76: =SUM(B76:AF76) -> 1
A77: 07:00 | AG77: =SUM(B77:AF77) -> 0
A78: TOTAL PACIENTES INSCRITOS | B78: =SUM(B79:B80) -> 227 | C78: =SUM(C79:C80) -> 199 | D78: =SUM(D79:D80) -> 175 | E78: =SUM(E79:E80) -> 145 | F78: =SUM(F79:F80) -> 149 | G78: =SUM(G79:G80) -> 142 | H78: =SUM(H79:H80) -> 177 | I78: =SUM(I79:I80) -> 197 | ... AF78: =SUM(AF79:AF80) -> 0 | AG78: =SUM(B78:AF78) -> 5213
A79: SAR | B79: =SUM(B4:B27)-B80 -> 227 | C79: =SUM(C4:C27)-C80 -> 199 | D79: =SUM(D4:D27)-D80 -> 175 | E79: =SUM(E4:E27)-E80 -> 145 | F79: =SUM(F4:F27)-F80 -> 149 | G79: =SUM(G4:G27)-G80 -> 142 | H79: =SUM(H4:H27)-H80 -> 177 | I79: =SUM(I4:I27)-I80 -> 197 | ... AF79: =SUM(AF4:AF27)-AF80 -> 0 | AG79: =SUM(B79:AF79) -> 5210
A80: PAR | D80: 0 | E80: 0 | F80: =SUM(F4:F12) -> 0 | G80: =SUM(G4:G12) -> 0 | H80: =SUM(H4:H12) -> 0 | K80: 0 | L80: 0 | M80: =SUM(M4:M12) -> 0 | N80: =SUM(N4:N12) -> 0 | O80: =SUM(O4:O12) -> 0 | R80: =SUM(R4:R12) -> 0 | S80: =SUM(S4:S12) -> 0 | T80: =SUM(T4:T12) -> 0 | U80: =SUM(U4:U12) -> 2 | V80: =SUM(V4:V12) -> 0 | Y80: =SUM(Y4:Y12) -> 1 | AA80: =SUM(AA4:AA12) -> 0 | AB80: =SUM(AB4:AB12) -> 0 | AC80: =SUM(AC4:AC12) -> 0 | AF80: =SUM(AF4:AF12) -> 0 | AG80: =SUM(B80:AF80) -> 3
A81: TOTAL NSP | B81: =SUM(B82:B83) -> 12 | C81: =SUM(C82:C83) -> 0 | D81: =SUM(D82:D83) -> 6 | E81: =SUM(E82:E83) -> 9 | F81: =SUM(F82:F83) -> 6 | G81: =SUM(G82:G83) -> 26 | H81: =SUM(H82:H83) -> 20 | I81: =SUM(I82:I83) -> 25 | ... AF81: =SUM(AF82:AF83) -> 0 | AG81: =SUM(B81:AF81) -> 454 | AH81: =IF(AG81<>AG53,"*","")
A82: PAR | D82: =SUM(D54:D62) -> 0 | E82: =SUM(E54:E62) -> 0 | F82: =SUM(F54:F62) -> 0 | G82: =SUM(G54:G62) -> 0 | H82: =SUM(H54:H62) -> 0 | K82: =SUM(K54:K62) -> 0 | L82: =SUM(L54:L62) -> 0 | M82: =SUM(M54:M62) -> 0 | N82: =SUM(N54:N62) -> 0 | O82: =SUM(O54:O62) -> 0 | R82: =SUM(R54:R62) -> 0 | S82: =SUM(S54:S62) -> 0 | T82: =SUM(T54:T62) -> 0 | U82: =SUM(U54:U62) -> 0 | V82: =SUM(V54:V62) -> 2 | Y82: =SUM(Y54:Y62) -> 0 | Z82: =SUM(Z54:Z62) -> 0 | AA82: =SUM(AA54:AA62) -> 0 | AB82: =SUM(AB54:AB62) -> 0 | AC82: =SUM(AC54:AC62) -> 0 | AE82: =SUM(AE54:AE62) -> 0 | AF82: =SUM(AF54:AF62) -> 0 | AG82: =SUM(B82:AF82) -> 2
A83: SAR | B83: =SUM(B54:B77)-B82 -> 12 | C83: =SUM(C54:C77)-C82 -> 0 | D83: =SUM(D54:D77)-D82 -> 6 | E83: =SUM(E54:E77)-E82 -> 9 | F83: =SUM(F54:F77)-F82 -> 6 | G83: =SUM(G54:G77)-G82 -> 26 | H83: =SUM(H54:H77)-H82 -> 20 | I83: =SUM(I54:I77)-I82 -> 25 | ... AF83: =SUM(AF54:AF77)-AF82 -> 0 | AG83: =SUM(B83:AF83) -> 452
A84: NSP PEDIATR. / ADULTOS | B84: =SUM(B85:B86) -> 12 | C84: =SUM(C85:C86) -> 0 | D84: =SUM(D85:D86) -> 6 | E84: =SUM(E85:E86) -> 9 | F84: =SUM(F85:F86) -> 6 | G84: =SUM(G85:G86) -> 26 | H84: =SUM(H85:H86) -> 20 | I84: =SUM(I85:I86) -> 25 | ... AF84: =SUM(AF85:AF86) -> 0 | AG84: =SUM(B84:AF84) -> 454 | AH84: =IF(AG84<>AG82+AG83,"*","") | AI84: NSP
A85: NSP PEDIATRICOS (<15 AÑOS) | B85: 1 | C85: 0 | D85: 2 | E85: 3 | F85: 2 | G85: 2 | H85: 4 | I85: 3 | J85: 1 | K85: 4 | L85: 2 | M85: 0 | N85: 2 | O85: 2 | P85: 10 | Q85: 1 | R85: 1 | S85: 3 | T85: 4 | U85: 1 | V85: 7 | W85: 1 | X85: 0 | Y85: 2 | Z85: 2 | AA85: 1 | AB85: 9 | AC85: 2 | AD85: 1 | AG85: =SUM(B85:AF85) -> 73
A86: NSP ADULTOS | B86: 11 | C86: 0 | D86: 4 | E86: 6 | F86: 4 | G86: 24 | H86: 16 | I86: 22 | J86: 4 | K86: 28 | L86: 11 | M86: 3 | N86: 12 | O86: 8 | P86: 39 | Q86: 1 | R86: 25 | S86: 18 | T86: 13 | U86: 9 | V86: 23 | W86: 15 | X86: 2 | Y86: 21 | Z86: 22 | AA86: 6 | AB86: 18 | AC86: 10 | AD86: 6 | AG86: =SUM(B86:AF86) -> 381
A87: NSP CATEGORIZACION | B87: =SUM(B88:B92) -> 12 | C87: =SUM(C88:C92) -> 0 | D87: =SUM(D88:D92) -> 6 | E87: =SUM(E88:E92) -> 9 | F87: =SUM(F88:F92) -> 6 | G87: =SUM(G88:G92) -> 26 | H87: =SUM(H88:H92) -> 20 | I87: =SUM(I88:I92) -> 25 | ... AF87: =SUM(AF88:AF92) -> 0 | AG87: =SUM(B87:AF87) -> 454 | AH87: =IF(AG87<>AG84,"*","")
A88: SIN CATEGORIZACIÓN nsp | B88: 3 | F88: 3 | G88: 7 | H88: 4 | I88: 4 | J88: 1 | K88: 7 | L88: 5 | M88: 1 | N88: 9 | O88: 5 | P88: 7 | Q88: 2 | R88: 2 | S88: 5 | T88: 13 | U88: 4 | V88: 7 | X88: 2 | Y88: 7 | Z88: 10 | AA88: 6 | AB88: 14 | AC88: 7 | AD88: 2 | AG88: =SUM(B88:AF88) -> 137
A89: C2 | AG89: =SUM(B89:AF89) -> 0
A90: C3 | I90: 1 | J90: 1 | P90: 1 | Y90: 1 | AB90: 1 | AG90: =SUM(B90:AF90) -> 5
A91: C4 | D91: 2 | E91: 4 | F91: 3 | G91: 10 | H91: 5 | I91: 6 | J91: 1 | K91: 19 | L91: 6 | M91: 2 | N91: 4 | O91: 4 | P91: 34 | R91: 14 | S91: 13 | T91: 2 | U91: 2 | V91: 20 | W91: 13 | Y91: 6 | Z91: 7 | AB91: 2 | AC91: 1 | AD91: 3 | AG91: =SUM(B91:AF91) -> 183
A92: C5 | B92: 9 | D92: 4 | E92: 5 | G92: 9 | H92: 11 | I92: 14 | J92: 2 | K92: 6 | L92: 2 | N92: 1 | O92: 1 | P92: 7 | R92: 10 | S92: 3 | T92: 2 | U92: 4 | V92: 3 | W92: 3 | Y92: 9 | Z92: 7 | AA92: 1 | AB92: 10 | AC92: 4 | AD92: 2 | AG92: =SUM(B92:AF92) -> 129
A93: TOTAL PACIENTES ATENDIDOS | B93: =+B94+B100 -> 215 | C93: =+C94+C100 -> 199 | D93: =+D94+D100 -> 169 | E93: =+E94+E100 -> 136 | F93: =+F94+F100 -> 143 | G93: =+G94+G100 -> 116 | H93: =+H94+H100 -> 157 | I93: =+I94+I100 -> 172 | ... AF93: =+AF94+AF100 -> 0 | AG93: =SUM(B93:AF93) -> 4759 | AH93: =IF(AG93<>AG28,"*","")
A94: Menor 15 años | B94: =SUM(B95:B99) -> 27 | C94: =SUM(C95:C99) -> 27 | D94: =SUM(D95:D99) -> 23 | E94: =SUM(E95:E99) -> 17 | F94: =SUM(F95:F99) -> 26 | G94: =SUM(G95:G99) -> 6 | H94: =SUM(H95:H99) -> 23 | I94: =SUM(I95:I99) -> 19 | ... AF94: =SUM(AF95:AF99) -> 0 | AG94: =SUM(B94:AF94) -> 579
A95: Menor 1 Año | B95: 2 | C95: 1 | D95: 2 | G95: 1 | H95: 1 | I95: 1 | J95: 1 | K95: 2 | M95: 1 | N95: 2 | P95: 1 | Q95: 4 | T95: 2 | V95: 2 | W95: 2 | X95: 2 | Y95: 1 | Z95: 1 | AA95: 2 | AB95: 1 | AD95: 2 | AG95: =SUM(B95:AF95) -> 34
A96: 1 Año | B96: 2 | C96: 2 | D96: 3 | F96: 4 | G96: 1 | H96: 2 | J96: 3 | L96: 1 | M96: 3 | N96: 2 | O96: 2 | P96: 1 | Q96: 6 | R96: 1 | T96: 2 | U96: 2 | V96: 1 | W96: 3 | X96: 2 | AA96: 1 | AB96: 1 | AC96: 1 | AD96: 1 | AG96: =SUM(B96:AF96) -> 47
A97: 2 - 4 | B97: 6 | C97: 7 | D97: 3 | E97: 1 | F97: 2 | H97: 7 | I97: 3 | J97: 4 | K97: 6 | L97: 3 | M97: 8 | N97: 2 | O97: 1 | P97: 2 | Q97: 10 | R97: 4 | S97: 5 | T97: 2 | U97: 5 | V97: 2 | W97: 8 | X97: 6 | Y97: 1 | Z97: 2 | AA97: 1 | AB97: 2 | AC97: 2 | AD97: 4 | AG97: =SUM(B97:AF97) -> 109
A98: 5 - 9 | B98: 9 | C98: 11 | D98: 3 | E98: 5 | F98: 5 | G98: 4 | H98: 7 | I98: 11 | J98: 11 | K98: 5 | L98: 5 | M98: 5 | N98: 4 | O98: 1 | P98: 3 | Q98: 12 | R98: 2 | S98: 1 | T98: 6 | U98: 6 | V98: 4 | W98: 12 | X98: 4 | Y98: 9 | Z98: 3 | AA98: 7 | AB98: 2 | AC98: 9 | AD98: 9 | AG98: =SUM(B98:AF98) -> 175
A99: 10 - 14 | B99: 8 | C99: 6 | D99: 12 | E99: 11 | F99: 15 | H99: 6 | I99: 4 | J99: 11 | K99: 2 | L99: 10 | M99: 7 | N99: 6 | O99: 4 | P99: 7 | Q99: 12 | R99: 7 | S99: 7 | T99: 5 | U99: 12 | V99: 6 | W99: 10 | X99: 6 | Y99: 11 | Z99: 2 | AA99: 8 | AB99: 8 | AC99: 4 | AD99: 7 | AG99: =SUM(B99:AF99) -> 214
A100: Mayor de 15 años | B100: =SUM(B101:B115) -> 188 | C100: =SUM(C101:C115) -> 172 | D100: =SUM(D101:D115) -> 146 | E100: =SUM(E101:E115) -> 119 | F100: =SUM(F101:F115) -> 117 | G100: =SUM(G101:G115) -> 110 | H100: =SUM(H101:H115) -> 134 | I100: =SUM(I101:I115) -> 153 | ... AF100: =SUM(AF101:AF115) -> 0 | AG100: =SUM(B100:AF100) -> 4180
A101: 15 - 19 | B101: 13 | C101: 8 | D101: 13 | E101: 8 | F101: 6 | G101: 8 | H101: 10 | I101: 9 | J101: 12 | K101: 8 | L101: 10 | M101: 9 | N101: 12 | O101: 7 | P101: 13 | Q101: 23 | R101: 11 | S101: 8 | T101: 11 | U101: 13 | V101: 7 | W101: 12 | X101: 16 | Y101: 7 | Z101: 5 | AA101: 8 | AB101: 13 | AC101: 5 | AD101: 11 | AG101: =SUM(B101:AF101) -> 296
...

Sheet MARZO
A2: MARZO | B2: 1 | C2: =+B2+1 -> 2 | D2: =+C2+1 -> 3 | E2: =+D2+1 -> 4 | F2: =+E2+1 -> 5 | G2: =+F2+1 -> 6 | H2: =+G2+1 -> 7 | I2: =+H2+1 -> 8 | J2: =+I2+1 -> 9 | ... AA2: =+Z2+1 -> 26 | AB2: 27 | AC2: =+AB2+1 -> 28 | AD2: 29 | AE2: 30 | AF2: 31 | AG2: TOTAL
A3: Total de Inscritos | B3: =SUM(B4:B27) -> 188 | C3: =SUM(C4:C27) -> 165 | D3: =SUM(D4:D27) -> 193 | E3: =SUM(E4:E27) -> 156 | F3: =SUM(F4:F27) -> 165 | G3: =SUM(G4:G27) -> 144 | H3: =SUM(H4:H27) -> 216 | I3: =SUM(I4:I27) -> 206 | ... AF3: =SUM(AF4:AF27) -> 63 | AG3: =SUM(B3:AF3) -> 4021
A4: 08:00 | B4: 3 | H4: 9 | I4: 4 | O4: 5 | P4: 6 | Q4: 1 | R4: 1 | V4: 5 | W4: 3 | Y4: 2 | Z4: 1 | AD4: 1 | AF4: 5 | AG4: =SUM(B4:AF4) -> 46
A5: 09:00 | B5: 8 | D5: 2 | H5: 9 | I5: 8 | N5: 1 | O5: 19 | P5: 17 | V5: 5 | W5: 3 | AB5: 1 | AC5: 2 | AD5: 2 | AF5: 3 | AG5: =SUM(B5:AF5) -> 80
A6: 10:00 | B6: 14 | H6: 12 | I6: 13 | O6: 9 | P6: 17 | U6: 1 | V6: 3 | W6: 5 | Z6: 1 | AC6: 5 | AD6: 9 | AE6: 1 | AF6: 1 | AG6: =SUM(B6:AF6) -> 91
A7: 11:00 | B7: 22 | H7: 17 | I7: 15 | O7: 13 | P7: 19 | V7: 2 | W7: 7 | Y7: 1 | Z7: 1 | AA7: 1 | AC7: 4 | AD7: 8 | AE7: 1 | AF7: 3 | AG7: =SUM(B7:AF7) -> 114
A8: 12:00 | B8: 16 | H8: 19 | I8: 9 | O8: 14 | P8: 16 | Q8: 2 | V8: 9 | W8: 13 | X8: 1 | AA8: 1 | AC8: 7 | AD8: 11 | AF8: 3 | AG8: =SUM(B8:AF8) -> 121
A9: 13:00 | B9: 7 | H9: 13 | I9: 13 | O9: 16 | P9: 12 | V9: 6 | W9: 8 | Z9: 1 | AC9: 4 | AD9: 11 | AF9: 2 | AG9: =SUM(B9:AF9) -> 93
A10: 14:00 | B10: 7 | H10: 10 | I10: 9 | N10: 1 | O10: 18 | P10: 9 | V10: 3 | W10: 4 | AA10: 3 | AC10: 8 | AD10: 8 | AF10: 2 | AG10: =SUM(B10:AF10) -> 82
A11: 15:00 | B11: 9 | H11: 10 | I11: 6 | O11: 24 | P11: 12 | V11: 5 | W11: 11 | X11: 1 | Z11: 2 | AC11: 9 | AD11: 8 | AF11: 6 | AG11: =SUM(B11:AF11) -> 103
A12: 16:00 | B12: 9 | H12: 11 | I12: 18 | M12: 1 | O12: 11 | P12: 16 | V12: 3 | W12: 1 | X12: 1 | AC12: 3 | AD12: 8 | AE12: 1 | AF12: 4 | AG12: =SUM(B12:AF12) -> 87
A13: 17:00 | B13: 10 | C13: 66 | D13: 69 | E13: 58 | F13: 55 | G13: 58 | H13: 28 | I13: 14 | J13: 60 | K13: 68 | L13: 74 | M13: 55 | N13: 70 | O13: 19 | P13: 19 | Q13: 52 | R13: 36 | S13: 20 | T13: 21 | U13: 24 | V13: 7 | W13: 6 | X13: 11 | Y13: 16 | Z13: 14 | AA13: 17 | AB13: 29 | AC13: 10 | AD13: 6 | AE13: 16 | AF13: 5 | AG13: =SUM(B13:AF13) -> 1013
A14: 18:00 | B14: 15 | C14: 18 | D14: 20 | E14: 17 | F14: 19 | G14: 22 | H14: 20 | I14: 11 | J14: 25 | K14: 23 | L14: 15 | M14: 18 | N14: 20 | O14: 18 | P14: 15 | Q14: 21 | R14: 20 | S14: 10 | T14: 10 | U14: 8 | V14: 4 | W14: 4 | X14: 12 | Y14: 4 | Z14: 5 | AA14: 7 | AB14: 5 | AC14: 5 | AD14: 5 | AE14: 7 | AF14: 8 | AG14: =SUM(B14:AF14) -> 411
A15: 19:00 | B15: 9 | C15: 17 | D15: 21 | E15: 15 | F15: 16 | G15: 16 | H15: 11 | I15: 12 | J15: 23 | K15: 22 | L15: 17 | M15: 38 | N15: 17 | O15: 6 | P15: 21 | Q15: 14 | R15: 20 | S15: 14 | T15: 6 | U15: 7 | V15: 3 | W15: 7 | X15: 3 | Y15: 7 | Z15: 6 | AA15: 9 | AB15: 5 | AC15: 7 | AD15: 10 | AE15: 6 | AF15: 3 | AG15: =SUM(B15:AF15) -> 388
A16: 20:00 | B16: 13 | C16: 18 | D16: 16 | E16: 23 | F16: 20 | G16: 7 | H16: 12 | I16: 18 | J16: 22 | K16: 20 | L16: 23 | M16: 16 | N16: 14 | O16: 15 | P16: 17 | Q16: 17 | R16: 14 | S16: 5 | T16: 5 | U16: 6 | V16: 4 | W16: 3 | X16: 3 | Y16: 3 | Z16: 6 | AA16: 10 | AB16: 3 | AC16: 5 | AD16: 6 | AE16: 5 | AF16: 7 | AG16: =SUM(B16:AF16) -> 356
A17: 21:00 | B17: 11 | C17: 9 | D17: 23 | E17: 21 | F17: 15 | G17: 11 | H17: 6 | I17: 10 | J17: 15 | K17: 19 | L17: 26 | M17: 13 | N17: 10 | O17: 5 | P17: 16 | Q17: 17 | R17: 12 | S17: 3 | T17: 5 | U17: 9 | V17: 3 | W17: 1 | X17: 3 | Y17: 1 | Z17: 5 | AA17: 2 | AB17: 3 | AC17: 5 | AD17: 4 | AE17: 3 | AF17: 4 | AG17: =SUM(B17:AF17) -> 290
A18: 22:00 | B18: 12 | C18: 9 | D18: 15 | E18: 8 | F18: 15 | G18: 11 | H18: 10 | I18: 15 | J18: 10 | K18: 14 | L18: 13 | M18: 8 | N18: 10 | O18: 16 | P18: 10 | Q18: 11 | R18: 14 | S18: 3 | T18: 8 | U18: 3 | V18: 3 | W18: 3 | X18: 2 | Y18: 2 | Z18: 3 | AA18: 1 | AB18: 4 | AC18: 5 | AD18: 2 | AE18: 5 | AF18: 3 | AG18: =SUM(B18:AF18) -> 248
A19: 23:00 | B19: 10 | C19: 14 | D19: 8 | E19: 7 | F19: 7 | G19: 6 | H19: 4 | I19: 8 | J19: 13 | K19: 7 | L19: 8 | M19: 12 | N19: 7 | O19: 16 | P19: 6 | Q19: 3 | R19: 2 | S19: 4 | T19: 7 | U19: 5 | V19: 1 | Y19: 1 | Z19: 1 | AA19: 3 | AB19: 1 | AC19: 1 | AD19: 1 | AE19: 3 | AF19: 2 | AG19: =SUM(B19:AF19) -> 168
A20: 00:00 | B20: 3 | C20: 2 | D20: 6 | E20: 1 | F20: 7 | G20: 2 | H20: 3 | I20: 8 | J20: 5 | K20: 5 | L20: 2 | M20: 2 | N20: 3 | O20: 5 | P20: 6 | Q20: 4 | R20: 6 | T20: 1 | U20: 3 | V20: 5 | W20: 1 | X20: 1 | Z20: 1 | AA20: 2 | AB20: 2 | AC20: 2 | AE20: 4 | AG20: =SUM(B20:AF20) -> 92
A21: 01:00 | B21: 3 | C21: 4 | D21: 4 | E21: 2 | F21: 2 | G21: 6 | H21: 5 | I21: 6 | J21: 3 | K21: 1 | L21: 7 | M21: 4 | N21: 2 | P21: 3 | Q21: 2 | R21: 2 | U21: 4 | V21: 2 | Y21: 1 | Z21: 3 | AB21: 2 | AC21: 2 | AD21: 3 | AG21: =SUM(B21:AF21) -> 73
A22: 02:00 | B22: 6 | C22: 4 | D22: 5 | E22: 4 | F22: 3 | G22: 1 | H22: 1 | I22: 3 | K22: 2 | L22: 5 | M22: 1 | N22: 2 | O22: 3 | P22: 3 | Q22: 2 | R22: 3 | S22: 1 | T22: 2 | U22: 3 | V22: 1 | W22: 1 | X22: 1 | Z22: 1 | AA22: 2 | AB22: 1 | AC22: 1 | AD22: 1 | AE22: 2 | AG22: =SUM(B22:AF22) -> 65
A23: 03:00 | C23: 1 | D23: 1 | F23: 1 | G23: 1 | I23: 2 | J23: 2 | K23: 3 | L23: 4 | M23: 1 | N23: 2 | Q23: 1 | R23: 1 | S23: 1 | T23: 1 | AA23: 1 | AC23: 1 | AE23: 1 | AF23: 2 | AG23: =SUM(B23:AF23) -> 27
A24: 04:00 | B24: 1 | D24: 1 | F24: 2 | G24: 2 | H24: 1 | I24: 1 | K24: 1 | O24: 1 | AA24: 1 | AB24: 2 | AG24: =SUM(B24:AF24) -> 13
A25: 05:00 | C25: 1 | D25: 1 | F25: 2 | H25: 1 | J25: 1 | K25: 3 | M25: 1 | N25: 3 | P25: 1 | Q25: 4 | T25: 1 | V25: 1 | AG25: =SUM(B25:AF25) -> 20
A26: 06:00 | C26: 2 | D26: 1 | G26: 1 | H26: 2 | I26: 3 | J26: 1 | K26: 1 | M26: 1 | O26: 2 | Q26: 2 | R26: 3 | S26: 1 | T26: 1 | AA26: 1 | AG26: =SUM(B26:AF26) -> 22
A27: 07:00 | F27: 1 | H27: 2 | K27: 1 | N27: 2 | O27: 1 | Q27: 1 | R27: 1 | T27: 1 | U27: 1 | W27: 3 | X27: 2 | AA27: 1 | AC27: 1 | AG27: =SUM(B27:AF27) -> 18
A28: Total de atendidos | B28: =SUM(B29:B52) -> 188 | C28: =SUM(C29:C52) -> 152 | D28: =SUM(D29:D52) -> 172 | E28: =SUM(E29:E52) -> 147 | F28: =SUM(F29:F52) -> 143 | G28: =SUM(G29:G52) -> 129 | H28: =SUM(H29:H52) -> 202 | I28: =SUM(I29:I52) -> 200 | ... AF28: =SUM(AF29:AF52) -> 61 | AG28: =SUM(B28:AF28) -> 3702
A29: 08:00 | B29: 3 | H29: 6 | I29: 4 | O29: 3 | P29: 2 | R29: 1 | V29: 2 | W29: 3 | AD29: 1 | AG29: =SUM(B29:AF29) -> 25
A30: 09:00 | B30: 4 | H30: 7 | I30: 4 | N30: 1 | O30: 6 | P30: 8 | Q30: 1 | V30: 2 | W30: 2 | AB30: 1 | AC30: 2 | AD30: 2 | AF30: 3 | AG30: =SUM(B30:AF30) -> 43
A31: 10:00 | B31: 12 | H31: 11 | I31: 10 | O31: 15 | P31: 12 | V31: 4 | W31: 4 | Z31: 1 | AC31: 5 | AD31: 4 | AF31: 4 | AG31: =SUM(B31:AF31) -> 82
A32: 11:00 | B32: 10 | H32: 10 | I32: 14 | O32: 13 | P32: 16 | V32: 3 | W32: 5 | Y32: 1 | Z32: 1 | AC32: 2 | AD32: 9 | AF32: 3 | AG32: =SUM(B32:AF32) -> 87
A33: 12:00 | B33: 18 | H33: 10 | I33: 12 | O33: 11 | P33: 13 | Q33: 2 | V33: 3 | W33: 11 | X33: 1 | AA33: 1 | AC33: 5 | AD33: 6 | AE33: 1 | AF33: 3 | AG33: =SUM(B33:AF33) -> 97
A34: 13:00 | B34: 19 | H34: 11 | I34: 9 | O34: 13 | P34: 13 | V34: 8 | W34: 8 | Z34: 1 | AC34: 5 | AD34: 11 | AF34: 3 | AG34: =SUM(B34:AF34) -> 101
A35: 14:00 | B35: 10 | H35: 10 | I35: 13 | O35: 13 | P35: 16 | V35: 6 | W35: 5 | AC35: 5 | AD35: 9 | AG35: =SUM(B35:AF35) -> 87
A36: 15:00 | B36: 4 | H36: 9 | I36: 9 | N36: 1 | O36: 12 | P36: 9 | V36: 2 | W36: 5 | X36: 1 | Z36: 2 | AA36: 3 | AC36: 7 | AD36: 6 | AF36: 9 | AG36: =SUM(B36:AF36) -> 79
A37: 16:00 | B37: 12 | H37: 15 | I37: 15 | O37: 16 | P37: 15 | V37: 6 | W37: 9 | AC37: 5 | AD37: 6 | AE37: 1 | AF37: 1 | AG37: =SUM(B37:AF37) -> 101
A38: 17:00 | B38: 11 | C38: 2 | D38: 6 | E38: 5 | F38: 8 | G38: 5 | H38: 15 | I38: 15 | J38: 8 | K38: 7 | L38: 2 | M38: 5 | N38: 6 | O38: 21 | P38: 19 | Q38: 4 | T38: 7 | U38: 7 | V38: 5 | W38: 3 | X38: 3 | Y38: =5+1 -> 6 | Z38: =4+1 -> 5 | AA38: 4 | AB38: 7 | AC38: 7 | AD38: 5 | AE38: 6 | AF38: 5 | AG38: =SUM(B38:AF38) -> 209
A39: 18:00 | B39: 12 | C39: 23 | D39: 19 | E39: 20 | F39: 20 | G39: 24 | H39: 15 | I39: 9 | J39: 21 | K39: 23 | L39: 23 | M39: 22 | N39: 27 | O39: 17 | P39: 9 | Q39: 18 | R39: 11 | S39: 5 | T39: 14 | U39: 9 | V39: 6 | W39: 7 | X39: 10 | Y39: 12 | Z39: 10 | AA39: 8 | AB39: 11 | AC39: 6 | AD39: 11 | AE39: 13 | AF39: 6 | AG39: =SUM(B39:AF39) -> 441
A40: 19:00 | B40: 10 | C40: 26 | D40: 24 | E40: 37 | F40: 22 | G40: 27 | H40: 8 | I40: 8 | J40: 18 | K40: 26 | L40: 22 | M40: 17 | N40: 24 | O40: 14 | P40: 18 | Q40: 20 | R40: 18 | S40: 10 | T40: 15 | U40: 5 | V40: 4 | W40: 4 | X40: 8 | Y40: 5 | Z40: 7 | AA40: 10 | AB40: 9 | AC40: 8 | AD40: 7 | AE40: 7 | AF40: 5 | AG40: =SUM(B40:AF40) -> 443
A41: 20:00 | B41: 12 | C41: 21 | D41: 32 | E41: 22 | F41: 27 | G41: 13 | H41: 14 | I41: 14 | J41: 24 | K41: 21 | L41: 24 | M41: 31 | N41: 18 | O41: 16 | P41: 20 | Q41: 18 | R41: 16 | S41: 13 | T41: 5 | U41: 8 | V41: 3 | W41: 3 | X41: 9 | Y41: 6 | Z41: 6 | AA41: 7 | AB41: 8 | AC41: 5 | AD41: 8 | AE41: 6 | AF41: 7 | AG41: =SUM(B41:AF41) -> 437
A42: 21:00 | B42: 12 | C42: 18 | D42: 21 | E42: 26 | F42: 16 | G42: 18 | H42: 15 | I42: 16 | J42: 21 | K42: 18 | L42: 20 | M42: 26 | N42: 18 | O42: 14 | P42: 20 | Q42: 19 | R42: 21 | S42: 11 | T42: 3 | U42: 15 | V42: 2 | W42: 5 | X42: 2 | Y42: 3 | Z42: 2 | AA42: 9 | AB42: 5 | AC42: 6 | AD42: 8 | AE42: 3 | AF42: 3 | AG42: =SUM(B42:AF42) -> 396
A43: 22:00 | B43: 7 | C43: 20 | D43: 17 | E43: 17 | F43: 9 | G43: 16 | H43: 12 | I43: 9 | J43: 24 | K43: 21 | L43: 24 | M43: 20 | N43: 16 | O43: 13 | P43: 8 | Q43: 16 | R43: 12 | S43: 6 | T43: 6 | U43: 3 | V43: 4 | W43: 2 | X43: 3 | Y43: 2 | Z43: 3 | AA43: 3 | AB43: 2 | AC43: 5 | AD43: 4 | AE43: 6 | AF43: 3 | AG43: =SUM(B43:AF43) -> 313
A44: 23:00 | B44: 7 | C44: 10 | D44: 22 | E44: 9 | F44: 8 | G44: 9 | H44: 7 | I44: 5 | J44: 17 | K44: 7 | L44: 11 | M44: 15 | N44: 7 | O44: 13 | P44: 12 | Q44: 6 | R44: 11 | S44: 4 | T44: 6 | U44: 6 | V44: 1 | W44: 1 | Y44: 1 | Z44: 4 | AA44: 1 | AB44: 2 | AC44: 4 | AD44: 1 | AE44: 1 | AF44: 4 | AG44: =SUM(B44:AF44) -> 212
A45: 00:00 | B45: 12 | C45: 11 | D45: 10 | E45: 5 | F45: 6 | G45: 3 | H45: 7 | I45: 9 | J45: 12 | K45: 5 | L45: 6 | M45: 14 | N45: 11 | O45: 12 | P45: 10 | Q45: 7 | R45: 9 | S45: 1 | T45: 4 | U45: 7 | V45: 3 | W45: 1 | Z45: 3 | AA45: 4 | AB45: 3 | AC45: 1 | AE45: 5 | AG45: =SUM(B45:AF45) -> 181
A46: 01:00 | B46: 5 | C46: 7 | D46: 9 | E46: 1 | F46: 7 | G46: 5 | H46: 6 | I46: 9 | J46: 9 | K46: 4 | L46: 4 | M46: 6 | N46: 7 | O46: 3 | P46: 5 | Q46: 6 | R46: 9 | U46: 5 | V46: 3 | X46: 1 | Y46: 1 | Z46: 2 | AB46: 3 | AC46: 2 | AD46: 1 | AE46: 2 | AG46: =SUM(B46:AF46) -> 122
A47: 02:00 | B47: 3 | C47: 7 | D47: 7 | E47: 4 | F47: 7 | G47: 4 | H47: 2 | I47: 8 | K47: 5 | L47: 9 | M47: 2 | N47: 3 | O47: 2 | P47: 3 | Q47: 3 | R47: 4 | S47: 1 | T47: 1 | U47: 3 | V47: 1 | W47: 1 | X47: 1 | AA47: 2 | AC47: 2 | AD47: 3 | AE47: 2 | AG47: =SUM(B47:AF47) -> 90
A48: 03:00 | B48: 4 | C48: 3 | D48: 3 | E48: 1 | F48: 4 | G48: 1 | H48: 6 | I48: 4 | K48: 7 | L48: 10 | M48: 1 | N48: 3 | O48: 1 | P48: 1 | R48: 2 | S48: 1 | T48: 1 | V48: 1 | AA48: 1 | AB48: 1 | AC48: 1 | AE48: 1 | AF48: 2 | AG48: =SUM(B48:AF48) -> 60
A49: 04:00 | C49: 1 | F49: 3 | G49: 2 | H49: 2 | I49: 2 | J49: 1 | K49: 7 | L49: 6 | N49: 2 | O49: 1 | Q49: 1 | AA49: 1 | AB49: 2 | AG49: =SUM(B49:AF49) -> 31
A50: 05:00 | B50: 1 | C50: 1 | D50: 1 | F50: 4 | G50: 1 | H50: 2 | J50: 1 | K50: 2 | L50: 1 | M50: 1 | N50: 3 | P50: 1 | Q50: 2 | T50: 1 | Z50: 1 | AG50: =SUM(B50:AF50) -> 23
A51: 06:00 | C51: 1 | D51: 1 | F51: 1 | G51: 1 | K51: 1 | M51: 1 | Q51: 4 | S51: 1 | T51: 1 | V51: 1 | AA51: 1 | AG51: =SUM(B51:AF51) -> 14
A52: 07:00 | C52: 1 | F52: 1 | H52: 2 | I52: 2 | J52: 1 | K52: 2 | N52: 2 | O52: 3 | Q52: 1 | R52: 4 | T52: 1 | U52: 1 | W52: 3 | X52: 2 | AA52: 1 | AC52: 1 | AG52: =SUM(B52:AF52) -> 28
A53: Total de NSP | B53: =SUM(B54:B77) -> 0 | C53: =SUM(C54:C77) -> 13 | D53: =SUM(D54:D77) -> 21 | E53: =SUM(E54:E77) -> 9 | F53: =SUM(F54:F77) -> 22 | G53: =SUM(G54:G77) -> 15 | H53: =SUM(H54:H77) -> 14 | I53: =SUM(I54:I77) -> 6 | ... AF53: =SUM(AF54:AF77) -> 2 | AG53: =SUM(B53:AF53) -> 319
A54: 08:00 | Y54: 1 | AG54: =SUM(B54:AF54) -> 1
A55: 09:00 | O55: 1 | V55: 3 | AG55: =SUM(B55:AF55) -> 4
A56: 10:00 | AG56: =SUM(B56:AF56) -> 0
A57: 11:00 | AC57: 1 | AE57: 1 | AG57: =SUM(B57:AF57) -> 2
A58: 12:00 | P58: 1 | AG58: =SUM(B58:AF58) -> 1
A59: 13:00 | H59: 2 | AG59: =SUM(B59:AF59) -> 2
A60: 14:00 | P60: 1 | W60: 2 | AA60: 1 | AG60: =SUM(B60:AF60) -> 4
A61: 15:00 | H61: 2 | P61: 2 | AC61: 1 | AG61: =SUM(B61:AF61) -> 5
A62: 16:00 | V62: 1 | AF62: 1 | AG62: =SUM(B62:AF62) -> 2
A63: 17:00 | E63: 1 | F63: 1 | G63: 2 | H63: 1 | P63: 1 | Q63: 1 | Z63: 1 | AA63: 2 | AG63: =SUM(B63:AF63) -> 10
A64: 18:00 | C64: 2 | E64: 3 | F64: 3 | G64: 1 | K64: 1 | L64: 2 | N64: 3 | O64: 1 | Q64: 3 | Z64: 1 | AA64: 2 | AB64: 1 | AF64: 1 | AG64: =SUM(B64:AF64) -> 24
A65: 19:00 | C65: 4 | D65: 6 | F65: 4 | G65: 1 | H65: 2 | J65: 3 | K65: 2 | L65: 6 | M65: 3 | N65: 4 | O65: 1 | P65: 1 | Q65: 13 | R65: 4 | AD65: 1 | AG65: =SUM(B65:AF65) -> 55
A66: 20:00 | C66: 3 | D66: 10 | F66: 5 | G66: 2 | J66: 1 | K66: 3 | L66: 2 | P66: 1 | Q66: 4 | R66: 2 | S66: 5 | AB66: 2 | AG66: =SUM(B66:AF66) -> 40
A67: 21:00 | C67: 1 | E67: 2 | F67: 1 | G67: 2 | H67: 1 | J67: 6 | K67: 10 | L67: 6 | M67: 4 | N67: 3 | P67: 1 | Q67: 2 | R67: 4 | S67: 1 | U67: 1 | AA67: 1 | AB67: 1 | AC67: 1 | AG67: =SUM(B67:AF67) -> 48
A68: 22:00 | C68: 2 | D68: 1 | E68: 3 | H68: 2 | J68: 3 | K68: 4 | L68: 1 | M68: 3 | N68: 2 | O68: 1 | R68: 2 | S68: 3 | U68: 1 | AG68: =SUM(B68:AF68) -> 28
A69: 23:00 | C69: 1 | D69: 1 | G69: 1 | J69: 5 | K69: 2 | L69: 3 | P69: 2 | Q69: 1 | R69: 2 | T69: 2 | AD69: 1 | AG69: =SUM(B69:AF69) -> 21
A70: 00:00 | G70: 1 | H70: 1 | I70: 3 | J70: 4 | L70: 2 | P70: 1 | Q70: 1 | T70: 1 | U70: 1 | V70: 1 | AG70: =SUM(B70:AF70) -> 16
A71: 01:00 | D71: 2 | F71: 1 | G71: 4 | H71: 1 | I71: 2 | K71: 1 | L71: 2 | N71: 2 | Q71: 1 | R71: 2 | U71: 1 | AG71: =SUM(B71:AF71) -> 19
A72: 02:00 | F72: 7 | G72: 1 | N72: 1 | R72: 1 | T72: 1 | Z72: 1 | AG72: =SUM(B72:AF72) -> 12
A73: 03:00 | H73: 2 | K73: 4 | L73: 1 | AG73: =SUM(B73:AF73) -> 7
A74: 04:00 | J74: 1 | K74: 7 | L74: 4 | AG74: =SUM(B74:AF74) -> 12
A75: 05:00 | L75: 3 | AG75: =SUM(B75:AF75) -> 3
A76: 06:00 | D76: 1 | I76: 1 | AG76: =SUM(B76:AF76) -> 2
A77: 07:00 | U77: 1 | AG77: =SUM(B77:AF77) -> 1
A78: TOTAL PACIENTES INSCRITOS | B78: =SUM(B79:B80) -> 188 | C78: =SUM(C79:C80) -> 165 | D78: =SUM(D79:D80) -> 193 | E78: =SUM(E79:E80) -> 156 | F78: =SUM(F79:F80) -> 165 | G78: =SUM(G79:G80) -> 144 | H78: =SUM(H79:H80) -> 216 | I78: =SUM(I79:I80) -> 206 | ... AF78: =SUM(AF79:AF80) -> 63 | AG78: =SUM(B78:AF78) -> 4021
A79: SAR | B79: =SUM(B4:B27)-B80 -> 188 | C79: =SUM(C4:C27)-C80 -> 165 | D79: =SUM(D4:D27)-D80 -> 193 | E79: =SUM(E4:E27)-E80 -> 156 | F79: =SUM(F4:F27)-F80 -> 165 | G79: =SUM(G4:G27)-G80 -> 144 | H79: =SUM(H4:H27)-H80 -> 106 | I79: =SUM(I4:I27)-I80 -> 206 | ... AF79: =SUM(AF4:AF27)-AF80 -> 34 | AG79: =SUM(B79:AF79) -> 3656
A80: PAR | D80: 0 | E80: 0 | F80: =SUM(F4:F12) -> 0 | G80: =SUM(G4:G12) -> 0 | H80: =SUM(H4:H12) -> 110 | K80: 0 | L80: 0 | M80: =SUM(M4:M12) -> 1 | N80: =SUM(N4:N12) -> 2 | O80: =SUM(O4:O12) -> 129 | R80: =SUM(R4:R12) -> 1 | S80: =SUM(S4:S12) -> 0 | T80: =SUM(T4:T12) -> 0 | U80: =SUM(U4:U12) -> 1 | V80: =SUM(V4:V12) -> 41 | Y80: =SUM(Y4:Y12) -> 3 | AA80: =SUM(AA4:AA12) -> 5 | AB80: =SUM(AB4:AB12) -> 1 | AC80: =SUM(AC4:AC12) -> 42 | AF80: =SUM(AF4:AF12) -> 29 | AG80: =SUM(B80:AF80) -> 365
A81: TOTAL NSP | B81: =SUM(B82:B83) -> 0 | C81: =SUM(C82:C83) -> 13 | D81: =SUM(D82:D83) -> 21 | E81: =SUM(E82:E83) -> 9 | F81: =SUM(F82:F83) -> 22 | G81: =SUM(G82:G83) -> 15 | H81: =SUM(H82:H83) -> 14 | I81: =SUM(I82:I83) -> 6 | ... AF81: =SUM(AF82:AF83) -> 2 | AG81: =SUM(B81:AF81) -> 319 | AH81: =IF(AG81<>AG53,"*","")
A82: PAR | C82: =SUM(C54:C62) -> 0 | D82: =SUM(D54:D62) -> 0 | E82: =SUM(E54:E62) -> 0 | F82: =SUM(F54:F62) -> 0 | G82: =SUM(G54:G62) -> 0 | J82: =SUM(J54:J62) -> 0 | K82: =SUM(K54:K62) -> 0 | L82: =SUM(L54:L62) -> 0 | M82: =SUM(M54:M62) -> 0 | N82: =SUM(N54:N62) -> 0 | Q82: =SUM(Q54:Q62) -> 0 | R82: =SUM(R54:R62) -> 0 | S82: =SUM(S54:S62) -> 0 | T82: =SUM(T54:T62) -> 0 | U82: =SUM(U54:U62) -> 0 | X82: =SUM(X54:X62) -> 0 | Y82: =SUM(Y54:Y62) -> 1 | Z82: =SUM(Z54:Z62) -> 0 | AA82: =SUM(AA54:AA62) -> 1 | AB82: =SUM(AB54:AB62) -> 0 | AE82: =SUM(AE54:AE62) -> 1 | AF82: =SUM(AF54:AF62) -> 1 | AG82: =SUM(B82:AF82) -> 4
A83: SAR | B83: =SUM(B54:B77)-B82 -> 0 | C83: =SUM(C54:C77)-C82 -> 13 | D83: =SUM(D54:D77)-D82 -> 21 | E83: =SUM(E54:E77)-E82 -> 9 | F83: =SUM(F54:F77)-F82 -> 22 | G83: =SUM(G54:G77)-G82 -> 15 | H83: =SUM(H54:H77)-H82 -> 14 | I83: =SUM(I54:I77)-I82 -> 6 | ... AF83: =SUM(AF54:AF77)-AF82 -> 1 | AG83: =SUM(B83:AF83) -> 315
A84: NSP PEDIATR. / ADULTOS | B84: =SUM(B85:B86) -> 0 | C84: =SUM(C85:C86) -> 13 | D84: =SUM(D85:D86) -> 21 | E84: =SUM(E85:E86) -> 9 | F84: =SUM(F85:F86) -> 22 | G84: =SUM(G85:G86) -> 15 | H84: =SUM(H85:H86) -> 14 | I84: =SUM(I85:I86) -> 6 | ... AF84: =SUM(AF85:AF86) -> 2 | AG84: =SUM(B84:AF84) -> 319 | AH84: =IF(AG84<>AG82+AG83,"*","") | AI84: NSP
A85: NSP PEDIATRICOS (<15 AÑOS) | B85: 0 | C85: 2 | D85: 5 | E85: 0 | F85: 4 | G85: 2 | H85: 3 | I85: 1 | J85: 2 | K85: 6 | L85: 2 | M85: 4 | N85: 2 | O85: 0 | P85: 2 | Q85: 1 | R85: 2 | S85: 0 | T85: 0 | U85: 0 | V85: 0 | W85: 0 | X85: 0 | Y85: 0 | Z85: 0 | AA85: 1 | AB85: 1 | AC85: 1 | AD85: 0 | AE85: 0 | AF85: 0 | AG85: =SUM(B85:AF85) -> 41
A86: NSP ADULTOS | B86: 0 | C86: 11 | D86: 16 | E86: 9 | F86: 18 | G86: 13 | H86: 11 | I86: 5 | J86: 21 | K86: 28 | L86: 30 | M86: 6 | N86: 13 | O86: 4 | P86: 9 | Q86: 25 | R86: 15 | S86: 9 | T86: 4 | U86: 5 | V86: 5 | W86: 2 | X86: 0 | Y86: 1 | Z86: 3 | AA86: 5 | AB86: 3 | AC86: 2 | AD86: 2 | AE86: 1 | AF86: 2 | AG86: =SUM(B86:AF86) -> 278
A87: NSP CATEGORIZACION | B87: =SUM(B88:B92) -> 0 | C87: =SUM(C88:C92) -> 13 | D87: =SUM(D88:D92) -> 21 | E87: =SUM(E88:E92) -> 9 | F87: =SUM(F88:F92) -> 22 | G87: =SUM(G88:G92) -> 15 | H87: =SUM(H88:H92) -> 14 | I87: =SUM(I88:I92) -> 6 | ... AF87: =SUM(AF88:AF92) -> 2 | AG87: =SUM(B87:AF87) -> 319 | AH87: =IF(AG87<>AG84,"*","")
A88: SIN CATEGORIZACIÓN nsp | C88: 6 | D88: 11 | E88: 2 | F88: 5 | G88: 6 | H88: 3 | I88: 3 | J88: 10 | K88: 11 | L88: 8 | M88: 5 | N88: 5 | O88: 2 | P88: 3 | Q88: 14 | R88: 7 | T88: 2 | U88: 2 | W88: 1 | Z88: 3 | AA88: 5 | AC88: 2 | AD88: 1 | AE88: 1 | AF88: 2 | AG88: =SUM(B88:AF88) -> 120
A89: C2 | AG89: =SUM(B89:AF89) -> 0
A90: C3 | I90: 1 | N90: 1 | AB90: 1 | AG90: =SUM(B90:AF90) -> 3
A91: C4 | C91: 3 | D91: 4 | E91: 2 | F91: 8 | G91: 2 | H91: 2 | I91: 1 | J91: 2 | K91: 19 | L91: 23 | M91: 3 | N91: 4 | P91: 2 | Q91: 1 | R91: 5 | S91: 3 | T91: 1 | V91: 1 | Y91: 1 | AB91: 1 | AG91: =SUM(B91:AF91) -> 88
A92: C5 | C92: 4 | D92: 6 | E92: 5 | F92: 9 | G92: 7 | H92: 9 | I92: 1 | J92: 11 | K92: 4 | L92: 1 | M92: 2 | N92: 5 | O92: 2 | P92: 6 | Q92: 11 | R92: 5 | S92: 6 | T92: 1 | U92: 3 | V92: 4 | W92: 1 | AA92: 1 | AB92: 2 | AC92: 1 | AD92: 1 | AG92: =SUM(B92:AF92) -> 108
A93: TOTAL PACIENTES ATENDIDOS | B93: =+B94+B100 -> 188 | C93: =+C94+C100 -> 152 | D93: =+D94+D100 -> 172 | E93: =+E94+E100 -> 147 | F93: =+F94+F100 -> 143 | G93: =+G94+G100 -> 129 | H93: =+H94+H100 -> 202 | I93: =+I94+I100 -> 200 | ... AF93: =+AF94+AF100 -> 61 | AG93: =SUM(B93:AF93) -> 3702 | AH93: =IF(AG93<>AG28,"*","")
A94: Menor 15 años | B94: =SUM(B95:B99) -> 26 | C94: =SUM(C95:C99) -> 12 | D94: =SUM(D95:D99) -> 14 | E94: =SUM(E95:E99) -> 14 | F94: =SUM(F95:F99) -> 15 | G94: =SUM(G95:G99) -> 12 | H94: =SUM(H95:H99) -> 28 | I94: =SUM(I95:I99) -> 35 | ... AF94: =SUM(AF95:AF99) -> 3 | AG94: =SUM(B94:AF94) -> 429
A95: Menor 1 Año | D95: 1 | E95: 2 | G95: 1 | H95: 1 | I95: 2 | J95: 2 | K95: 1 | L95: 1 | M95: 2 | O95: 4 | P95: 2 | Q95: 2 | R95: 2 | S95: 3 | U95: 1 | V95: 1 | AA95: 1 | AE95: 1 | AG95: =SUM(B95:AF95) -> 30
A96: 1 Año | B96: 5 | C96: 1 | D96: 2 | E96: 1 | F96: 3 | G96: 2 | H96: 4 | I96: 3 | J96: 1 | L96: 2 | M96: 1 | N96: 2 | O96: 2 | P96: 1 | Q96: 2 | R96: 2 | W96: 1 | Y96: 1 | AB96: 1 | AD96: 1 | AG96: =SUM(B96:AF96) -> 38
A97: 2 - 4 | B97: 7 | C97: 4 | D97: 3 | E97: 2 | F97: 2 | G97: 3 | H97: 6 | I97: 7 | J97: 6 | K97: 3 | L97: 5 | M97: 4 | N97: 4 | O97: 10 | P97: 13 | Q97: 5 | R97: 1 | W97: 1 | AE97: 1 | AF97: 1 | AG97: =SUM(B97:AF97) -> 88
A98: 5 - 9 | B98: 6 | C98: 2 | D98: 3 | E98: 7 | F98: 4 | G98: 4 | H98: 7 | I98: 15 | J98: 10 | K98: 8 | L98: 5 | M98: 5 | N98: 5 | O98: 18 | P98: 16 | Q98: 2 | R98: 3 | T98: 2 | U98: 1 | V98: 1 | W98: 4 | Z98: 1 | AC98: 1 | AD98: 1 | AE98: 1 | AF98: 1 | AG98: =SUM(B98:AF98) -> 133
A99: 10 - 14 | B99: 8 | C99: 5 | D99: 5 | E99: 2 | F99: 6 | G99: 2 | H99: 10 | I99: 8 | J99: 5 | K99: 9 | L99: 10 | M99: 9 | N99: 11 | O99: 11 | P99: 13 | Q99: 3 | R99: 5 | T99: 1 | U99: 1 | V99: 3 | W99: 1 | Z99: 3 | AB99: 4 | AC99: 2 | AD99: 1 | AE99: 1 | AF99: 1 | AG99: =SUM(B99:AF99) -> 140
A100: Mayor de 15 años | B100: =SUM(B101:B115) -> 162 | C100: =SUM(C101:C115) -> 140 | D100: =SUM(D101:D115) -> 158 | E100: =SUM(E101:E115) -> 133 | F100: =SUM(F101:F115) -> 128 | G100: =SUM(G101:G115) -> 117 | H100: =SUM(H101:H115) -> 174 | I100: =SUM(I101:I115) -> 165 | ... AF100: =SUM(AF101:AF115) -> 58 | AG100: =SUM(B100:AF100) -> 3273
A101: 15 - 19 | B101: 10 | C101: 13 | D101: 14 | E101: 11 | F101: 7 | G101: 7 | H101: 11 | I101: 16 | J101: 13 | K101: 13 | L101: 21 | M101: 28 | N101: 24 | O101: 21 | P101: 17 | Q101: 7 | R101: 13 | S101: 3 | T101: 4 | U101: 1 | V101: 5 | W101: 4 | X101: 3 | Y101: 1 | Z101: 2 | AA101: 2 | AB101: 6 | AC101: 5 | AD101: 6 | AE101: 1 | AF101: 1 | AG101: =SUM(B101:AF101) -> 290
...

Sheet ABRIL
A2: ABRIL | B2: 1 | C2: =+B2+1 -> 2 | D2: =+C2+1 -> 3 | E2: =+D2+1 -> 4 | F2: =+E2+1 -> 5 | G2: =+F2+1 -> 6 | H2: =+G2+1 -> 7 | I2: =+H2+1 -> 8 | J2: =+I2+1 -> 9 | ... AA2: =+Z2+1 -> 26 | AB2: 27 | AC2: =+AB2+1 -> 28 | AD2: 29 | AE2: 30 | AF2: 31 | AG2: TOTAL
A3: Total de Inscritos | B3: =SUM(B4:B27) -> 79 | C3: =SUM(C4:C27) -> 75 | D3: =SUM(D4:D27) -> 78 | E3: =SUM(E4:E27) -> 65 | F3: =SUM(F4:F27) -> 75 | G3: =SUM(G4:G27) -> 94 | H3: =SUM(H4:H27) -> 73 | I3: =SUM(I4:I27) -> 63 | ... AF3: =SUM(AF4:AF27) -> 0 | AG3: =SUM(B3:AF3) -> 1992
A4: 08:00 | B4: 4 | C4: 5 | D4: 2 | E4: 1 | F4: 4 | G4: 8 | H4: 7 | K4: 2 | L4: 2 | M4: 3 | N4: 3 | O4: 1 | P4: 3 | Q4: 4 | R4: 3 | S4: 2 | U4: 2 | V4: 3 | W4: 2 | X4: 2 | Y4: 3 | Z4: 2 | AA4: 3 | AB4: 5 | AE4: 1 | AG4: =SUM(B4:AF4) -> 77
A5: 09:00 | B5: 8 | C5: 2 | D5: 3 | E5: 2 | F5: 3 | G5: 5 | H5: 4 | I5: 5 | J5: 4 | K5: 1 | L5: 2 | M5: 4 | N5: 4 | O5: 3 | P5: 1 | Q5: 3 | R5: 4 | S5: 2 | T5: 3 | U5: 5 | V5: 4 | W5: 3 | X5: 5 | Y5: 6 | Z5: 2 | AA5: 6 | AB5: 12 | AE5: 2 | AG5: =SUM(B5:AF5) -> 108
A6: 10:00 | B6: 4 | C6: 6 | D6: 6 | E6: 3 | F6: 3 | G6: 7 | H6: 3 | I6: 4 | J6: 2 | K6: 3 | L6: 5 | M6: 3 | N6: 4 | O6: 6 | P6: 3 | Q6: 2 | R6: 5 | S6: 1 | T6: 2 | U6: 5 | V6: 2 | W6: 3 | X6: 2 | Y6: 2 | Z6: 6 | AA6: 6 | AB6: 3 | AE6: 9 | AG6: =SUM(B6:AF6) -> 110
A7: 11:00 | B7: 6 | C7: 7 | D7: 3 | E7: 4 | F7: 4 | G7: 8 | H7: 3 | I7: 4 | J7: 2 | K7: 6 | L7: 2 | M7: 1 | N7: 11 | O7: 4 | P7: 5 | Q7: 2 | R7: 1 | S7: 4 | T7: 6 | U7: 3 | V7: 3 | W7: 3 | X7: 7 | Y7: 2 | Z7: 2 | AA7: 6 | AB7: 4 | AE7: 4 | AG7: =SUM(B7:AF7) -> 117
A8: 12:00 | B8: 2 | C8: 6 | D8: 4 | E8: 7 | F8: 9 | G8: 5 | H8: 2 | I8: 5 | J8: 5 | K8: 3 | L8: 5 | M8: 2 | N8: 5 | O8: 5 | P8: 3 | Q8: 1 | R8: 4 | S8: 15 | T8: 8 | U8: 3 | V8: 3 | W8: 2 | X8: 6 | Y8: 5 | Z8: 5 | AA8: 7 | AB8: 8 | AE8: 2 | AG8: =SUM(B8:AF8) -> 137
A9: 13:00 | B9: 4 | C9: 4 | D9: 2 | E9: 4 | F9: 7 | G9: 4 | H9: 4 | I9: 5 | J9: 3 | K9: 4 | L9: 8 | M9: 3 | N9: 8 | O9: 3 | P9: 3 | Q9: 3 | R9: 4 | S9: 5 | T9: 1 | U9: 1 | V9: 3 | W9: 3 | X9: 3 | Y9: 1 | Z9: 2 | AA9: 8 | AB9: 1 | AE9: 5 | AG9: =SUM(B9:AF9) -> 106
A10: 14:00 | B10: 5 | C10: 3 | D10: 7 | E10: 5 | F10: 4 | G10: 10 | H10: 8 | I10: 3 | J10: 3 | K10: 4 | L10: 7 | M10: 5 | N10: 4 | O10: 2 | P10: 1 | R10: 4 | S10: 6 | T10: 2 | U10: 4 | V10: 3 | W10: 4 | X10: 2 | Y10: 3 | Z10: 3 | AA10: 4 | AB10: 7 | AD10: 5 | AE10: 6 | AG10: =SUM(B10:AF10) -> 124
A11: 15:00 | B11: 6 | C11: 4 | D11: 5 | E11: 7 | F11: 5 | G11: 11 | H11: 7 | J11: 1 | K11: 2 | L11: 4 | M11: 3 | O11: 3 | P11: 3 | Q11: 3 | R11: 6 | S11: 6 | T11: 6 | U11: 3 | V11: 2 | W11: 3 | X11: 4 | Y11: 3 | Z11: 7 | AA11: 5 | AB11: 3 | AD11: 5 | AE11: 6 | AG11: =SUM(B11:AF11) -> 123
A12: 16:00 | B12: 6 | C12: 11 | D12: 3 | E12: 5 | F12: 5 | G12: 4 | H12: 5 | I12: 1 | J12: 1 | K12: 3 | L12: 4 | M12: 3 | N12: 8 | O12: 4 | P12: 5 | Q12: 8 | R12: 6 | S12: 6 | T12: 4 | U12: 5 | V12: 4 | W12: 6 | X12: 6 | Y12: 4 | Z12: 2 | AA12: 5 | AB12: 4 | AD12: 9 | AE12: 8 | AG12: =SUM(B12:AF12) -> 145
A13: 17:00 | B13: 8 | C13: 7 | D13: 6 | E13: 4 | F13: 7 | G13: 5 | H13: 8 | I13: 10 | J13: 9 | K13: 2 | L13: 6 | M13: 5 | N13: 8 | O13: 5 | P13: 3 | Q13: 3 | R13: 7 | S13: 7 | T13: 5 | U13: 8 | V13: 6 | W13: 4 | X13: 8 | Y13: 12 | Z13: 8 | AA13: 6 | AD13: 8 | AE13: 12 | AG13: =SUM(B13:AF13) -> 187
A14: 18:00 | B14: 4 | C14: 4 | D14: 8 | E14: 8 | F14: 2 | G14: 6 | H14: 4 | I14: 4 | J14: 4 | K14: 2 | L14: 6 | M14: 3 | N14: 7 | O14: 5 | P14: 5 | Q14: 4 | R14: 3 | S14: 5 | T14: 5 | U14: 9 | V14: 4 | W14: 7 | X14: 8 | Y14: 3 | Z14: 5 | AA14: 7 | AD14: 3 | AE14: 6 | AG14: =SUM(B14:AF14) -> 141
A15: 19:00 | C15: 3 | D15: 2 | E15: 1 | G15: 4 | H15: 3 | I15: 6 | J15: 4 | K15: 1 | L15: 1 | M15: 3 | N15: 6 | O15: 2 | P15: 5 | Q15: 2 | R15: 2 | S15: 1 | T15: 3 | U15: 6 | V15: 6 | W15: 3 | X15: 5 | Y15: 4 | Z15: 7 | AA15: 4 | AD15: 3 | AE15: 7 | AG15: =SUM(B15:AF15) -> 94
A16: 20:00 | B16: 3 | C16: 5 | D16: 3 | E16: 1 | F16: 4 | G16: 8 | H16: 10 | I16: 2 | J16: 4 | K16: 2 | L16: 2 | M16: 3 | N16: 3 | O16: 4 | P16: 3 | Q16: 1 | R16: 6 | S16: 1 | T16: 6 | U16: 7 | V16: 4 | W16: 3 | X16: 6 | Y16: 3 | Z16: 1 | AA16: 2 | AD16: 4 | AE16: 3 | AG16: =SUM(B16:AF16) -> 104
A17: 21:00 | B17: 7 | C17: 2 | D17: 4 | E17: 3 | F17: 4 | G17: 3 | H17: 4 | I17: 4 | J17: 2 | K17: 4 | M17: 1 | N17: 5 | O17: 6 | P17: 1 | Q17: 8 | R17: 2 | S17: 5 | T17: 6 | U17: 2 | V17: 1 | W17: 5 | X17: 2 | Y17: 6 | Z17: 2 | AA17: 2 | AD17: 3 | AE17: 4 | AG17: =SUM(B17:AF17) -> 98
A18: 22:00 | C18: 2 | D18: 2 | E18: 3 | F18: 4 | G18: 2 | H18: 1 | I18: 3 | J18: 2 | K18: 1 | L18: 4 | M18: 1 | N18: 1 | O18: 2 | P18: 1 | Q18: 2 | R18: 1 | S18: 5 | T18: 6 | U18: 3 | V18: 2 | X18: 4 | Y18: 5 | Z18: 3 | AE18: 1 | AG18: =SUM(B18:AF18) -> 61
A19: 23:00 | C19: 1 | D19: 3 | E19: 1 | F19: 1 | G19: 1 | I19: 2 | J19: 1 | L19: 1 | M19: 1 | N19: 1 | O19: 1 | P19: 3 | Q19: 1 | R19: 3 | S19: 1 | T19: 7 | U19: 1 | V19: 3 | W19: 2 | X19: 3 | Y19: 1 | AA19: 2 | AE19: 3 | AG19: =SUM(B19:AF19) -> 44
A20: 00:00 | C20: 1 | D20: 5 | E20: 2 | F20: 3 | I20: 2 | J20: 3 | K20: 2 | L20: 1 | Q20: 2 | R20: 6 | S20: 1 | T20: 2 | U20: 2 | V20: 2 | W20: 2 | Y20: 2 | Z20: 4 | AD20: 1 | AE20: 1 | AG20: =SUM(B20:AF20) -> 44
A21: 01:00 | B21: 6 | C21: 1 | D21: 2 | E21: 2 | F21: 3 | K21: 1 | N21: 1 | O21: 1 | P21: 1 | Q21: 10 | R21: 1 | S21: 1 | T21: 4 | U21: 2 | W21: 1 | X21: 2 | Y21: 1 | Z21: 3 | AD21: 3 | AE21: 1 | AG21: =SUM(B21:AF21) -> 47
A22: 02:00 | B22: 2 | D22: 1 | F22: 1 | G22: 1 | I22: 2 | L22: 1 | N22: 1 | O22: 4 | P22: 3 | Q22: 1 | R22: 4 | S22: 2 | T22: 3 | V22: 4 | X22: 6 | Y22: 1 | Z22: 2 | AA22: 2 | AD22: 4 | AE22: 2 | AG22: =SUM(B22:AF22) -> 47
A23: 03:00 | B23: 2 | D23: 4 | J23: 2 | O23: 1 | P23: 2 | R23: 1 | V23: 2 | AD23: 3 | AG23: =SUM(B23:AF23) -> 17
A24: 04:00 | D24: 1 | E24: 1 | L24: 3 | N24: 1 | Q24: 2 | R24: 2 | U24: 3 | V24: 3 | W24: 2 | Y24: 1 | AA24: 1 | AD24: 1 | AE24: 1 | AG24: =SUM(B24:AF24) -> 22
A25: 05:00 | B25: 1 | E25: 1 | F25: 1 | G25: 1 | K25: 1 | L25: 1 | M25: 1 | N25: 1 | R25: 1 | S25: 1 | V25: 1 | Z25: 1 | AD25: 2 | AE25: 2 | AG25: =SUM(B25:AF25) -> 16
A26: 06:00 | C26: 1 | D26: 1 | F26: 1 | G26: 1 | N26: 2 | P26: 1 | R26: 3 | Z26: 1 | AG26: =SUM(B26:AF26) -> 11
A27: 07:00 | B27: 1 | D27: 1 | I27: 1 | S27: 1 | T27: 1 | V27: 1 | W27: 1 | X27: 1 | Z27: 1 | AA27: 3 | AG27: =SUM(B27:AF27) -> 12
A28: Total de atendidos | B28: =SUM(B29:B52) -> 75 | C28: =SUM(C29:C52) -> 73 | D28: =SUM(D29:D52) -> 75 | E28: =SUM(E29:E52) -> 65 | F28: =SUM(F29:F52) -> 74 | G28: =SUM(G29:G52) -> 83 | H28: =SUM(H29:H52) -> 63 | I28: =SUM(I29:I52) -> 58 | ... AF28: =SUM(AF29:AF52) -> 0 | AG28: =SUM(B28:AF28) -> 1895
A29: 08:00 | B29: 2 | E29: 1 | F29: 1 | G29: 3 | H29: 2 | K29: 2 | L29: 1 | N29: 1 | O29: 1 | S29: 3 | W29: 1 | X29: 2 | Y29: 1 | Z29: 2 | AA29: 2 | AG29: =SUM(B29:AF29) -> 25
A30: 09:00 | B30: 4 | C30: 7 | D30: 4 | E30: 2 | F30: 5 | G30: 2 | H30: 8 | I30: 3 | J30: 4 | K30: 1 | L30: 2 | M30: 6 | N30: 5 | O30: 2 | P30: 3 | Q30: 5 | R30: 4 | S30: 2 | T30: 2 | U30: 2 | V30: 4 | W30: 2 | X30: 1 | Y30: 6 | Z30: 2 | AA30: 5 | AB30: 7 | AE30: 2 | AG30: =SUM(B30:AF30) -> 102
A31: 10:00 | B31: 5 | C31: 2 | D31: 2 | E31: 2 | F31: 3 | G31: 7 | H31: 2 | I31: 3 | J31: 2 | K31: 1 | L31: 4 | M31: 3 | N31: 2 | O31: 3 | P31: 2 | Q31: 3 | R31: 6 | S31: 1 | T31: 3 | U31: 8 | V31: 2 | W31: 4 | X31: 5 | Y31: 2 | Z31: 4 | AA31: 4 | AB31: 6 | AE31: 6 | AG31: =SUM(B31:AF31) -> 97
A32: 11:00 | B32: 2 | C32: 7 | D32: 6 | E32: 4 | F32: 4 | G32: 5 | H32: 4 | I32: 3 | K32: 6 | L32: 3 | M32: 2 | N32: 9 | O32: 5 | P32: 5 | Q32: 1 | R32: 3 | S32: 2 | T32: 4 | U32: 3 | V32: 1 | W32: 1 | X32: 6 | Y32: 2 | Z32: 5 | AA32: 5 | AB32: 6 | AE32: 6 | AG32: =SUM(B32:AF32) -> 110
A33: 12:00 | B33: 6 | C33: 7 | D33: 5 | E33: 7 | F33: 7 | G33: 8 | H33: 2 | I33: 5 | J33: 5 | K33: 5 | L33: 4 | M33: 2 | N33: 7 | O33: 4 | P33: 2 | Q33: 2 | R33: 3 | S33: 7 | T33: 4 | U33: 1 | V33: 2 | W33: 2 | X33: 6 | Y33: 4 | Z33: 3 | AA33: 8 | AB33: 5 | AE33: 2 | AG33: =SUM(B33:AF33) -> 125
A34: 13:00 | B34: 3 | C34: 5 | D34: 1 | E34: 3 | F34: 6 | G34: 4 | H34: 3 | I34: 4 | J34: 5 | L34: 4 | M34: 3 | N34: 4 | O34: 4 | P34: 2 | Q34: 2 | R34: 5 | S34: 8 | T34: 6 | U34: 2 | V34: 1 | W34: 3 | X34: 4 | Y34: 2 | Z34: 3 | AA34: 8 | AB34: 4 | AE34: 2 | AG34: =SUM(B34:AF34) -> 101
A35: 14:00 | B35: 4 | C35: 3 | D35: 4 | E35: 5 | F35: 7 | G35: 5 | H35: 3 | I35: 4 | J35: 2 | K35: 7 | L35: 5 | M35: 2 | N35: 5 | O35: 3 | P35: 1 | R35: 3 | S35: 8 | T35: 1 | U35: 4 | V35: 4 | W35: 2 | Y35: 2 | Z35: 2 | AA35: 5 | AB35: 3 | AD35: 4 | AE35: 8 | AG35: =SUM(B35:AF35) -> 106
A36: 15:00 | B36: 6 | C36: 2 | D36: 5 | E36: 5 | F36: 4 | G36: 7 | H36: 4 | I36: 1 | J36: 1 | K36: 1 | L36: 7 | M36: 4 | N36: 4 | O36: 4 | P36: 4 | Q36: 2 | R36: 4 | S36: 6 | T36: 4 | U36: 4 | V36: 3 | W36: 7 | X36: 4 | Y36: 2 | Z36: 5 | AA36: 3 | AB36: 4 | AD36: 6 | AE36: 5 | AG36: =SUM(B36:AF36) -> 118
A37: 16:00 | B37: 7 | C37: 7 | D37: 2 | E37: 4 | F37: 5 | G37: 9 | H37: 7 | J37: 1 | K37: 3 | L37: 4 | N37: 7 | O37: 3 | P37: 1 | Q37: 6 | R37: 4 | S37: 7 | T37: 5 | U37: 5 | V37: 4 | W37: 3 | X37: 8 | Y37: 5 | Z37: 5 | AA37: 2 | AB37: 6 | AD37: 7 | AE37: 8 | AG37: =SUM(B37:AF37) -> 135
A38: 17:00 | B38: 4 | C38: 4 | D38: 3 | E38: 6 | F38: 6 | G38: 2 | H38: 6 | I38: 4 | J38: 5 | K38: 3 | L38: 4 | M38: 8 | N38: 3 | O38: 5 | P38: 2 | Q38: 4 | R38: 7 | S38: 7 | T38: 6 | U38: 5 | V38: 3 | W38: 4 | X38: 3 | Y38: 6 | Z38: 3 | AA38: 5 | AD38: 5 | AE38: 9 | AG38: =SUM(B38:AF38) -> 132
A39: 18:00 | B39: 7 | C39: 11 | D39: 7 | E39: 6 | F39: 4 | G39: 6 | H39: 6 | I39: 5 | J39: 8 | K39: 2 | L39: 6 | M39: 3 | N39: 8 | O39: 4 | P39: 6 | Q39: 4 | R39: 6 | S39: 6 | T39: 4 | U39: 9 | V39: 6 | W39: 3 | X39: 9 | Y39: 9 | Z39: 4 | AA39: 6 | AD39: 6 | AE39: 6 | AG39: =SUM(B39:AF39) -> 167
A40: 19:00 | B40: 3 | C40: 3 | D40: 5 | E40: 5 | F40: 1 | G40: 6 | H40: 2 | I40: 6 | J40: 3 | K40: 1 | L40: 2 | M40: 5 | N40: 6 | O40: 3 | P40: 7 | Q40: 3 | R40: 3 | S40: 4 | T40: 2 | U40: 7 | V40: 5 | W40: 7 | X40: 7 | Y40: 3 | Z40: 5 | AA40: 6 | AD40: 4 | AE40: 7 | AG40: =SUM(B40:AF40) -> 121
A41: 20:00 | B41: 3 | C41: 5 | D41: 6 | E41: 1 | F41: 2 | G41: 5 | H41: 7 | I41: 5 | J41: 3 | K41: 1 | L41: 4 | M41: 1 | N41: 2 | O41: 4 | P41: 5 | Q41: 2 | R41: 4 | S41: 1 | T41: 5 | U41: 4 | V41: 6 | W41: 4 | X41: 5 | Y41: 4 | Z41: 6 | AA41: 1 | AE41: 4 | AG41: =SUM(B41:AF41) -> 100
A42: 21:00 | B42: 5 | C42: 4 | D42: 3 | E42: 3 | F42: 3 | G42: 8 | H42: 6 | I42: 2 | J42: 2 | K42: 3 | L42: 1 | M42: 2 | N42: 4 | O42: 4 | P42: 2 | Q42: 6 | R42: 5 | S42: 4 | T42: 6 | U42: 5 | V42: 2 | W42: 5 | X42: 3 | Y42: 5 | Z42: 3 | AA42: 1 | AD42: 3 | AE42: 4 | AG42: =SUM(B42:AF42) -> 104
A43: 22:00 | B43: 2 | C43: 2 | D43: 3 | E43: 2 | F43: 6 | G43: 1 | H43: 1 | I43: 6 | J43: 3 | K43: 3 | L43: 3 | M43: 2 | N43: 3 | O43: 5 | Q43: 3 | R43: 1 | S43: 4 | T43: 6 | U43: 3 | V43: 2 | X43: 4 | Y43: 5 | AA43: 3 | AD43: 3 | AE43: 5 | AG43: =SUM(B43:AF43) -> 81
A44: 23:00 | C44: 1 | D44: 4 | E44: 2 | F44: 2 | G44: 2 | I44: 2 | L44: 1 | M44: 1 | N44: 5 | O44: 2 | P44: 3 | Q44: 1 | R44: 3 | S44: 3 | T44: 5 | U44: 1 | V44: 2 | W44: 2 | X44: 1 | Y44: 2 | Z44: 2 | AA44: 2 | AE44: 3 | AG44: =SUM(B44:AF44) -> 52
A45: 00:00 | C45: 1 | D45: 5 | E45: 3 | F45: 1 | I45: 2 | J45: 3 | L45: 1 | P45: 1 | Q45: 1 | R45: 4 | S45: 1 | T45: 5 | U45: 1 | V45: 3 | X45: 2 | Y45: 2 | Z45: 3 | AA45: 2 | AD45: 1 | AE45: 1 | AG45: =SUM(B45:AF45) -> 43
A46: 01:00 | B46: 5 | C46: 1 | D46: 2 | E46: 2 | F46: 4 | J46: 1 | K46: 2 | O46: 1 | P46: 1 | Q46: 9 | R46: 3 | S46: 1 | T46: 2 | U46: 2 | W46: 3 | X46: 2 | Y46: 1 | Z46: 3 | AD46: 2 | AE46: 1 | AG46: =SUM(B46:AF46) -> 48
A47: 02:00 | B47: 3 | D47: 1 | F47: 1 | G47: 1 | I47: 1 | K47: 1 | N47: 1 | O47: 3 | P47: 1 | Q47: 2 | R47: 3 | S47: 2 | T47: 6 | U47: 1 | V47: 3 | X47: 4 | Y47: 1 | Z47: 3 | AA47: 1 | AD47: 5 | AE47: 1 | AG47: =SUM(B47:AF47) -> 45
A48: 03:00 | B48: 1 | D48: 1 | I48: 1 | J48: 1 | L48: 1 | N48: 1 | O48: 2 | P48: 4 | R48: 2 | V48: 3 | X48: 1 | AD48: 3 | AE48: 1 | AG48: =SUM(B48:AF48) -> 22
A49: 04:00 | B49: 1 | D49: 4 | E49: 1 | J49: 1 | L49: 2 | Q49: 2 | R49: 1 | U49: 2 | V49: 3 | W49: 1 | AA49: 1 | AE49: 1 | AG49: =SUM(B49:AF49) -> 20
A50: 05:00 | B50: 1 | E50: 1 | G50: 1 | L50: 2 | M50: 1 | N50: 2 | R50: 1 | S50: 1 | U50: 1 | V50: 1 | Y50: 1 | Z50: 1 | AD50: 2 | AE50: 2 | AG50: =SUM(B50:AF50) -> 18
A51: 06:00 | D51: 1 | F51: 2 | K51: 1 | N51: 1 | P51: 1 | R51: 4 | Z51: 1 | AG51: =SUM(B51:AF51) -> 11
A52: 07:00 | B52: 1 | C52: 1 | D52: 1 | G52: 1 | I52: 1 | N52: 1 | T52: 1 | V52: 1 | W52: 1 | AA52: 2 | AD52: 1 | AG52: =SUM(B52:AF52) -> 12
A53: Total de NSP | B53: =SUM(B54:B77) -> 4 | C53: =SUM(C54:C77) -> 2 | D53: =SUM(D54:D77) -> 3 | E53: =SUM(E54:E77) -> 0 | F53: =SUM(F54:F77) -> 1 | G53: =SUM(G54:G77) -> 11 | H53: =SUM(H54:H77) -> 10 | I53: =SUM(I54:I77) -> 5 | ... AF53: =SUM(AF54:AF77) -> 0 | AG53: =SUM(B53:AF53) -> 96
A54: 08:00 | H54: 1 | Q54: 1 | V54: 1 | W54: 1 | AG54: =SUM(B54:AF54) -> 4
A55: 09:00 | I55: 2 | P55: 1 | U55: 1 | X55: 1 | Y55: 1 | AB55: 3 | AG55: =SUM(B55:AF55) -> 9
A56: 10:00 | B56: 2 | G56: 1 | I56: 1 | U56: 1 | V56: 1 | AE56: 1 | AG56: =SUM(B56:AF56) -> 7
A57: 11:00 | C57: 1 | D57: 1 | G57: 1 | P57: 1 | V57: 2 | Y57: 1 | AB57: 1 | AG57: =SUM(B57:AF57) -> 8
A58: 12:00 | I58: 1 | V58: 1 | AG58: =SUM(B58:AF58) -> 2
A59: 13:00 | G59: 2 | K59: 1 | N59: 1 | AG59: =SUM(B59:AF59) -> 4
A60: 14:00 | D60: 2 | G60: 2 | H60: 2 | AA60: 1 | AG60: =SUM(B60:AF60) -> 7
A61: 15:00 | B61: 1 | G61: 2 | L61: 1 | AG61: =SUM(B61:AF61) -> 4
A62: 16:00 | B62: 1 | H62: 3 | J62: 1 | Q62: 1 | T62: 1 | AB62: 2 | AD62: 1 | AG62: =SUM(B62:AF62) -> 10
A63: 17:00 | C63: 1 | H63: 1 | X63: 2 | Z63: 1 | AA63: 2 | AG63: =SUM(B63:AF63) -> 7
A64: 18:00 | H64: 1 | I64: 1 | T64: 1 | AA64: 1 | AG64: =SUM(B64:AF64) -> 4
A65: 19:00 | G65: 3 | N65: 1 | W65: 1 | AG65: =SUM(B65:AF65) -> 5
A66: 20:00 | H66: 1 | J66: 1 | L66: 1 | U66: 2 | W66: 1 | X66: 1 | Y66: 1 | AE66: 1 | AG66: =SUM(B66:AF66) -> 9
A67: 21:00 | H67: 1 | L67: 1 | N67: 1 | Q67: 1 | Z67: 2 | AA67: 1 | AG67: =SUM(B67:AF67) -> 7
A68: 22:00 | Z68: 1 | AD68: 1 | AG68: =SUM(B68:AF68) -> 2
A69: 23:00 | AA69: 1 | AG69: =SUM(B69:AF69) -> 1
A70: 00:00 | F70: 1 | T70: 1 | AG70: =SUM(B70:AF70) -> 2
A71: 01:00 | L71: 1 | Q71: 1 | AG71: =SUM(B71:AF71) -> 2
A72: 02:00 | X72: 1 | AG72: =SUM(B72:AF72) -> 1
A73: 03:00 | AG73: =SUM(B73:AF73) -> 0
A74: 04:00 | AG74: =SUM(B74:AF74) -> 0
A75: 05:00 | AG75: =SUM(B75:AF75) -> 0
A76: 06:00 | AG76: =SUM(B76:AF76) -> 0
A77: 07:00 | W77: 1 | AG77: =SUM(B77:AF77) -> 1
A78: TOTAL PACIENTES INSCRITOS | B78: =SUM(B79:B80) -> 79 | C78: =SUM(C79:C80) -> 75 | D78: =SUM(D79:D80) -> 78 | E78: =SUM(E79:E80) -> 65 | F78: =SUM(F79:F80) -> 75 | G78: =SUM(G79:G80) -> 94 | H78: =SUM(H79:H80) -> 73 | I78: =SUM(I79:I80) -> 63 | ... AF78: =SUM(AF79:AF80) -> 0 | AG78: =SUM(B78:AF78) -> 1992
A79: SAR | B79: =SUM(B4:B27)-B80 -> 79 | C79: =SUM(C4:C27)-C80 -> 75 | D79: =SUM(D4:D27)-D80 -> 78 | E79: =SUM(E4:E27)-E80 -> 65 | F79: =SUM(F4:F27)-F80 -> 31 | G79: =SUM(G4:G27)-G80 -> 32 | H79: =SUM(H4:H27)-H80 -> 30 | I79: =SUM(I4:I27)-I80 -> 63 | ... AF79: =SUM(AF4:AF27)-AF80 -> 0 | AG79: =SUM(B79:AF79) -> 1438
A80: PAR | D80: 0 | E80: 0 | F80: =SUM(F4:F12) -> 44 | G80: =SUM(G4:G12) -> 62 | H80: =SUM(H4:H12) -> 43 | K80: 0 | L80: 0 | M80: =SUM(M4:M12) -> 27 | N80: =SUM(N4:N12) -> 47 | O80: =SUM(O4:O12) -> 31 | R80: =SUM(R4:R12) -> 37 | S80: =SUM(S4:S12) -> 47 | T80: =SUM(T4:T12) -> 32 | U80: =SUM(U4:U12) -> 31 | V80: =SUM(V4:V12) -> 27 | Y80: =SUM(Y4:Y12) -> 29 | AA80: =SUM(AA4:AA12) -> 50 | AB80: =SUM(AB4:AB12) -> 47 | AC80: =SUM(AC4:AC12) -> 0 | AF80: =SUM(AF4:AF12) -> 0 | AG80: =SUM(B80:AF80) -> 554
A81: TOTAL NSP | B81: =SUM(B82:B83) -> 4 | C81: =SUM(C82:C83) -> 2 | D81: =SUM(D82:D83) -> 3 | E81: =SUM(E82:E83) -> 0 | F81: =SUM(F82:F83) -> 1 | G81: =SUM(G82:G83) -> 11 | H81: =SUM(H82:H83) -> 10 | I81: =SUM(I82:I83) -> 5 | ... AF81: =SUM(AF82:AF83) -> 0 | AG81: =SUM(B81:AF81) -> 96 | AH81: =IF(AG81<>AG53,"*","")
A82: PAR | B82: =SUM(B54:B62) -> 4 | C82: =SUM(C54:C62) -> 1 | D82: =SUM(D54:D62) -> 3 | G82: =SUM(G54:G62) -> 8 | H82: =SUM(H54:H62) -> 6 | I82: =SUM(I54:I62) -> 4 | J82: =SUM(J54:J62) -> 1 | N82: =SUM(N54:N62) -> 1 | O82: =SUM(O54:O62) -> 0 | P82: =SUM(P54:P62) -> 2 | Q82: =SUM(Q54:Q62) -> 2 | R82: =SUM(R54:R62) -> 0 | U82: =SUM(U54:U62) -> 2 | V82: =SUM(V54:V62) -> 5 | W82: =SUM(W54:W62) -> 1 | X82: =SUM(X54:X62) -> 1 | Y82: =SUM(Y54:Y62) -> 2 | AB82: =SUM(AB54:AB62) -> 6 | AC82: =SUM(AC54:AC62) -> 0 | AD82: =SUM(AD54:AD62) -> 1 | AE82: =SUM(AE54:AE62) -> 1 | AF82: =SUM(AF54:AF62) -> 0 | AG82: =SUM(B82:AF82) -> 51
A83: SAR | B83: =SUM(B54:B77)-B82 -> 0 | C83: =SUM(C54:C77)-C82 -> 1 | D83: =SUM(D54:D77)-D82 -> 0 | E83: =SUM(E54:E77)-E82 -> 0 | F83: =SUM(F54:F77)-F82 -> 1 | G83: =SUM(G54:G77)-G82 -> 3 | H83: =SUM(H54:H77)-H82 -> 4 | I83: =SUM(I54:I77)-I82 -> 1 | ... AF83: =SUM(AF54:AF77)-AF82 -> 0 | AG83: =SUM(B83:AF83) -> 45
A84: NSP PEDIATR. / ADULTOS | B84: =SUM(B85:B86) -> 4 | C84: =SUM(C85:C86) -> 2 | D84: =SUM(D85:D86) -> 3 | E84: =SUM(E85:E86) -> 0 | F84: =SUM(F85:F86) -> 1 | G84: =SUM(G85:G86) -> 11 | H84: =SUM(H85:H86) -> 10 | I84: =SUM(I85:I86) -> 5 | ... AF84: =SUM(AF85:AF86) -> 0 | AG84: =SUM(B84:AF84) -> 96 | AH84: =IF(AG84<>AG82+AG83,"*","") | AI84: NSP
A85: NSP PEDIATRICOS (<15 AÑOS) | B85: 0 | C85: 0 | D85: 2 | E85: 0 | F85: 0 | G85: 0 | H85: 1 | I85: 0 | J85: 0 | K85: 0 | L85: 2 | M85: 0 | N85: 2 | O85: 0 | P85: 0 | Q85: 0 | R85: 0 | S85: 0 | T85: 0 | U85: 2 | V85: 0 | W85: 0 | X85: 0 | Y85: 0 | Z85: 0 | AA85: 0 | AB85: 1 | AD85: 0 | AE85: 0 | AG85: =SUM(B85:AF85) -> 10
A86: NSP ADULTOS | B86: 4 | C86: 2 | D86: 1 | E86: 0 | F86: 1 | G86: 11 | H86: 9 | I86: 5 | J86: 2 | K86: 1 | L86: 2 | M86: 0 | N86: 1 | O86: 0 | P86: 2 | Q86: 4 | R86: 0 | S86: 0 | T86: 3 | U86: 2 | V86: 5 | W86: 4 | X86: 5 | Y86: 3 | Z86: 4 | AA86: 6 | AB86: 5 | AD86: 2 | AE86: 2 | AG86: =SUM(B86:AF86) -> 86
A87: NSP CATEGORIZACION | B87: =SUM(B88:B92) -> 4 | C87: =SUM(C88:C92) -> 2 | D87: =SUM(D88:D92) -> 3 | E87: =SUM(E88:E92) -> 0 | F87: =SUM(F88:F92) -> 1 | G87: =SUM(G88:G92) -> 11 | H87: =SUM(H88:H92) -> 10 | I87: =SUM(I88:I92) -> 5 | ... AF87: =SUM(AF88:AF92) -> 0 | AG87: =SUM(B87:AF87) -> 96 | AH87: =IF(AG87<>AG84,"*","")
A88: SIN CATEGORIZACIÓN nsp | B88: 3 | C88: 1 | D88: 3 | G88: 6 | H88: 9 | I88: 3 | J88: 2 | N88: 2 | P88: 1 | Q88: 3 | T88: 2 | U88: 4 | V88: 5 | W88: 2 | X88: 4 | Y88: 2 | Z88: 4 | AB88: 3 | AD88: 1 | AE88: 2 | AG88: =SUM(B88:AF88) -> 62
A89: C2 | AG89: =SUM(B89:AF89) -> 0
A90: C3 | L90: 1 | AG90: =SUM(B90:AF90) -> 1
A91: C4 | G91: 1 | I91: 1 | L91: 3 | P91: 1 | Q91: 1 | T91: 1 | W91: 1 | X91: 1 | Y91: 1 | AA91: 6 | AG91: =SUM(B91:AF91) -> 17
A92: C5 | B92: 1 | C92: 1 | F92: 1 | G92: 4 | H92: 1 | I92: 1 | K92: 1 | N92: 1 | W92: 1 | AB92: 3 | AD92: 1 | AG92: =SUM(B92:AF92) -> 16
A93: TOTAL PACIENTES ATENDIDOS | B93: =+B94+B100 -> 75 | C93: =+C94+C100 -> 73 | D93: =+D94+D100 -> 75 | E93: =+E94+E100 -> 65 | F93: =+F94+F100 -> 74 | G93: =+G94+G100 -> 83 | H93: =+H94+H100 -> 63 | I93: =+I94+I100 -> 58 | ... AF93: =+AF94+AF100 -> 0 | AG93: =SUM(B93:AF93) -> 1895 | AH93: =IF(AG93<>AG28,"*","")
A94: Menor 15 años | B94: =SUM(B95:B99) -> 1 | C94: =SUM(C95:C99) -> 0 | D94: =SUM(D95:D99) -> 0 | E94: =SUM(E95:E99) -> 3 | F94: =SUM(F95:F99) -> 4 | G94: =SUM(G95:G99) -> 4 | H94: =SUM(H95:H99) -> 2 | I94: =SUM(I95:I99) -> 2 | ... AF94: =SUM(AF95:AF99) -> 0 | AG94: =SUM(B94:AF94) -> 92
A95: Menor 1 Año | F95: 1 | G95: 1 | H95: 1 | N95: 1 | X95: 1 | AG95: =SUM(B95:AF95) -> 5
A96: 1 Año | F96: 1 | J96: 1 | L96: 1 | N96: 2 | R96: 1 | U96: 1 | V96: 2 | W96: 1 | X96: 1 | AE96: 1 | AG96: =SUM(B96:AF96) -> 12
A97: 2 - 4 | E97: 2 | F97: 2 | H97: 1 | I97: 1 | J97: 2 | M97: 2 | Q97: 1 | R97: 2 | U97: 2 | W97: 1 | AB97: 1 | AD97: 2 | AG97: =SUM(B97:AF97) -> 19
A98: 5 - 9 | G98: 2 | I98: 1 | J98: 1 | K98: 1 | L98: 1 | M98: 2 | P98: 1 | Q98: 2 | S98: 1 | U98: 2 | V98: 2 | W98: 1 | X98: 1 | Y98: 3 | AA98: 1 | AB98: 1 | AD98: 2 | AG98: =SUM(B98:AF98) -> 25
A99: 10 - 14 | B99: 1 | E99: 1 | G99: 1 | J99: 1 | L99: 2 | O99: 1 | Q99: 2 | R99: 3 | S99: 3 | X99: 1 | Y99: 1 | Z99: 2 | AA99: 4 | AB99: 3 | AD99: 2 | AE99: 3 | AG99: =SUM(B99:AF99) -> 31
A100: Mayor de 15 años | B100: =SUM(B101:B115) -> 74 | C100: =SUM(C101:C115) -> 73 | D100: =SUM(D101:D115) -> 75 | E100: =SUM(E101:E115) -> 62 | F100: =SUM(F101:F115) -> 70 | G100: =SUM(G101:G115) -> 79 | H100: =SUM(H101:H115) -> 61 | I100: =SUM(I101:I115) -> 56 | ... AF100: =SUM(AF101:AF115) -> 0 | AG100: =SUM(B100:AF100) -> 1803
A101: 15 - 19 | B101: 4 | C101: 6 | D101: 3 | E101: 2 | F101: 2 | G101: 3 | H101: 1 | I101: 2 | J101: 1 | K101: 1 | L101: 1 | M101: 2 | N101: 1 | O101: 4 | P101: 1 | Q101: 2 | R101: 2 | S101: 8 | T101: 7 | U101: 3 | V101: 1 | W101: 7 | X101: 7 | Y101: 2 | Z101: 2 | AA101: 2 | AB101: 1 | AD101: 2 | AE101: 3 | AG101: =SUM(B101:AF101) -> 83
...

Sheet MAYO
A2: MAYO | B2: 1 | C2: =+B2+1 -> 2 | D2: =+C2+1 -> 3 | E2: =+D2+1 -> 4 | F2: =+E2+1 -> 5 | G2: =+F2+1 -> 6 | H2: =+G2+1 -> 7 | I2: =+H2+1 -> 8 | J2: =+I2+1 -> 9 | ... AA2: =+Z2+1 -> 26 | AB2: 27 | AC2: =+AB2+1 -> 28 | AD2: 29 | AE2: 30 | AF2: 31 | AG2: TOTAL
A3: Total de Inscritos | B3: =SUM(B4:B27) -> 73 | C3: =SUM(C4:C27) -> 79 | D3: =SUM(D4:D27) -> 70 | E3: =SUM(E4:E27) -> 94 | F3: =SUM(F4:F27) -> 68 | G3: =SUM(G4:G27) -> 61 | H3: =SUM(H4:H27) -> 73 | I3: =SUM(I4:I27) -> 91 | ... AF3: =SUM(AF4:AF27) -> 73 | AG3: =SUM(B3:AF3) -> 2659
A4: 08:00 | B4: 2 | D4: 2 | E4: 8 | F4: 4 | G4: 2 | H4: 1 | I4: 6 | J4: 1 | L4: 8 | M4: 4 | N4: 8 | O4: 3 | P4: 2 | Q4: 4 | R4: 1 | S4: 2 | T4: 2 | U4: 6 | V4: 2 | W4: 4 | X4: 2 | Y4: 1 | Z4: 12 | AA4: 5 | AB4: 3 | AC4: 5 | AD4: 4 | AE4: 2 | AF4: 3 | AG4: =SUM(B4:AF4) -> 109
A5: 09:00 | B5: 5 | C5: 2 | D5: 1 | E5: 9 | F5: 3 | G5: 2 | H5: 2 | I5: 2 | J5: 2 | K5: 3 | L5: 3 | M5: 6 | N5: 7 | O5: 6 | P5: 7 | Q5: 7 | R5: 5 | S5: 4 | T5: 4 | U5: 4 | V5: 4 | W5: 2 | X5: 3 | Y5: 7 | Z5: 6 | AA5: 6 | AB5: 8 | AC5: 6 | AD5: 10 | AE5: 2 | AF5: 3 | AG5: =SUM(B5:AF5) -> 141
A6: 10:00 | B6: 5 | C6: 5 | D6: 1 | E6: 5 | F6: 3 | G6: 2 | H6: 2 | I6: 2 | J6: 4 | K6: 3 | L6: 10 | M6: 3 | N6: 4 | O6: 10 | P6: 8 | Q6: 6 | S6: 3 | T6: 1 | U6: 7 | V6: 3 | W6: 9 | X6: 5 | Y6: 3 | Z6: 5 | AA6: 6 | AB6: 6 | AC6: 5 | AD6: 5 | AE6: 4 | AF6: 7 | AG6: =SUM(B6:AF6) -> 142
A7: 11:00 | B7: 8 | C7: 7 | D7: 5 | E7: 8 | F7: 4 | G7: 4 | H7: 5 | I7: 3 | J7: 3 | K7: 3 | L7: 10 | M7: 9 | N7: 3 | O7: 12 | P7: 6 | Q7: 1 | R7: 5 | S7: 3 | T7: 6 | U7: 4 | V7: 1 | W7: 5 | X7: 7 | Y7: 6 | Z7: 14 | AA7: 8 | AB7: 5 | AC7: 6 | AD7: 7 | AE7: 7 | AF7: 1 | AG7: =SUM(B7:AF7) -> 176
A8: 12:00 | B8: 4 | C8: 7 | D8: 3 | E8: 7 | F8: 6 | G8: 5 | H8: 6 | I8: 5 | J8: 3 | K8: 6 | L8: 8 | M8: 3 | N8: 12 | O8: 18 | P8: 6 | Q8: 5 | R8: 4 | S8: 8 | T8: 4 | U8: 9 | V8: 6 | W8: 11 | X8: 5 | Y8: 8 | Z8: 6 | AA8: 7 | AB8: 12 | AC8: 6 | AD8: 10 | AE8: 8 | AF8: 7 | AG8: =SUM(B8:AF8) -> 215
A9: 13:00 | B9: 1 | C9: 5 | D9: 6 | E9: 3 | F9: 3 | G9: 2 | H9: 1 | I9: 1 | J9: 2 | K9: 4 | L9: 4 | M9: 5 | N9: 4 | O9: 7 | P9: 5 | Q9: 4 | R9: 5 | S9: 2 | T9: 2 | U9: 7 | V9: 9 | W9: 6 | X9: 3 | Y9: 3 | Z9: 9 | AA9: 6 | AB9: 5 | AC9: 2 | AD9: 1 | AE9: 1 | AF9: 6 | AG9: =SUM(B9:AF9) -> 124
A10: 14:00 | B10: 6 | C10: 3 | D10: 3 | E10: 3 | F10: 1 | G10: 1 | I10: 3 | J10: 4 | K10: 5 | L10: 3 | M10: 8 | N10: 5 | O10: 6 | P10: 3 | Q10: 4 | R10: 5 | S10: 6 | T10: 6 | U10: 2 | V10: 5 | W10: 2 | X10: 4 | Y10: 9 | Z10: 10 | AA10: 7 | AB10: 3 | AC10: 7 | AD10: 2 | AE10: 9 | AF10: 9 | AG10: =SUM(B10:AF10) -> 144
A11: 15:00 | B11: 5 | C11: 10 | D11: 4 | E11: 5 | F11: 5 | G11: 3 | H11: 5 | I11: 11 | J11: 4 | K11: 2 | L11: 3 | M11: 7 | N11: 13 | O11: 16 | P11: 5 | Q11: 7 | R11: 8 | S11: 7 | T11: 3 | U11: 2 | V11: 5 | W11: 4 | X11: 7 | Y11: 10 | Z11: 6 | AA11: 6 | AB11: 5 | AC11: 5 | AD11: 6 | AE11: 8 | AF11: 4 | AG11: =SUM(B11:AF11) -> 191
A12: 16:00 | B12: 3 | C12: 8 | D12: 4 | E12: 2 | F12: 5 | G12: 5 | H12: 9 | I12: 7 | J12: 2 | K12: 4 | L12: 13 | M12: 15 | N12: 8 | O12: 14 | P12: 17 | Q12: 6 | R12: 6 | S12: 7 | T12: 10 | U12: 7 | V12: 9 | W12: 8 | X12: 9 | Y12: 8 | Z12: 6 | AA12: 6 | AB12: 8 | AC12: 3 | AD12: 5 | AE12: 5 | AF12: 5 | AG12: =SUM(B12:AF12) -> 224
A13: 17:00 | B13: 8 | C13: 6 | D13: 7 | E13: 16 | F13: 7 | G13: 9 | H13: 12 | I13: 13 | J13: 7 | K13: 6 | L13: 12 | M13: 10 | N13: 7 | O13: 10 | P13: 14 | Q13: 5 | R13: 5 | S13: 12 | T13: 10 | U13: 10 | V13: 5 | W13: 14 | X13: 11 | Y13: 8 | Z13: 11 | AA13: 3 | AB13: 7 | AC13: 5 | AD13: 2 | AE13: 7 | AF13: 8 | AG13: =SUM(B13:AF13) -> 267
A14: 18:00 | B14: 6 | C14: 7 | D14: 3 | E14: 3 | F14: 5 | G14: 3 | H14: 5 | I14: 7 | J14: 6 | K14: 5 | L14: 10 | M14: 5 | N14: 12 | O14: 7 | P14: 8 | Q14: 4 | R14: 5 | S14: 8 | T14: 3 | U14: 6 | V14: 5 | W14: 7 | X14: 8 | Y14: 6 | Z14: 8 | AA14: 9 | AB14: 5 | AC14: 6 | AD14: 10 | AE14: 6 | AF14: 4 | AG14: =SUM(B14:AF14) -> 192
A15: 19:00 | B15: 4 | C15: 1 | D15: 5 | E15: 4 | F15: 5 | G15: 7 | H15: 6 | I15: 7 | J15: 3 | K15: 6 | L15: 8 | M15: 4 | N15: 8 | O15: 7 | P15: 5 | Q15: 4 | R15: 9 | S15: 7 | T15: 4 | U15: 7 | V15: 4 | W15: 12 | X15: 4 | Y15: 1 | Z15: 11 | AA15: 6 | AB15: 5 | AC15: 3 | AD15: 6 | AE15: 5 | AG15: =SUM(B15:AF15) -> 168
A16: 20:00 | B16: 4 | C16: 2 | D16: 8 | E16: 6 | F16: 3 | G16: 5 | H16: 4 | I16: 4 | J16: 2 | L16: 1 | M16: 6 | N16: 6 | O16: 2 | P16: 2 | Q16: 3 | R16: 6 | S16: 5 | T16: 2 | U16: 4 | V16: 3 | W16: 6 | X16: 4 | Y16: 6 | Z16: 4 | AA16: 3 | AB16: 6 | AC16: 6 | AD16: 1 | AE16: 3 | AF16: 2 | AG16: =SUM(B16:AF16) -> 119
A17: 21:00 | B17: 3 | C17: 2 | D17: 4 | E17: 5 | F17: 4 | G17: 2 | H17: 2 | I17: 3 | J17: 3 | K17: 8 | L17: 6 | M17: 6 | N17: 2 | O17: 3 | P17: 2 | Q17: 6 | R17: 2 | S17: 1 | T17: 3 | U17: 7 | V17: 3 | W17: 6 | X17: 2 | Y17: 2 | Z17: 1 | AA17: 2 | AB17: 2 | AC17: 3 | AD17: 2 | AE17: 1 | AF17: 1 | AG17: =SUM(B17:AF17) -> 99
A18: 22:00 | B18: 1 | C18: 4 | D18: 2 | E18: 1 | F18: 2 | G18: 3 | H18: 3 | I18: 4 | J18: 1 | K18: 5 | L18: 3 | M18: 2 | N18: 1 | O18: 2 | Q18: 3 | R18: 2 | S18: 3 | U18: 5 | V18: 1 | W18: 4 | X18: 1 | Z18: 1 | AA18: 2 | AB18: 2 | AC18: 3 | AE18: 3 | AF18: 2 | AG18: =SUM(B18:AF18) -> 66
A19: 23:00 | B19: 2 | C19: 4 | E19: 4 | G19: 3 | H19: 4 | I19: 3 | K19: 5 | L19: 1 | M19: 3 | N19: 2 | O19: 1 | P19: 4 | Q19: 1 | R19: 1 | S19: 2 | T19: 2 | U19: 2 | V19: 1 | W19: 1 | X19: 2 | Y19: 2 | Z19: 4 | AA19: 1 | AB19: 7 | AC19: 1 | AD19: 5 | AE19: 6 | AF19: 3 | AG19: =SUM(B19:AF19) -> 77
A20: 00:00 | B20: 2 | C20: 1 | D20: 2 | E20: 1 | F20: 2 | H20: 3 | I20: 2 | J20: 3 | K20: 2 | L20: 1 | M20: 2 | N20: 4 | O20: 2 | P20: 2 | Q20: 2 | S20: 2 | T20: 3 | U20: 2 | V20: 2 | W20: 4 | X20: 2 | Y20: 1 | Z20: 2 | AB20: 2 | AC20: 1 | AD20: 2 | AE20: 3 | AF20: 4 | AG20: =SUM(B20:AF20) -> 61
A21: 01:00 | B21: 1 | C21: 1 | D21: 4 | E21: 1 | G21: 1 | J21: 3 | K21: 1 | L21: 2 | M21: 1 | N21: 2 | O21: 1 | P21: 1 | Q21: 1 | S21: 2 | T21: 2 | V21: 2 | W21: 2 | X21: 2 | AC21: 2 | AD21: 5 | AE21: 2 | AG21: =SUM(B21:AF21) -> 39
A22: 02:00 | C22: 2 | D22: 1 | E22: 2 | F22: 1 | H22: 1 | I22: 4 | J22: 4 | K22: 1 | L22: 1 | M22: 3 | P22: 2 | U22: 1 | AE22: 1 | AG22: =SUM(B22:AF22) -> 24
A23: 03:00 | C23: 1 | D23: 2 | E23: 1 | F23: 3 | I23: 2 | J23: 1 | L23: 1 | N23: 1 | P23: 2 | U23: 1 | W23: 2 | AA23: 2 | AB23: 1 | AG23: =SUM(B23:AF23) -> 20
A24: 04:00 | C24: 1 | F24: 2 | H24: 1 | I24: 1 | J24: 1 | L24: 1 | M24: 1 | N24: 2 | O24: 1 | Q24: 1 | U24: 1 | V24: 1 | W24: 1 | Y24: 2 | AC24: 1 | AE24: 1 | AF24: 1 | AG24: =SUM(B24:AF24) -> 20
A25: 05:00 | B25: 1 | D25: 2 | J25: 1 | O25: 1 | Q25: 1 | U25: 1 | W25: 1 | X25: 1 | Y25: 3 | AA25: 1 | AF25: 2 | AG25: =SUM(B25:AF25) -> 15
A26: 06:00 | B26: 1 | G26: 1 | H26: 1 | M26: 1 | N26: 1 | O26: 1 | T26: 3 | W26: 1 | AF26: 1 | AG26: =SUM(B26:AF26) -> 11
A27: 07:00 | B27: 1 | D27: 1 | G27: 1 | I27: 1 | L27: 2 | P27: 1 | S27: 1 | T27: 1 | U27: 1 | V27: 1 | Z27: 1 | AA27: 1 | AC27: 1 | AD27: 1 | AG27: =SUM(B27:AF27) -> 15
A28: Total de atendidos | B28: =SUM(B29:B52) -> 71 | C28: =SUM(C29:C52) -> 75 | D28: =SUM(D29:D52) -> 68 | E28: =SUM(E29:E52) -> 84 | F28: =SUM(F29:F52) -> 63 | G28: =SUM(G29:G52) -> 57 | H28: =SUM(H29:H52) -> 69 | I28: =SUM(I29:I52) -> 84 | ... AF28: =SUM(AF29:AF52) -> 72 | AG28: =SUM(B28:AF28) -> 2536
A29: 08:00 | B29: 2 | D29: 1 | E29: 2 | F29: 3 | G29: 1 | I29: 1 | J29: 1 | L29: 2 | M29: 2 | N29: 3 | O29: 1 | P29: 2 | Q29: 1 | S29: 2 | T29: 2 | U29: 2 | V29: 3 | W29: 1 | X29: 2 | Y29: 1 | Z29: 1 | AA29: 2 | AB29: 1 | AE29: 1 | AG29: =SUM(B29:AF29) -> 40
A30: 09:00 | B30: 3 | C30: 1 | D30: 2 | E30: 9 | F30: 1 | G30: 3 | H30: 3 | I30: 6 | K30: 3 | L30: 4 | M30: 2 | N30: 6 | O30: 6 | P30: 3 | Q30: 5 | R30: 4 | S30: 3 | T30: 3 | U30: 6 | V30: 1 | W30: 5 | X30: 1 | Y30: 2 | Z30: 13 | AA30: 5 | AB30: 7 | AC30: 9 | AD30: 9 | AE30: 2 | AF30: 5 | AG30: =SUM(B30:AF30) -> 132
A31: 10:00 | B31: 3 | C31: 4 | E31: 5 | F31: 4 | G31: 2 | H31: 2 | I31: 2 | J31: 4 | K31: 3 | L31: 3 | M31: 7 | N31: 4 | O31: 8 | P31: 5 | Q31: 3 | R31: 2 | S31: 3 | T31: 2 | U31: 4 | V31: 6 | W31: 3 | X31: 5 | Y31: 6 | Z31: 7 | AA31: 7 | AB31: 9 | AC31: 6 | AD31: 7 | AE31: 4 | AF31: 1 | AG31: =SUM(B31:AF31) -> 131
A32: 11:00 | B32: 8 | C32: 2 | D32: 5 | E32: 5 | F32: 1 | G32: 2 | H32: 4 | I32: 2 | J32: 4 | K32: 3 | L32: 6 | M32: 2 | N32: 5 | O32: 8 | P32: 8 | Q32: 9 | R32: 3 | S32: 3 | T32: 4 | U32: 8 | V32: 1 | W32: 8 | X32: 5 | Y32: 6 | Z32: 5 | AA32: 4 | AB32: 5 | AC32: 5 | AD32: 3 | AE32: 5 | AF32: 5 | AG32: =SUM(B32:AF32) -> 144
A33: 12:00 | B33: 4 | C33: 9 | D33: 2 | E33: 7 | F33: 10 | G33: 5 | H33: 4 | I33: 5 | J33: 2 | K33: 3 | L33: 8 | M33: 6 | N33: 5 | O33: 20 | P33: 5 | Q33: 2 | R33: 4 | S33: 6 | T33: 4 | U33: 7 | V33: 5 | W33: 8 | X33: 4 | Y33: 3 | Z33: 11 | AA33: 8 | AB33: 7 | AC33: 6 | AD33: 4 | AE33: 7 | AF33: 4 | AG33: =SUM(B33:AF33) -> 185
A34: 13:00 | B34: 3 | C34: 6 | D34: 7 | E34: 1 | F34: 1 | G34: 1 | H34: 2 | I34: 2 | J34: 3 | K34: 5 | L34: 5 | M34: 4 | N34: 4 | O34: 9 | P34: 9 | Q34: 6 | R34: 5 | S34: 4 | T34: 4 | U34: 7 | V34: 8 | W34: 8 | X34: 5 | Y34: 9 | Z34: 9 | AA34: 7 | AB34: 6 | AC34: 3 | AD34: 5 | AE34: 3 | AF34: 8 | AG34: =SUM(B34:AF34) -> 159
A35: 14:00 | B35: 3 | C35: 4 | D35: 2 | E35: 4 | F35: 1 | G35: 3 | H35: 1 | I35: 3 | J35: 3 | K35: 3 | L35: 5 | M35: 5 | N35: 3 | O35: 1 | P35: 2 | Q35: 2 | R35: 3 | S35: 2 | T35: 4 | U35: 4 | V35: 6 | W35: 1 | X35: 6 | Y35: 7 | Z35: 6 | AA35: 9 | AB35: 6 | AC35: 6 | AD35: 1 | AE35: 8 | AF35: 7 | AG35: =SUM(B35:AF35) -> 121
A36: 15:00 | B36: 4 | C36: 3 | D36: 5 | E36: 3 | F36: 4 | G36: 2 | H36: 4 | I36: 2 | J36: 3 | K36: 4 | L36: 3 | M36: 6 | N36: 16 | O36: 12 | P36: 5 | Q36: 3 | R36: 9 | S36: 7 | T36: 4 | U36: 1 | V36: 4 | W36: 4 | X36: 7 | Y36: 8 | Z36: 8 | AA36: 4 | AB36: 3 | AC36: 5 | AD36: 3 | AE36: 5 | AF36: 6 | AG36: =SUM(B36:AF36) -> 157
A37: 16:00 | B37: 6 | C37: 8 | D37: 2 | E37: 4 | F37: 5 | G37: 1 | H37: 3 | I37: 13 | J37: 1 | K37: 3 | L37: 4 | M37: 12 | N37: 9 | O37: 10 | P37: 13 | Q37: 10 | R37: 6 | S37: 4 | T37: 7 | U37: 5 | V37: 7 | W37: 4 | X37: 3 | Y37: 8 | Z37: 10 | AA37: 7 | AB37: 7 | AC37: 4 | AD37: 6 | AE37: 7 | AF37: 7 | AG37: =SUM(B37:AF37) -> 196
A38: 17:00 | B38: 4 | C38: 6 | D38: 5 | E38: 4 | F38: 4 | G38: 2 | H38: 5 | I38: 5 | J38: 7 | K38: 5 | L38: 9 | M38: 7 | N38: 6 | O38: 8 | P38: 9 | Q38: 5 | R38: 6 | S38: 9 | T38: 6 | U38: 8 | V38: 8 | W38: 10 | X38: 11 | Y38: 7 | Z38: 6 | AA38: 4 | AB38: 8 | AC38: 4 | AD38: 5 | AE38: 5 | AF38: 2 | AG38: =SUM(B38:AF38) -> 190
A39: 18:00 | B39: 8 | C39: 4 | D39: 4 | E39: 7 | F39: 5 | G39: 6 | H39: 9 | I39: 7 | J39: 7 | K39: 4 | L39: 11 | M39: 5 | N39: 7 | O39: 10 | P39: 11 | Q39: 5 | R39: 7 | S39: 9 | T39: 11 | U39: 6 | V39: 5 | W39: 12 | X39: 6 | Y39: 6 | Z39: 13 | AA39: 11 | AB39: 4 | AC39: 5 | AD39: 7 | AE39: 8 | AF39: 10 | AG39: =SUM(B39:AF39) -> 230
A40: 19:00 | B40: 6 | C40: 5 | D40: 3 | E40: 8 | F40: 7 | G40: 9 | H40: 10 | I40: 8 | J40: 4 | K40: 4 | L40: 10 | M40: 7 | N40: 10 | O40: 11 | P40: 8 | Q40: 6 | R40: 6 | S40: 8 | T40: 4 | U40: 4 | V40: 4 | W40: 12 | X40: 8 | Y40: 4 | Z40: 11 | AA40: 6 | AB40: 4 | AC40: 5 | AD40: 6 | AE40: 4 | AF40: 1 | AG40: =SUM(B40:AF40) -> 203
A41: 20:00 | B41: 3 | C41: 3 | D41: 4 | E41: 7 | F41: 1 | G41: 7 | H41: 5 | I41: 7 | J41: 1 | K41: 5 | L41: 5 | M41: 7 | N41: 7 | O41: 3 | P41: 2 | R41: 4 | S41: 9 | T41: 1 | U41: 4 | V41: 4 | W41: 7 | X41: 2 | Y41: 5 | Z41: 7 | AA41: 3 | AB41: 9 | AC41: 6 | AD41: 3 | AE41: 4 | AF41: 1 | AG41: =SUM(B41:AF41) -> 136
A42: 21:00 | B42: 4 | C42: 5 | D42: 10 | E42: 7 | F42: 5 | G42: 3 | H42: 4 | I42: 3 | J42: 4 | K42: 4 | L42: 6 | M42: 10 | N42: 4 | O42: 3 | P42: 2 | Q42: 3 | R42: 6 | S42: 2 | T42: 4 | U42: 7 | V42: 2 | W42: 4 | X42: 4 | Y42: 2 | Z42: 1 | AA42: 2 | AB42: 4 | AC42: 3 | AD42: 2 | AE42: 3 | AF42: 2 | AG42: =SUM(B42:AF42) -> 125
A43: 22:00 | B43: 2 | C43: 5 | D43: 3 | E43: 2 | F43: 3 | G43: 3 | H43: 3 | I43: 6 | J43: 2 | K43: 6 | L43: 3 | M43: 4 | N43: 2 | O43: 2 | P43: 1 | Q43: 8 | S43: 3 | U43: 5 | V43: 1 | W43: 7 | Z43: 2 | AA43: 3 | AB43: 2 | AC43: 4 | AD43: 1 | AE43: 4 | AF43: 2 | AG43: =SUM(B43:AF43) -> 89
A44: 23:00 | B44: 2 | C44: 2 | D44: 2 | E44: 3 | G44: 4 | H44: 4 | I44: 3 | K44: 7 | L44: 4 | M44: 4 | N44: 3 | O44: 1 | P44: 1 | Q44: 2 | R44: 3 | S44: 2 | T44: 1 | U44: 4 | V44: 1 | W44: 3 | X44: 2 | Y44: 1 | Z44: 3 | AA44: 1 | AB44: 6 | AC44: 1 | AD44: 4 | AE44: 3 | AF44: 2 | AG44: =SUM(B44:AF44) -> 79
A45: 00:00 | B45: 1 | C45: 2 | E45: 1 | F45: 1 | H45: 3 | I45: 2 | J45: 2 | K45: 4 | L45: 4 | M45: 2 | N45: 4 | O45: 1 | P45: 4 | Q45: 2 | S45: 2 | T45: 3 | U45: 2 | V45: 2 | W45: 4 | X45: 1 | Y45: 1 | Z45: 3 | AB45: 2 | AC45: 1 | AD45: 3 | AE45: 4 | AF45: 4 | AG45: =SUM(B45:AF45) -> 65
A46: 01:00 | B46: 2 | C46: 1 | D46: 4 | E46: 1 | F46: 1 | J46: 4 | M46: 1 | N46: 2 | O46: 1 | P46: 2 | Q46: 1 | S46: 2 | T46: 3 | V46: 3 | X46: 4 | Y46: 1 | AB46: 1 | AC46: 2 | AD46: 2 | AE46: 2 | AF46: 1 | AG46: =SUM(B46:AF46) -> 41
A47: 02:00 | C47: 2 | D47: 2 | E47: 1 | F47: 1 | G47: 1 | H47: 1 | I47: 2 | J47: 3 | K47: 2 | L47: 3 | M47: 3 | O47: 1 | P47: 2 | U47: 1 | W47: 1 | AD47: 2 | AE47: 2 | AG47: =SUM(B47:AF47) -> 30
A48: 03:00 | C48: 1 | D48: 2 | E48: 2 | F48: 3 | I48: 2 | J48: 2 | P48: 2 | U48: 1 | W48: 1 | AA48: 2 | AB48: 1 | AG48: =SUM(B48:AF48) -> 19
A49: 04:00 | E49: 1 | F49: 2 | H49: 1 | I49: 2 | J49: 1 | L49: 1 | M49: 1 | N49: 2 | Q49: 1 | V49: 1 | W49: 2 | Y49: 2 | AC49: 1 | AE49: 1 | AF49: 1 | AG49: =SUM(B49:AF49) -> 20
A50: 05:00 | C50: 2 | D50: 1 | J50: 1 | L50: 1 | N50: 1 | O50: 2 | U50: 2 | W50: 1 | Y50: 1 | AA50: 1 | AF50: 2 | AG50: =SUM(B50:AF50) -> 15
A51: 06:00 | B51: 2 | D51: 1 | G51: 1 | H51: 1 | M51: 1 | N51: 1 | O51: 1 | Q51: 1 | T51: 3 | X51: 1 | Y51: 1 | AF51: 1 | AG51: =SUM(B51:AF51) -> 15
A52: 07:00 | B52: 1 | D52: 1 | G52: 1 | I52: 1 | L52: 2 | S52: 1 | T52: 1 | U52: 1 | W52: 1 | Z52: 1 | AA52: 1 | AC52: 1 | AD52: 1 | AG52: =SUM(B52:AF52) -> 14
A53: Total de NSP | B53: =SUM(B54:B77) -> 2 | C53: =SUM(C54:C77) -> 4 | D53: =SUM(D54:D77) -> 2 | E53: =SUM(E54:E77) -> 10 | F53: =SUM(F54:F77) -> 5 | G53: =SUM(G54:G77) -> 4 | H53: =SUM(H54:H77) -> 4 | I53: =SUM(I54:I77) -> 7 | ... AF53: =SUM(AF54:AF77) -> 1 | AG53: =SUM(B53:AF53) -> 123
A54: 08:00 | E54: 2 | I54: 1 | L54: 2 | M54: 1 | O54: 1 | AG54: =SUM(B54:AF54) -> 7
A55: 09:00 | B55: 1 | F55: 1 | G55: 1 | L55: 2 | N55: 1 | P55: 2 | AD55: 1 | AG55: =SUM(B55:AF55) -> 9
A56: 10:00 | B56: 1 | C56: 1 | E56: 3 | N56: 1 | AD56: 1 | AG56: =SUM(B56:AF56) -> 7
A57: 11:00 | E57: 2 | G57: 1 | H57: 1 | J57: 1 | L57: 2 | M57: 3 | AD57: 1 | AG57: =SUM(B57:AF57) -> 11
A58: 12:00 | L58: 2 | N58: 1 | S58: 1 | U58: 1 | AD58: 1 | AE58: 1 | AG58: =SUM(B58:AF58) -> 7
A59: 13:00 | C59: 1 | E59: 2 | L59: 1 | M59: 1 | O59: 1 | W59: 1 | AD59: 2 | AG59: =SUM(B59:AF59) -> 9
A60: 14:00 | L60: 1 | N60: 2 | AD60: 1 | AF60: 1 | AG60: =SUM(B60:AF60) -> 5
A61: 15:00 | D61: 1 | E61: 1 | F61: 1 | G61: 1 | I61: 1 | L61: 1 | N61: 1 | O61: 2 | W61: 1 | Y61: 1 | AD61: 1 | AG61: =SUM(B61:AF61) -> 12
A62: 16:00 | F62: 1 | G62: 1 | I62: 2 | M62: 1 | O62: 2 | P62: 1 | U62: 1 | X62: 1 | AD62: 1 | AG62: =SUM(B62:AF62) -> 11
A63: 17:00 | H63: 1 | N63: 1 | O63: 1 | S63: 1 | U63: 3 | Y63: 1 | AG63: =SUM(B63:AF63) -> 8
A64: 18:00 | C64: 1 | F64: 1 | O64: 2 | P64: 2 | S64: 1 | U64: 1 | W64: 1 | X64: 4 | Y64: 2 | AG64: =SUM(B64:AF64) -> 15
A65: 19:00 | F65: 1 | H65: 2 | N65: 1 | O65: 2 | P65: 1 | R65: 1 | S65: 1 | W65: 1 | AG65: =SUM(B65:AF65) -> 10
A66: 20:00 | I66: 1 | U66: 1 | AG66: =SUM(B66:AF66) -> 2
A67: 21:00 | L67: 1 | AG67: =SUM(B67:AF67) -> 1
A68: 22:00 | K68: 1 | AG68: =SUM(B68:AF68) -> 1
A69: 23:00 | C69: 1 | I69: 1 | AE69: 1 | AG69: =SUM(B69:AF69) -> 3
A70: 00:00 | AG70: =SUM(B70:AF70) -> 0
A71: 01:00 | I71: 1 | W71: 1 | AD71: 1 | AG71: =SUM(B71:AF71) -> 3
A72: 02:00 | D72: 1 | AG72: =SUM(B72:AF72) -> 1
A73: 03:00 | AG73: =SUM(B73:AF73) -> 0
A74: 04:00 | AG74: =SUM(B74:AF74) -> 0
A75: 05:00 | Y75: 1 | AG75: =SUM(B75:AF75) -> 1
A76: 06:00 | AG76: =SUM(B76:AF76) -> 0
A77: 07:00 | AG77: =SUM(B77:AF77) -> 0
A78: TOTAL PACIENTES INSCRITOS | B78: =SUM(B79:B80) -> 73 | C78: =SUM(C79:C80) -> 79 | D78: =SUM(D79:D80) -> 70 | E78: =SUM(E79:E80) -> 94 | F78: =SUM(F79:F80) -> 68 | G78: =SUM(G79:G80) -> 61 | H78: =SUM(H79:H80) -> 73 | I78: =SUM(I79:I80) -> 91 | ... AF78: =SUM(AF79:AF80) -> 73 | AG78: =SUM(B78:AF78) -> 2659
A79: SAR | B79: =SUM(B4:B27)-B80 -> 73 | C79: =SUM(C4:C27)-C80 -> 79 | D79: =SUM(D4:D27)-D80 -> 70 | E79: =SUM(E4:E27)-E80 -> 94 | F79: =SUM(F4:F27)-F80 -> 34 | G79: =SUM(G4:G27)-G80 -> 35 | H79: =SUM(H4:H27)-H80 -> 42 | I79: =SUM(I4:I27)-I80 -> 91 | ... AF79: =SUM(AF4:AF27)-AF80 -> 28 | AG79: =SUM(B79:AF79) -> 1884
A80: PAR | D80: 0 | E80: 0 | F80: =SUM(F4:F12) -> 34 | G80: =SUM(G4:G12) -> 26 | H80: =SUM(H4:H12) -> 31 | K80: 0 | L80: 0 | M80: =SUM(M4:M12) -> 60 | N80: =SUM(N4:N12) -> 64 | O80: =SUM(O4:O12) -> 92 | R80: =SUM(R4:R12) -> 39 | S80: =SUM(S4:S12) -> 42 | T80: =SUM(T4:T12) -> 38 | U80: =SUM(U4:U12) -> 48 | V80: =SUM(V4:V12) -> 44 | Y80: =SUM(Y4:Y12) -> 55 | AA80: =SUM(AA4:AA12) -> 57 | AB80: =SUM(AB4:AB12) -> 55 | AC80: =SUM(AC4:AC12) -> 45 | AF80: =SUM(AF4:AF12) -> 45 | AG80: =SUM(B80:AF80) -> 775
A81: TOTAL NSP | B81: =SUM(B82:B83) -> 2 | C81: =SUM(C82:C83) -> 4 | D81: =SUM(D82:D83) -> 2 | E81: =SUM(E82:E83) -> 10 | F81: =SUM(F82:F83) -> 5 | G81: =SUM(G82:G83) -> 4 | H81: =SUM(H82:H83) -> 4 | I81: =SUM(I82:I83) -> 7 | ... AF81: =SUM(AF82:AF83) -> 1 | AG81: =SUM(B81:AF81) -> 123 | AH81: =IF(AG81<>AG53,"*","")
A82: PAR | E82: =SUM(E54:E62) -> 10 | F82: =SUM(F54:F62) -> 3 | G82: =SUM(G54:G62) -> 4 | H82: =SUM(H54:H62) -> 1 | I82: =SUM(I54:I62) -> 4 | L82: =SUM(L54:L62) -> 11 | M82: =SUM(M54:M62) -> 6 | N82: =SUM(N54:N62) -> 6 | O82: =SUM(O54:O62) -> 6 | P82: =SUM(P54:P62) -> 3 | S82: =SUM(S54:S62) -> 1 | T82: =SUM(T54:T62) -> 0 | U82: =SUM(U54:U62) -> 2 | W82: =SUM(W54:W62) -> 2 | Z82: =SUM(Z54:Z62) -> 0 | AA82: =SUM(AA54:AA62) -> 0 | AB82: =SUM(AB54:AB62) -> 0 | AC82: =SUM(AC54:AC62) -> 0 | AD82: =SUM(AD54:AD62) -> 9 | AG82: =SUM(B82:AF82) -> 68
A83: SAR | B83: =SUM(B54:B77)-B82 -> 2 | C83: =SUM(C54:C77)-C82 -> 4 | D83: =SUM(D54:D77)-D82 -> 2 | E83: =SUM(E54:E77)-E82 -> 0 | F83: =SUM(F54:F77)-F82 -> 2 | G83: =SUM(G54:G77)-G82 -> 0 | H83: =SUM(H54:H77)-H82 -> 3 | I83: =SUM(I54:I77)-I82 -> 3 | ... AF83: =SUM(AF54:AF77)-AF82 -> 1 | AG83: =SUM(B83:AF83) -> 55
A84: NSP PEDIATR. / ADULTOS | B84: =SUM(B85:B86) -> 2 | C84: =SUM(C85:C86) -> 4 | D84: =SUM(D85:D86) -> 2 | E84: =SUM(E85:E86) -> 10 | F84: =SUM(F85:F86) -> 5 | G84: =SUM(G85:G86) -> 4 | H84: =SUM(H85:H86) -> 4 | I84: =SUM(I85:I86) -> 7 | ... AF84: =SUM(AF85:AF86) -> 1 | AG84: =SUM(B84:AF84) -> 123 | AH84: =IF(AG84<>AG82+AG83,"*","") | AI84: NSP
A85: NSP PEDIATRICOS (<15 AÑOS) | B85: 1 | C85: 0 | D85: 1 | E85: 0 | F85: 0 | G85: 0 | H85: 1 | I85: 0 | J85: 0 | K85: 0 | L85: 1 | M85: 0 | N85: 1 | O85: 1 | P85: 1 | Q85: 0 | R85: 0 | S85: 0 | T85: 0 | U85: 0 | V85: 0 | W85: 0 | X85: 3 | Y85: 0 | Z85: 0 | AA85: 0 | AB85: 0 | AC85: 0 | AD85: 0 | AE85: 1 | AF85: 0 | AG85: =SUM(B85:AF85) -> 11
A86: NSP ADULTOS | B86: 1 | C86: 4 | D86: 1 | E86: 10 | F86: 5 | G86: 4 | H86: 3 | I86: 7 | J86: 1 | K86: 1 | L86: 11 | M86: 6 | N86: 7 | O86: 10 | P86: 5 | Q86: 0 | R86: 1 | S86: 4 | T86: 0 | U86: 7 | V86: 0 | W86: 5 | X86: 2 | Y86: 5 | Z86: 0 | AA86: 0 | AB86: 0 | AC86: 0 | AD86: 10 | AE86: 1 | AF86: 1 | AG86: =SUM(B86:AF86) -> 112
A87: NSP CATEGORIZACION | B87: =SUM(B88:B92) -> 2 | C87: =SUM(C88:C92) -> 4 | D87: =SUM(D88:D92) -> 2 | E87: =SUM(E88:E92) -> 10 | F87: =SUM(F88:F92) -> 5 | G87: =SUM(G88:G92) -> 4 | H87: =SUM(H88:H92) -> 4 | I87: =SUM(I88:I92) -> 7 | ... AF87: =SUM(AF88:AF92) -> 1 | AG87: =SUM(B87:AF87) -> 123 | AH87: =IF(AG87<>AG84,"*","")
A88: SIN CATEGORIZACIÓN nsp | B88: 2 | C88: 1 | D88: 1 | E88: 9 | F88: 4 | G88: 4 | H88: 4 | I88: 5 | J88: 1 | K88: 1 | L88: 9 | M88: 6 | N88: 6 | O88: 6 | P88: 3 | R88: 1 | S88: 2 | U88: 7 | W88: 1 | X88: 1 | Y88: 1 | AD88: 6 | AE88: 1 | AF88: 1 | AG88: =SUM(B88:AF88) -> 83
A89: C2 | AG89: =SUM(B89:AF89) -> 0
A90: C3 | AG90: =SUM(B90:AF90) -> 0
A91: C4 | C91: 1 | E91: 1 | L91: 1 | O91: 1 | S91: 1 | W91: 2 | Y91: 3 | AE91: 1 | AG91: =SUM(B91:AF91) -> 11
A92: C5 | C92: 2 | D92: 1 | F92: 1 | I92: 2 | L92: 2 | N92: 2 | O92: 4 | P92: 3 | S92: 1 | W92: 2 | X92: 4 | Y92: 1 | AD92: 4 | AG92: =SUM(B92:AF92) -> 29
A93: TOTAL PACIENTES ATENDIDOS | B93: =+B94+B100 -> 71 | C93: =+C94+C100 -> 75 | D93: =+D94+D100 -> 68 | E93: =+E94+E100 -> 84 | F93: =+F94+F100 -> 63 | G93: =+G94+G100 -> 57 | H93: =+H94+H100 -> 69 | I93: =+I94+I100 -> 84 | ... AF93: =+AF94+AF100 -> 72 | AG93: =SUM(B93:AF93) -> 2536 | AH93: =IF(AG93<>AG28,"*","")
A94: Menor 15 años | B94: =SUM(B95:B99) -> 5 | C94: =SUM(C95:C99) -> 5 | D94: =SUM(D95:D99) -> 9 | E94: =SUM(E95:E99) -> 3 | F94: =SUM(F95:F99) -> 4 | G94: =SUM(G95:G99) -> 3 | H94: =SUM(H95:H99) -> 5 | I94: =SUM(I95:I99) -> 5 | ... AF94: =SUM(AF95:AF99) -> 5 | AG94: =SUM(B94:AF94) -> 165
A95: Menor 1 Año | I95: 1 | K95: 1 | M95: 1 | N95: 1 | P95: 1 | Q95: 1 | U95: 2 | AB95: 2 | AC95: 1 | AE95: 1 | AF95: 1 | AG95: =SUM(B95:AF95) -> 13
A96: 1 Año | C96: 1 | K96: 1 | N96: 1 | S96: 1 | V96: 1 | AG96: =SUM(B96:AF96) -> 5
A97: 2 - 4 | B97: 2 | C97: 2 | E97: 1 | F97: 1 | H97: 2 | I97: 1 | K97: 2 | L97: 3 | M97: 2 | N97: 2 | Q97: 1 | R97: 2 | S97: 1 | X97: 1 | Z97: 4 | AA97: 1 | AB97: 2 | AD97: 1 | AE97: 1 | AG97: =SUM(B97:AF97) -> 32
A98: 5 - 9 | B98: 3 | C98: 1 | D98: 5 | F98: 1 | H98: 2 | J98: 1 | K98: 3 | L98: 2 | M98: 1 | N98: 3 | O98: 4 | P98: 2 | Q98: 3 | R98: 2 | S98: 3 | T98: 2 | V98: 2 | W98: 4 | X98: 1 | Y98: 2 | AA98: 1 | AB98: 4 | AD98: 1 | AE98: 3 | AG98: =SUM(B98:AF98) -> 56
A99: 10 - 14 | C99: 1 | D99: 4 | E99: 2 | F99: 2 | G99: 3 | H99: 1 | I99: 3 | J99: 1 | M99: 1 | N99: 2 | Q99: 2 | R99: 4 | S99: 3 | T99: 3 | U99: 3 | V99: 3 | W99: 1 | X99: 1 | Y99: 3 | Z99: 2 | AA99: 1 | AB99: 2 | AC99: 5 | AE99: 2 | AF99: 4 | AG99: =SUM(B99:AF99) -> 59
A100: Mayor de 15 años | B100: =SUM(B101:B115) -> 66 | C100: =SUM(C101:C115) -> 70 | D100: =SUM(D101:D115) -> 59 | E100: =SUM(E101:E115) -> 81 | F100: =SUM(F101:F115) -> 59 | G100: =SUM(G101:G115) -> 54 | H100: =SUM(H101:H115) -> 64 | I100: =SUM(I101:I115) -> 79 | ... AF100: =SUM(AF101:AF115) -> 67 | AG100: =SUM(B100:AF100) -> 2371
A101: 15 - 19 | B101: 3 | C101: 2 | D101: 5 | E101: 1 | F101: 1 | G101: 6 | H101: 3 | I101: 9 | J101: 2 | K101: 7 | L101: 5 | M101: 6 | N101: 4 | O101: 4 | P101: 5 | Q101: 4 | R101: 5 | S101: 3 | T101: 5 | U101: 2 | V101: 2 | W101: 8 | X101: 6 | Y101: 3 | Z101: 3 | AA101: 5 | AB101: 1 | AC101: 1 | AD101: 1 | AE101: 5 | AF101: 6 | AG101: =SUM(B101:AF101) -> 123
...

Sheet JUNIO
A2: JUNIO | B2: 1 | C2: =+B2+1 -> 2 | D2: =+C2+1 -> 3 | E2: =+D2+1 -> 4 | F2: =+E2+1 -> 5 | G2: =+F2+1 -> 6 | H2: =+G2+1 -> 7 | I2: =+H2+1 -> 8 | J2: =+I2+1 -> 9 | ... AA2: =+Z2+1 -> 26 | AB2: 27 | AC2: =+AB2+1 -> 28 | AD2: 29 | AE2: 30 | AF2: 31 | AG2: TOTAL
A3: Total de Inscritos | B3: =SUM(B4:B27) -> 91 | C3: =SUM(C4:C27) -> 74 | D3: =SUM(D4:D27) -> 102 | E3: =SUM(E4:E27) -> 95 | F3: =SUM(F4:F27) -> 105 | G3: =SUM(G4:G27) -> 61 | H3: =SUM(H4:H27) -> 81 | I3: =SUM(I4:I27) -> 117 | ... AF3: =SUM(AF4:AF27) -> 0 | AG3: =SUM(B3:AF3) -> 2845
A4: 08:00 | B4: 5 | C4: 3 | D4: 3 | E4: 6 | F4: 2 | G4: 1 | I4: 5 | J4: 7 | K4: 4 | L4: 2 | M4: 9 | O4: 1 | P4: 9 | Q4: 2 | R4: 1 | S4: 3 | T4: 2 | U4: 2 | V4: 2 | W4: 4 | X4: 7 | Y4: 5 | Z4: 7 | AA4: 10 | AB4: 1 | AC4: 1 | AE4: 9 | AG4: =SUM(B4:AF4) -> 113
A5: 09:00 | B5: 5 | C5: 7 | D5: 11 | E5: 4 | F5: 5 | G5: 3 | H5: 4 | I5: 8 | J5: 6 | K5: 3 | L5: 9 | M5: 7 | N5: 4 | O5: 2 | P5: 7 | Q5: 4 | R5: 3 | S5: 3 | T5: 2 | U5: 3 | V5: 5 | W5: 10 | X5: 7 | Y5: 2 | Z5: 12 | AA5: 6 | AB5: 3 | AD5: 2 | AE5: 7 | AG5: =SUM(B5:AF5) -> 154
A6: 10:00 | B6: 3 | C6: 2 | D6: 6 | E6: 7 | F6: 3 | G6: 3 | H6: 4 | I6: 11 | J6: 9 | K6: 10 | L6: 7 | M6: 9 | N6: 5 | O6: 1 | P6: 4 | Q6: 3 | R6: 8 | S6: 4 | T6: 7 | U6: 4 | V6: 5 | W6: 5 | X6: 8 | Y6: 2 | Z6: 8 | AA6: 6 | AB6: 5 | AC6: 6 | AD6: 2 | AE6: 9 | AG6: =SUM(B6:AF6) -> 166
A7: 11:00 | B7: 8 | C7: 6 | D7: 8 | E7: 7 | F7: 8 | G7: 2 | H7: 5 | I7: 5 | J7: 6 | K7: 11 | L7: 18 | M7: 13 | N7: 4 | O7: 5 | P7: 9 | Q7: 10 | R7: 7 | S7: 8 | T7: 10 | U7: 6 | V7: 3 | W7: 8 | X7: 7 | Y7: 7 | Z7: 15 | AA7: 6 | AB7: 7 | AC7: 8 | AD7: 4 | AE7: 9 | AG7: =SUM(B7:AF7) -> 230
A8: 12:00 | B8: 7 | C8: 5 | D8: 5 | E8: 3 | F8: 6 | G8: 3 | H8: 10 | I8: 6 | J8: 9 | K8: 12 | L8: 14 | M8: 15 | N8: 7 | O8: 6 | P8: 5 | Q8: 6 | R8: 7 | S8: 3 | T8: 5 | U8: 10 | V8: 7 | W8: 10 | X8: 11 | Y8: 7 | Z8: 10 | AA8: 8 | AB8: 2 | AC8: 3 | AD8: 7 | AE8: 5 | AG8: =SUM(B8:AF8) -> 214
A9: 13:00 | B9: 5 | C9: 3 | D9: 5 | E9: 3 | F9: 10 | G9: 6 | H9: 7 | I9: 2 | J9: 4 | K9: 9 | L9: 7 | M9: 6 | N9: 5 | O9: 4 | P9: 6 | Q9: 2 | R9: 8 | T9: 10 | U9: 3 | V9: 8 | W9: 9 | X9: 5 | Y9: 8 | Z9: 2 | AA9: 8 | AB9: 9 | AC9: 4 | AD9: 1 | AE9: 8 | AG9: =SUM(B9:AF9) -> 167
A10: 14:00 | B10: 5 | C10: 4 | D10: 8 | E10: 6 | F10: 2 | G10: 3 | H10: 6 | I10: 6 | J10: 9 | K10: 11 | L10: 6 | M10: 7 | N10: 6 | O10: 8 | P10: 3 | Q10: 1 | R10: 3 | S10: 4 | T10: 7 | U10: 3 | V10: 8 | W10: 9 | X10: 7 | Y10: 9 | Z10: 6 | AA10: 9 | AB10: 6 | AC10: 7 | AD10: 4 | AE10: 7 | AG10: =SUM(B10:AF10) -> 180
A11: 15:00 | B11: 2 | C11: 4 | D11: 2 | E11: 8 | F11: 14 | G11: 3 | H11: 6 | I11: 9 | J11: 7 | K11: 6 | L11: 9 | M11: 8 | N11: 6 | O11: 9 | P11: 9 | Q11: 6 | R11: 7 | S11: 4 | T11: 4 | U11: 2 | V11: 7 | W11: 12 | X11: 8 | Y11: 8 | Z11: 14 | AA11: 11 | AB11: 10 | AC11: 6 | AD11: 5 | AE11: 8 | AG11: =SUM(B11:AF11) -> 214
A12: 16:00 | B12: 13 | C12: 6 | D12: 6 | E12: 9 | F12: 6 | G12: 7 | H12: 7 | I12: 12 | J12: 12 | K12: 10 | L12: 7 | M12: 10 | N12: 13 | O12: 5 | P12: 17 | Q12: 5 | R12: 9 | S12: 3 | T12: 7 | U12: 3 | V12: 4 | W12: 8 | X12: 8 | Y12: 11 | Z12: 10 | AA12: 10 | AB12: 2 | AC12: 7 | AD12: 6 | AE12: 10 | AG12: =SUM(B12:AF12) -> 243
A13: 17:00 | B13: 5 | C13: 5 | D13: 11 | E13: 7 | F13: 13 | G13: 6 | H13: 8 | I13: 14 | J13: 10 | K13: 11 | L13: 2 | M13: 15 | N13: 14 | O13: 11 | P13: 13 | Q13: 7 | R13: 4 | S13: 8 | T13: 13 | U13: 7 | V13: 2 | W13: 11 | X13: 7 | Y13: 11 | Z13: 8 | AA13: 6 | AB13: 8 | AC13: 9 | AD13: 3 | AE13: 2 | AG13: =SUM(B13:AF13) -> 251
A14: 18:00 | B14: 8 | C14: 5 | D14: 5 | E14: 3 | F14: 13 | G14: 4 | H14: 5 | I14: 9 | J14: 7 | K14: 14 | L14: 3 | M14: 5 | N14: 8 | O14: 4 | P14: 6 | Q14: 5 | R14: 8 | S14: 2 | T14: 3 | U14: 2 | V14: 5 | W14: 7 | X14: 6 | Y14: 11 | Z14: 8 | AA14: 4 | AB14: 8 | AC14: 4 | AD14: 8 | AE14: 15 | AG14: =SUM(B14:AF14) -> 195
A15: 19:00 | B15: 8 | C15: 8 | D15: 5 | E15: 8 | F15: 6 | G15: 6 | H15: 5 | I15: 6 | J15: 16 | K15: 9 | L15: 6 | M15: 7 | N15: 4 | O15: 10 | P15: 1 | Q15: 7 | R15: 6 | T15: 5 | U15: 2 | V15: 4 | W15: 4 | X15: 9 | Y15: 4 | Z15: 8 | AA15: 5 | AB15: 5 | AC15: 3 | AD15: 4 | AE15: 8 | AG15: =SUM(B15:AF15) -> 179
A16: 20:00 | B16: 6 | C16: 2 | D16: 3 | E16: 8 | F16: 6 | G16: 2 | H16: 2 | I16: 2 | J16: 4 | K16: 5 | L16: 3 | M16: 4 | N16: 4 | P16: 2 | Q16: 7 | R16: 6 | S16: 5 | T16: 2 | U16: 1 | V16: 4 | W16: 2 | X16: 6 | Y16: 3 | Z16: 6 | AA16: 3 | AB16: 7 | AD16: 1 | AE16: 6 | AG16: =SUM(B16:AF16) -> 112
A17: 21:00 | B17: 4 | C17: 4 | D17: 3 | E17: 4 | F17: 2 | G17: 1 | H17: 6 | I17: 6 | J17: 3 | K17: 2 | L17: 4 | M17: 8 | N17: 8 | O17: 3 | P17: 3 | Q17: 1 | R17: 4 | S17: 1 | T17: 4 | U17: 2 | V17: 5 | W17: 2 | X17: 3 | Y17: 1 | Z17: 3 | AA17: 5 | AB17: 1 | AC17: 3 | AD17: 5 | AE17: 2 | AG17: =SUM(B17:AF17) -> 103
A18: 22:00 | B18: 2 | C18: 1 | D18: 3 | E18: 4 | F18: 3 | I18: 5 | J18: 3 | K18: 3 | L18: 1 | M18: 5 | N18: 2 | O18: 1 | P18: 1 | Q18: 6 | R18: 1 | S18: 6 | T18: 2 | U18: 3 | V18: 2 | W18: 3 | X18: 1 | Y18: 4 | AA18: 4 | AB18: 6 | AC18: 3 | AD18: 4 | AE18: 3 | AG18: =SUM(B18:AF18) -> 82
A19: 23:00 | B19: 3 | D19: 5 | E19: 2 | F19: 1 | G19: 3 | H19: 1 | I19: 1 | L19: 2 | M19: 1 | N19: 6 | O19: 3 | P19: 3 | Q19: 1 | R19: 1 | S19: 3 | T19: 4 | U19: 3 | W19: 2 | X19: 2 | Y19: 1 | Z19: 3 | AA19: 5 | AB19: 1 | AD19: 3 | AG19: =SUM(B19:AF19) -> 60
A20: 00:00 | C20: 4 | D20: 2 | E20: 1 | F20: 1 | G20: 5 | H20: 1 | I20: 4 | J20: 1 | K20: 3 | L20: 1 | M20: 1 | N20: 2 | P20: 1 | S20: 2 | T20: 2 | U20: 4 | Y20: 1 | Z20: 4 | AB20: 1 | AC20: 1 | AD20: 1 | AE20: 2 | AG20: =SUM(B20:AF20) -> 45
A21: 01:00 | B21: 2 | C21: 1 | D21: 5 | E21: 4 | F21: 1 | H21: 1 | I21: 2 | J21: 1 | K21: 1 | L21: 1 | M21: 1 | N21: 1 | O21: 1 | S21: 3 | T21: 1 | U21: 1 | W21: 2 | Z21: 1 | AA21: 1 | AB21: 1 | AD21: 3 | AE21: 3 | AG21: =SUM(B21:AF21) -> 38
A22: 02:00 | D22: 3 | F22: 1 | G22: 2 | I22: 2 | N22: 3 | O22: 1 | R22: 2 | S22: 1 | T22: 1 | U22: 1 | V22: 2 | W22: 1 | X22: 1 | Z22: 1 | AB22: 2 | AE22: 1 | AG22: =SUM(B22:AF22) -> 25
A23: 03:00 | C23: 1 | H23: 2 | I23: 1 | J23: 1 | K23: 2 | M23: 1 | N23: 1 | O23: 2 | P23: 1 | S23: 1 | T23: 3 | U23: 3 | X23: 1 | Y23: 1 | Z23: 1 | AE23: 2 | AG23: =SUM(B23:AF23) -> 24
A24: 04:00 | C24: 1 | F24: 1 | K24: 1 | M24: 1 | O24: 1 | S24: 1 | T24: 2 | U24: 2 | V24: 1 | AG24: =SUM(B24:AF24) -> 11
A25: 05:00 | N25: 2 | R25: 1 | T25: 1 | U25: 2 | W25: 2 | AB25: 1 | AE25: 2 | AG25: =SUM(B25:AF25) -> 11
A26: 06:00 | I26: 1 | K26: 1 | Q26: 1 | W26: 1 | Z26: 2 | AC26: 1 | AG26: =SUM(B26:AF26) -> 7
A27: 07:00 | C27: 2 | D27: 3 | E27: 1 | F27: 1 | G27: 1 | H27: 1 | K27: 1 | P27: 1 | T27: 1 | U27: 1 | V27: 1 | W27: 1 | X27: 1 | Z27: 2 | AA27: 2 | AD27: 1 | AG27: =SUM(B27:AF27) -> 21
A28: Total de atendidos | B28: =SUM(B29:B52) -> 89 | C28: =SUM(C29:C52) -> 72 | D28: =SUM(D29:D52) -> 100 | E28: =SUM(E29:E52) -> 92 | F28: =SUM(F29:F52) -> 101 | G28: =SUM(G29:G52) -> 61 | H28: =SUM(H29:H52) -> 77 | I28: =SUM(I29:I52) -> 108 | ... AF28: =SUM(AF29:AF52) -> 0 | AG28: =SUM(B28:AF28) -> 2696
A29: 08:00 | B29: 1 | C29: 3 | D29: 3 | E29: 6 | F29: 2 | G29: 2 | H29: 1 | I29: 2 | J29: 4 | K29: 1 | M29: 1 | O29: 1 | P29: 2 | S29: 2 | T29: 1 | U29: 1 | W29: 1 | X29: 3 | Y29: 1 | Z29: 4 | AA29: 4 | AB29: 1 | AC29: 1 | AE29: 2 | AG29: =SUM(B29:AF29) -> 50
A30: 09:00 | B30: 8 | C30: 4 | D30: 6 | E30: 4 | F30: 3 | G30: 2 | H30: 2 | I30: 7 | J30: 5 | K30: 4 | L30: 7 | M30: 7 | N30: 4 | O30: 1 | P30: 5 | Q30: 5 | R30: 3 | S30: 1 | T30: 2 | U30: 4 | V30: 5 | W30: 7 | X30: 9 | Y30: 4 | Z30: 5 | AA30: 5 | AB30: 1 | AD30: 1 | AE30: 8 | AG30: =SUM(B30:AF30) -> 129
A31: 10:00 | B31: 4 | C31: 2 | D31: 8 | E31: 4 | F31: 5 | G31: 2 | H31: 4 | I31: 6 | J31: 7 | K31: 4 | L31: 6 | M31: 7 | N31: 4 | O31: 1 | P31: 8 | Q31: 1 | R31: 4 | S31: 5 | T31: 5 | U31: 3 | V31: 4 | W31: 5 | X31: 3 | Y31: 1 | Z31: 12 | AA31: 7 | AB31: 5 | AC31: 2 | AD31: 1 | AE31: 6 | AG31: =SUM(B31:AF31) -> 136
A32: 11:00 | B32: 6 | C32: 5 | D32: 5 | E32: 6 | F32: 3 | G32: 4 | H32: 5 | I32: 6 | J32: 8 | K32: 8 | L32: 7 | M32: 7 | N32: 4 | O32: 2 | P32: 5 | Q32: 8 | R32: 11 | S32: 5 | T32: 7 | U32: 2 | V32: 6 | W32: 4 | X32: 7 | Y32: 7 | Z32: 11 | AA32: 3 | AB32: 6 | AC32: 9 | AD32: 5 | AE32: 8 | AG32: =SUM(B32:AF32) -> 180
A33: 12:00 | B33: 7 | C33: 8 | D33: 9 | E33: 4 | F33: 8 | G33: 3 | H33: 5 | I33: 6 | J33: 8 | K33: 13 | L33: 15 | M33: 15 | N33: 6 | O33: 5 | P33: 9 | Q33: 9 | R33: 4 | S33: 5 | T33: 10 | U33: 13 | V33: 6 | W33: 12 | X33: 7 | Y33: 5 | Z33: 5 | AA33: 7 | AB33: 5 | AC33: 3 | AD33: 6 | AE33: 9 | AG33: =SUM(B33:AF33) -> 227
A34: 13:00 | B34: 4 | C34: 1 | D34: 4 | F34: 6 | G34: 3 | H34: 6 | I34: 1 | J34: 7 | K34: 11 | L34: 9 | M34: 9 | N34: 7 | O34: 5 | P34: 7 | Q34: 4 | R34: 6 | S34: 1 | T34: 5 | U34: 3 | V34: 6 | W34: 7 | X34: 7 | Y34: 6 | Z34: 6 | AA34: 11 | AB34: 9 | AC34: 6 | AD34: 3 | AE34: 3 | AG34: =SUM(B34:AF34) -> 163
A35: 14:00 | B35: 7 | C35: 5 | D35: 4 | E35: 6 | F35: 7 | G35: 4 | H35: 7 | I35: 1 | J35: 5 | K35: 5 | L35: 6 | M35: 2 | N35: 3 | O35: 7 | P35: 4 | R35: 3 | S35: 1 | T35: 8 | U35: 3 | V35: 11 | W35: 8 | X35: 8 | Y35: 8 | Z35: 6 | AA35: 7 | AB35: 4 | AC35: 2 | AD35: 3 | AE35: 4 | AG35: =SUM(B35:AF35) -> 149
A36: 15:00 | B36: 3 | C36: 4 | D36: 5 | E36: 6 | F36: 7 | G36: 3 | H36: 7 | I36: 10 | J36: 3 | K36: 9 | L36: 9 | M36: 5 | N36: 8 | O36: 4 | P36: 6 | Q36: 4 | R36: 7 | S36: 2 | T36: 5 | U36: 2 | V36: 5 | W36: 10 | X36: 5 | Y36: 10 | Z36: 5 | AA36: 13 | AB36: 8 | AC36: 9 | AD36: 4 | AE36: 9 | AG36: =SUM(B36:AF36) -> 187
A37: 16:00 | B37: 6 | C37: 3 | D37: 5 | E37: 9 | F37: 11 | G37: 6 | H37: 6 | I37: 13 | J37: 10 | K37: 11 | L37: 4 | M37: 9 | N37: 5 | O37: 7 | P37: 9 | Q37: 5 | R37: 6 | S37: 6 | T37: 7 | U37: 2 | V37: 7 | W37: 7 | X37: 7 | Y37: 5 | Z37: 12 | AA37: 5 | AB37: 5 | AC37: 7 | AD37: 5 | AE37: 10 | AG37: =SUM(B37:AF37) -> 210
A38: 17:00 | B38: 5 | C38: 7 | D38: 7 | E38: 8 | F38: 6 | G38: 7 | H38: 11 | I38: 4 | J38: 9 | K38: 6 | L38: 6 | M38: 11 | N38: 13 | O38: 11 | P38: 7 | Q38: 6 | R38: 4 | S38: 7 | T38: 7 | U38: 5 | V38: 1 | W38: 5 | X38: 9 | Y38: 6 | Z38: 8 | AA38: 6 | AB38: 4 | AC38: 7 | AD38: 6 | AE38: 2 | AG38: =SUM(B38:AF38) -> 201
A39: 18:00 | B39: 8 | C39: 4 | D39: 10 | E39: 4 | F39: 11 | G39: 4 | H39: 4 | I39: 12 | J39: 11 | K39: 9 | L39: 2 | M39: 8 | N39: 10 | O39: 11 | P39: 12 | Q39: 6 | R39: 6 | S39: 4 | T39: 12 | U39: 5 | V39: 2 | W39: 13 | X39: 7 | Y39: 12 | Z39: 9 | AA39: 5 | AB39: 10 | AC39: 6 | AD39: 5 | AE39: 11 | AG39: =SUM(B39:AF39) -> 233
A40: 19:00 | B40: 10 | C40: 8 | D40: 5 | E40: 8 | F40: 12 | G40: 8 | H40: 4 | I40: 14 | J40: 10 | K40: 14 | L40: 6 | M40: 14 | N40: 6 | O40: 8 | P40: 11 | Q40: 9 | R40: 10 | S40: 4 | T40: 5 | U40: 3 | V40: 7 | W40: 5 | X40: 7 | Y40: 9 | Z40: 8 | AA40: 7 | AB40: 8 | AC40: 2 | AD40: 7 | AE40: 16 | AG40: =SUM(B40:AF40) -> 245
A41: 20:00 | B41: 4 | C41: 2 | D41: 4 | E41: 11 | F41: 6 | H41: 4 | I41: 3 | J41: 7 | K41: 8 | L41: 3 | M41: 5 | N41: 3 | O41: 2 | Q41: 5 | R41: 8 | S41: 1 | T41: 2 | V41: 3 | W41: 5 | X41: 7 | Y41: 4 | Z41: 7 | AA41: 5 | AB41: 4 | AC41: 3 | AD41: 1 | AE41: 8 | AG41: =SUM(B41:AF41) -> 125
A42: 21:00 | B42: 8 | C42: 5 | D42: 4 | E42: 3 | F42: 3 | G42: 3 | H42: 2 | I42: 5 | J42: 5 | K42: 3 | L42: 5 | M42: 5 | N42: 7 | O42: 2 | P42: 3 | Q42: 4 | R42: 4 | S42: 4 | T42: 3 | U42: 3 | V42: 4 | X42: 6 | Y42: 3 | Z42: 5 | AA42: 3 | AB42: 3 | AC42: 3 | AD42: 4 | AE42: 4 | AG42: =SUM(B42:AF42) -> 116
A43: 22:00 | B43: 2 | C43: 2 | D43: 1 | E43: 3 | F43: 5 | H43: 4 | I43: 5 | J43: 6 | K43: 3 | L43: 1 | M43: 9 | N43: 2 | O43: 2 | P43: 1 | Q43: 4 | R43: 2 | S43: 5 | T43: 3 | U43: 1 | V43: 5 | W43: 4 | X43: 1 | Y43: 1 | AA43: 4 | AB43: 7 | AC43: 3 | AD43: 4 | AE43: 1 | AG43: =SUM(B43:AF43) -> 91
A44: 23:00 | B44: 4 | D44: 4 | E44: 4 | F44: 2 | G44: 3 | I44: 3 | J44: 1 | K44: 1 | L44: 2 | M44: 1 | N44: 4 | O44: 3 | P44: 2 | Q44: 2 | T44: 1 | U44: 5 | W44: 2 | X44: 3 | Y44: 3 | Z44: 2 | AA44: 5 | AB44: 1 | AD44: 3 | AE44: 2 | AG44: =SUM(B44:AF44) -> 63
A45: 00:00 | C45: 4 | D45: 4 | G45: 4 | H45: 2 | I45: 4 | J45: 1 | K45: 3 | L45: 1 | M45: 1 | N45: 6 | P45: 2 | Q45: 1 | R45: 1 | S45: 2 | T45: 5 | U45: 3 | W45: 1 | Y45: 2 | Z45: 2 | AA45: 1 | AB45: 1 | AC45: 1 | AD45: 2 | AE45: 2 | AG45: =SUM(B45:AF45) -> 56
A46: 01:00 | B46: 2 | C46: 1 | D46: 4 | E46: 4 | F46: 1 | G46: 1 | H46: 1 | I46: 1 | K46: 1 | L46: 1 | M46: 1 | N46: 2 | O46: 1 | P46: 1 | T46: 1 | U46: 2 | W46: 1 | Z46: 3 | AA46: 1 | AB46: 1 | AD46: 3 | AE46: 3 | AG46: =SUM(B46:AF46) -> 37
A47: 02:00 | D47: 5 | E47: 1 | F47: 2 | G47: 2 | I47: 2 | J47: 1 | N47: 3 | O47: 1 | R47: 2 | S47: 4 | T47: 1 | V47: 1 | W47: 2 | X47: 1 | Z47: 1 | AB47: 2 | AG47: =SUM(B47:AF47) -> 31
A48: 03:00 | C48: 1 | H48: 1 | I48: 2 | J48: 1 | K48: 2 | M48: 1 | N48: 1 | O48: 2 | S48: 1 | U48: 3 | X48: 1 | Y48: 1 | Z48: 1 | AE48: 2 | AG48: =SUM(B48:AF48) -> 20
A49: 04:00 | C49: 1 | F49: 1 | H49: 1 | K49: 1 | M49: 1 | O49: 1 | P49: 1 | S49: 1 | T49: 4 | U49: 3 | V49: 1 | AE49: 1 | AG49: =SUM(B49:AF49) -> 17
A50: 05:00 | N50: 1 | R50: 1 | T50: 2 | W50: 1 | AB50: 1 | AG50: =SUM(B50:AF50) -> 6
A51: 06:00 | Q51: 1 | U51: 2 | W51: 1 | Z51: 2 | AE51: 1 | AG51: =SUM(B51:AF51) -> 7
A52: 07:00 | C52: 2 | D52: 3 | E52: 1 | I52: 1 | K52: 1 | P52: 1 | T52: 1 | U52: 1 | W52: 2 | X52: 1 | Z52: 1 | AC52: 1 | AD52: 1 | AG52: =SUM(B52:AF52) -> 17
A53: Total de NSP | B53: =SUM(B54:B77) -> 2 | C53: =SUM(C54:C77) -> 2 | D53: =SUM(D54:D77) -> 2 | E53: =SUM(E54:E77) -> 3 | F53: =SUM(F54:F77) -> 4 | G53: =SUM(G54:G77) -> 0 | H53: =SUM(H54:H77) -> 4 | I53: =SUM(I54:I77) -> 9 | ... AF53: =SUM(AF54:AF77) -> 0 | AG53: =SUM(B53:AF53) -> 147
A54: 08:00 | M54: 3 | P54: 1 | X54: 1 | Z54: 1 | AG54: =SUM(B54:AF54) -> 6
A55: 09:00 | I55: 3 | K55: 2 | M55: 1 | P55: 1 | W55: 1 | Y55: 2 | Z55: 2 | AA55: 1 | AG55: =SUM(B55:AF55) -> 13
A56: 10:00 | D56: 1 | E56: 1 | I56: 2 | K56: 1 | M56: 1 | S56: 1 | X56: 2 | Z56: 2 | AA56: 3 | AG56: =SUM(B56:AF56) -> 14
A57: 11:00 | I57: 1 | L57: 4 | M57: 1 | O57: 1 | U57: 1 | X57: 1 | Z57: 1 | AG57: =SUM(B57:AF57) -> 10
A58: 12:00 | H58: 1 | I58: 1 | L58: 4 | M58: 2 | R58: 1 | S58: 1 | W58: 3 | X58: 1 | Z58: 2 | AE58: 1 | AG58: =SUM(B58:AF58) -> 17
A59: 13:00 | E59: 2 | K59: 1 | L59: 1 | M59: 1 | T59: 1 | W59: 2 | Z59: 1 | AA59: 1 | AG59: =SUM(B59:AF59) -> 10
A60: 14:00 | C60: 1 | H60: 3 | I60: 1 | K60: 1 | R60: 1 | Y60: 2 | Z60: 2 | AG60: =SUM(B60:AF60) -> 11
A61: 15:00 | K61: 1 | L61: 1 | M61: 3 | N61: 1 | W61: 1 | X61: 1 | Z61: 3 | AA61: 1 | AE61: 1 | AG61: =SUM(B61:AF61) -> 13
A62: 16:00 | F62: 2 | I62: 1 | J62: 4 | K62: 3 | L62: 1 | M62: 2 | S62: 1 | W62: 1 | Y62: 3 | Z62: 1 | AE62: 1 | AG62: =SUM(B62:AF62) -> 20
A63: 17:00 | B63: 1 | D63: 1 | K63: 1 | N63: 2 | W63: 1 | AA63: 2 | AG63: =SUM(B63:AF63) -> 8
A64: 18:00 | K64: 1 | L64: 1 | N64: 1 | R64: 1 | AA64: 1 | AE64: 2 | AG64: =SUM(B64:AF64) -> 7
A65: 19:00 | B65: 1 | C65: 1 | F65: 2 | J65: 2 | P65: 2 | R65: 1 | W65: 1 | Y65: 1 | AG65: =SUM(B65:AF65) -> 11
A66: 20:00 | N66: 1 | P66: 1 | S66: 1 | AG66: =SUM(B66:AF66) -> 3
A67: 21:00 | AC67: 1 | AG67: =SUM(B67:AF67) -> 1
A68: 22:00 | AG68: =SUM(B68:AF68) -> 0
A69: 23:00 | Z69: 1 | AA69: 1 | AG69: =SUM(B69:AF69) -> 2
A70: 00:00 | AG70: =SUM(B70:AF70) -> 0
A71: 01:00 | AG71: =SUM(B71:AF71) -> 0
A72: 02:00 | AG72: =SUM(B72:AF72) -> 0
A73: 03:00 | AG73: =SUM(B73:AF73) -> 0
A74: 04:00 | AG74: =SUM(B74:AF74) -> 0
A75: 05:00 | AE75: 1 | AG75: =SUM(B75:AF75) -> 1
A76: 06:00 | AG76: =SUM(B76:AF76) -> 0
A77: 07:00 | AG77: =SUM(B77:AF77) -> 0
A78: TOTAL PACIENTES INSCRITOS | B78: =SUM(B79:B80) -> 91 | C78: =SUM(C79:C80) -> 74 | D78: =SUM(D79:D80) -> 102 | E78: =SUM(E79:E80) -> 95 | F78: =SUM(F79:F80) -> 105 | G78: =SUM(G79:G80) -> 61 | H78: =SUM(H79:H80) -> 81 | I78: =SUM(I79:I80) -> 117 | ... AF78: =SUM(AF79:AF80) -> 0 | AG78: =SUM(B78:AF78) -> 2845
A79: SAR | B79: =SUM(B4:B27)-B80 -> 91 | C79: =SUM(C4:C27)-C80 -> 74 | D79: =SUM(D4:D27)-D80 -> 102 | E79: =SUM(E4:E27)-E80 -> 95 | F79: =SUM(F4:F27)-F80 -> 49 | G79: =SUM(G4:G27)-G80 -> 30 | H79: =SUM(H4:H27)-H80 -> 32 | I79: =SUM(I4:I27)-I80 -> 117 | ... AF79: =SUM(AF4:AF27)-AF80 -> 0 | AG79: =SUM(B79:AF79) -> 2090
A80: PAR | D80: 0 | E80: 0 | F80: =SUM(F4:F12) -> 56 | G80: =SUM(G4:G12) -> 31 | H80: =SUM(H4:H12) -> 49 | K80: 0 | L80: 0 | M80: =SUM(M4:M12) -> 84 | N80: =SUM(N4:N12) -> 50 | O80: =SUM(O4:O12) -> 41 | R80: =SUM(R4:R12) -> 53 | S80: =SUM(S4:S12) -> 32 | T80: =SUM(T4:T12) -> 54 | U80: =SUM(U4:U12) -> 36 | V80: =SUM(V4:V12) -> 49 | Y80: =SUM(Y4:Y12) -> 59 | AA80: =SUM(AA4:AA12) -> 74 | AB80: =SUM(AB4:AB12) -> 45 | AC80: =SUM(AC4:AC12) -> 42 | AF80: =SUM(AF4:AF12) -> 0 | AG80: =SUM(B80:AF80) -> 755
A81: TOTAL NSP | B81: =SUM(B82:B83) -> 2 | C81: =SUM(C82:C83) -> 2 | D81: =SUM(D82:D83) -> 2 | E81: =SUM(E82:E83) -> 3 | F81: =SUM(F82:F83) -> 4 | G81: =SUM(G82:G83) -> 0 | H81: =SUM(H82:H83) -> 4 | I81: =SUM(I82:I83) -> 9 | ... AF81: =SUM(AF82:AF83) -> 0 | AG81: =SUM(B81:AF81) -> 147 | AH81: =IF(AG81<>AG53,"*","")
A82: PAR | B82: =SUM(B54:B62) -> 0 | C82: =SUM(C54:C62) -> 1 | D82: =SUM(D54:D62) -> 1 | E82: =SUM(E54:E62) -> 3 | F82: =SUM(F54:F62) -> 2 | I82: =SUM(I54:I62) -> 9 | J82: =SUM(J54:J62) -> 4 | K82: =SUM(K54:K62) -> 9 | L82: =SUM(L54:L62) -> 11 | M82: =SUM(M54:M62) -> 14 | P82: =SUM(P54:P62) -> 2 | Q82: =SUM(Q54:Q62) -> 0 | R82: =SUM(R54:R62) -> 2 | S82: =SUM(S54:S62) -> 3 | T82: =SUM(T54:T62) -> 1 | W82: =SUM(W54:W62) -> 8 | X82: =SUM(X54:X62) -> 6 | Y82: =SUM(Y54:Y62) -> 7 | Z82: =SUM(Z54:Z62) -> 15 | AA82: =SUM(AA54:AA62) -> 6 | AE82: =SUM(AE54:AE62) -> 3 | AF82: =SUM(AF54:AF62) -> 0 | AG82: =SUM(B82:AF82) -> 107
A83: SAR | B83: =SUM(B54:B77)-B82 -> 2 | C83: =SUM(C54:C77)-C82 -> 1 | D83: =SUM(D54:D77)-D82 -> 1 | E83: =SUM(E54:E77)-E82 -> 0 | F83: =SUM(F54:F77)-F82 -> 2 | G83: =SUM(G54:G77)-G82 -> 0 | H83: =SUM(H54:H77)-H82 -> 4 | I83: =SUM(I54:I77)-I82 -> 0 | ... AF83: =SUM(AF54:AF77)-AF82 -> 0 | AG83: =SUM(B83:AF83) -> 40
A84: NSP PEDIATR. / ADULTOS | B84: =SUM(B85:B86) -> 2 | C84: =SUM(C85:C86) -> 2 | D84: =SUM(D85:D86) -> 2 | E84: =SUM(E85:E86) -> 3 | F84: =SUM(F85:F86) -> 4 | G84: =SUM(G85:G86) -> 0 | H84: =SUM(H85:H86) -> 4 | I84: =SUM(I85:I86) -> 9 | ... AF84: =SUM(AF85:AF86) -> 0 | AG84: =SUM(B84:AF84) -> 147 | AH84: =IF(AG84<>AG82+AG83,"*","") | AI84: NSP
A85: NSP PEDIATRICOS (<15 AÑOS) | B85: 0 | C85: 0 | D85: 0 | E85: 0 | F85: 0 | G85: 0 | H85: 1 | I85: 2 | J85: 1 | K85: 2 | L85: 1 | M85: 0 | N85: 1 | O85: 0 | P85: 1 | Q85: 0 | R85: 0 | S85: 0 | T85: 0 | U85: 0 | V85: 0 | W85: 1 | X85: 0 | Y85: 0 | Z85: 3 | AA85: 0 | AB85: 0 | AC85: 0 | AD85: 0 | AE85: 0 | AG85: =SUM(B85:AF85) -> 13
A86: NSP ADULTOS | B86: 2 | C86: 2 | D86: 2 | E86: 3 | F86: 4 | G86: 0 | H86: 3 | I86: 7 | J86: 5 | K86: 9 | L86: 11 | M86: 14 | N86: 4 | O86: 1 | P86: 4 | Q86: 0 | R86: 4 | S86: 4 | T86: 1 | U86: 1 | V86: 0 | W86: 9 | X86: 6 | Y86: 8 | Z86: 13 | AA86: 10 | AB86: 0 | AC86: 1 | AD86: 0 | AE86: 6 | AG86: =SUM(B86:AF86) -> 134
A87: NSP CATEGORIZACION | B87: =SUM(B88:B92) -> 2 | C87: =SUM(C88:C92) -> 2 | D87: =SUM(D88:D92) -> 2 | E87: =SUM(E88:E92) -> 3 | F87: =SUM(F88:F92) -> 4 | G87: =SUM(G88:G92) -> 0 | H87: =SUM(H88:H92) -> 4 | I87: =SUM(I88:I92) -> 9 | ... AF87: =SUM(AF88:AF92) -> 0 | AG87: =SUM(B87:AF87) -> 147 | AH87: =IF(AG87<>AG84,"*","")
A88: SIN CATEGORIZACIÓN nsp | B88: 2 | C88: 2 | D88: 2 | E88: 1 | F88: 3 | H88: 4 | I88: 8 | J88: 1 | K88: 9 | L88: 9 | M88: 10 | N88: 3 | O88: 1 | P88: 3 | R88: 2 | S88: 3 | T88: 1 | U88: 1 | W88: 8 | X88: 3 | Y88: 6 | Z88: 12 | AA88: 4 | AC88: 1 | AE88: 3 | AG88: =SUM(B88:AF88) -> 102
A89: C2 | AG89: =SUM(B89:AF89) -> 0
A90: C3 | J90: 1 | X90: 1 | Z90: 1 | AG90: =SUM(B90:AF90) -> 3
A91: C4 | E91: 1 | M91: 2 | N91: 1 | R91: 1 | S91: 1 | Y91: 1 | AE91: 2 | AG91: =SUM(B91:AF91) -> 9
A92: C5 | E92: 1 | F92: 1 | I92: 1 | J92: 4 | K92: 2 | L92: 3 | M92: 2 | N92: 1 | P92: 2 | R92: 1 | W92: 2 | X92: 2 | Y92: 1 | Z92: 3 | AA92: 6 | AE92: 1 | AG92: =SUM(B92:AF92) -> 33
A93: TOTAL PACIENTES ATENDIDOS | B93: =+B94+B100 -> 89 | C93: =+C94+C100 -> 72 | D93: =+D94+D100 -> 100 | E93: =+E94+E100 -> 92 | F93: =+F94+F100 -> 101 | G93: =+G94+G100 -> 61 | H93: =+H94+H100 -> 77 | I93: =+I94+I100 -> 108 | ... AF93: =+AF94+AF100 -> 0 | AG93: =SUM(B93:AF93) -> 2696 | AH93: =IF(AG93<>AG28,"*","")
A94: Menor 15 años | B94: =SUM(B95:B99) -> 7 | C94: =SUM(C95:C99) -> 4 | D94: =SUM(D95:D99) -> 4 | E94: =SUM(E95:E99) -> 8 | F94: =SUM(F95:F99) -> 6 | G94: =SUM(G95:G99) -> 0 | H94: =SUM(H95:H99) -> 2 | I94: =SUM(I95:I99) -> 3 | ... AF94: =SUM(AF95:AF99) -> 0 | AG94: =SUM(B94:AF94) -> 160
A95: Menor 1 Año | B95: 1 | E95: 1 | J95: 1 | P95: 1 | R95: 1 | S95: 1 | AA95: 2 | AE95: 1 | AG95: =SUM(B95:AF95) -> 9
A96: 1 Año | B96: 1 | F96: 1 | I96: 1 | O96: 1 | R96: 2 | S96: 1 | T96: 1 | X96: 1 | Y96: 1 | Z96: 2 | AC96: 1 | AD96: 2 | AG96: =SUM(B96:AF96) -> 15
A97: 2 - 4 | B97: 2 | D97: 1 | E97: 1 | I97: 1 | J97: 1 | K97: 2 | N97: 4 | P97: 1 | Q97: 1 | R97: 1 | S97: 1 | T97: 1 | U97: 2 | V97: 1 | W97: 1 | Y97: 1 | Z97: 1 | AG97: =SUM(B97:AF97) -> 23
A98: 5 - 9 | C98: 4 | D98: 1 | E98: 1 | F98: 2 | H98: 1 | I98: 1 | J98: 3 | K98: 3 | L98: 1 | M98: 3 | N98: 1 | O98: 1 | Q98: 2 | R98: 3 | T98: 2 | U98: 2 | V98: 1 | W98: 1 | Z98: 3 | AA98: 1 | AC98: 2 | AD98: 2 | AE98: 2 | AG98: =SUM(B98:AF98) -> 43
A99: 10 - 14 | B99: 3 | D99: 2 | E99: 5 | F99: 3 | H99: 1 | J99: 1 | K99: 3 | L99: 5 | M99: 4 | N99: 3 | O99: 4 | P99: 1 | Q99: 1 | R99: 2 | S99: 4 | T99: 2 | U99: 3 | V99: 1 | W99: 4 | X99: 2 | Y99: 3 | Z99: 3 | AA99: 2 | AB99: 5 | AD99: 2 | AE99: 1 | AG99: =SUM(B99:AF99) -> 70
A100: Mayor de 15 años | B100: =SUM(B101:B115) -> 82 | C100: =SUM(C101:C115) -> 68 | D100: =SUM(D101:D115) -> 96 | E100: =SUM(E101:E115) -> 84 | F100: =SUM(F101:F115) -> 95 | G100: =SUM(G101:G115) -> 61 | H100: =SUM(H101:H115) -> 75 | I100: =SUM(I101:I115) -> 105 | ... AF100: =SUM(AF101:AF115) -> 0 | AG100: =SUM(B100:AF100) -> 2536
A101: 15 - 19 | B101: 5 | C101: 1 | D101: 2 | E101: 1 | F101: 3 | G101: 5 | H101: 4 | I101: 8 | J101: 10 | K101: 5 | L101: 5 | M101: 6 | N101: 9 | O101: 4 | P101: 3 | Q101: 2 | R101: 3 | S101: 2 | T101: 3 | U101: 4 | V101: 3 | W101: 5 | X101: 3 | Y101: 4 | Z101: 8 | AA101: 4 | AB101: 2 | AC101: 1 | AD101: 5 | AE101: 6 | AG101: =SUM(B101:AF101) -> 126
...

Sheet JULIO
A2: JULIO | B2: 1 | C2: =+B2+1 -> 2 | D2: =+C2+1 -> 3 | E2: =+D2+1 -> 4 | F2: =+E2+1 -> 5 | G2: =+F2+1 -> 6 | H2: =+G2+1 -> 7 | I2: =+H2+1 -> 8 | J2: =+I2+1 -> 9 | ... AA2: =+Z2+1 -> 26 | AB2: 27 | AC2: =+AB2+1 -> 28 | AD2: 29 | AE2: 30 | AF2: 31 | AG2: TOTAL
A3: Total de Inscritos | B3: =SUM(B4:B27) -> 89 | C3: =SUM(C4:C27) -> 101 | D3: =SUM(D4:D27) -> 91 | E3: =SUM(E4:E27) -> 101 | F3: =SUM(F4:F27) -> 93 | G3: =SUM(G4:G27) -> 146 | H3: =SUM(H4:H27) -> 117 | I3: =SUM(I4:I27) -> 121 | ... AF3: =SUM(AF4:AF27) -> 81 | AG3: =SUM(B3:AF3) -> 3279
A4: 08:00 | B4: 3 | C4: 3 | D4: 8 | E4: 5 | F4: 1 | G4: 16 | H4: 5 | I4: 5 | J4: 4 | K4: 1 | L4: 1 | M4: 3 | N4: 11 | O4: 4 | P4: 11 | R4: 10 | S4: 1 | T4: 5 | U4: 6 | V4: 6 | W4: 9 | X4: 8 | Y4: 5 | Z4: 2 | AA4: 1 | AB4: 14 | AC4: 3 | AD4: 5 | AE4: 6 | AF4: 3 | AG4: =SUM(B4:AF4) -> 165
A5: 09:00 | B5: 5 | C5: 7 | D5: 6 | E5: 3 | F5: 1 | G5: 9 | H5: 6 | I5: 14 | J5: 9 | K5: 7 | L5: 6 | M5: 4 | N5: 7 | O5: 4 | P5: 3 | Q5: 6 | R5: 1 | S5: 7 | T5: 1 | U5: 2 | V5: 10 | W5: 11 | X5: 7 | Y5: 14 | Z5: 5 | AB5: 8 | AC5: 9 | AD5: 7 | AE5: 6 | AF5: 5 | AG5: =SUM(B5:AF5) -> 190
A6: 10:00 | B6: 4 | C6: 7 | D6: 4 | E6: 3 | F6: 2 | G6: 22 | H6: 5 | I6: 5 | J6: 8 | K6: 10 | L6: 5 | M6: 3 | N6: 6 | O6: 7 | P6: 8 | Q6: 7 | R6: 6 | S6: 10 | T6: 4 | U6: 14 | V6: 6 | W6: 9 | X6: 10 | Y6: 5 | Z6: 6 | AA6: 6 | AB6: 5 | AC6: 8 | AD6: 6 | AE6: 7 | AF6: 6 | AG6: =SUM(B6:AF6) -> 214
A7: 11:00 | B7: 3 | C7: 5 | D7: 5 | E7: 6 | F7: 8 | G7: 11 | H7: 11 | I7: 11 | J7: 2 | K7: 4 | L7: 4 | M7: 7 | N7: 8 | O7: 6 | P7: 9 | Q7: 7 | R7: 4 | S7: 5 | T7: 4 | U7: 11 | V7: 10 | W7: 9 | X7: 10 | Y7: 6 | Z7: 8 | AA7: 5 | AB7: 12 | AC7: 6 | AD7: 3 | AE7: 3 | AF7: 4 | AG7: =SUM(B7:AF7) -> 207
A8: 12:00 | B8: 4 | C8: 6 | D8: 5 | E8: 7 | F8: 5 | G8: 10 | H8: 12 | I8: 7 | J8: 6 | K8: 7 | L8: 5 | M8: 10 | N8: 4 | O8: 3 | P8: 14 | Q8: 2 | R8: 4 | S8: 4 | T8: 4 | U8: 18 | V8: 14 | W8: 5 | X8: 9 | Y8: 5 | Z8: 10 | AA8: 5 | AB8: 10 | AC8: 9 | AD8: 1 | AE8: 4 | AF8: 7 | AG8: =SUM(B8:AF8) -> 216
A9: 13:00 | B9: 3 | C9: 5 | D9: 4 | E9: 6 | F9: 7 | G9: 5 | H9: 8 | I9: 12 | J9: 2 | K9: 5 | L9: 5 | M9: 8 | N9: 4 | O9: 3 | P9: 15 | Q9: 3 | R9: 6 | S9: 1 | T9: 6 | U9: 6 | V9: 4 | W9: 5 | X9: 5 | Y9: 7 | Z9: 9 | AA9: 3 | AB9: 9 | AC9: 9 | AD9: 5 | AE9: 2 | AF9: 3 | AG9: =SUM(B9:AF9) -> 175
A10: 14:00 | B10: 2 | C10: 7 | D10: 6 | E10: 11 | F10: 9 | G10: 16 | H10: 6 | I10: 5 | J10: 3 | K10: 2 | L10: 3 | M10: 9 | N10: 6 | O10: 7 | P10: 7 | Q10: 8 | R10: 6 | S10: 13 | T10: 4 | U10: 15 | V10: 17 | W10: 15 | X10: 7 | Y10: 12 | Z10: 5 | AA10: 4 | AB10: 8 | AC10: 4 | AD10: 5 | AE10: 7 | AF10: 6 | AG10: =SUM(B10:AF10) -> 235
A11: 15:00 | B11: 8 | C11: 10 | D11: 6 | E11: 6 | F11: 11 | G11: 8 | H11: 9 | I11: 3 | J11: 7 | K11: 12 | L11: 4 | M11: 7 | N11: 6 | O11: 5 | P11: 6 | Q11: 1 | R11: 15 | S11: 8 | T11: 6 | U11: 5 | V11: 8 | W11: 14 | X11: 7 | Y11: 8 | Z11: 11 | AA11: 6 | AB11: 8 | AC11: 5 | AD11: 3 | AE11: 6 | AF11: 8 | AG11: =SUM(B11:AF11) -> 227
A12: 16:00 | B12: 12 | C12: 12 | D12: 3 | E12: 9 | F12: 6 | G12: 13 | H12: 14 | I12: 8 | J12: 8 | K12: 9 | L12: 5 | M12: 6 | N12: 16 | O12: 20 | P12: 9 | Q12: 7 | R12: 6 | S12: 14 | T12: 7 | U12: 15 | V12: 8 | W12: 13 | X12: 11 | Y12: 7 | Z12: 9 | AA12: 8 | AB12: 16 | AC12: 4 | AD12: 12 | AE12: 7 | AF12: 6 | AG12: =SUM(B12:AF12) -> 300
A13: 17:00 | B13: 9 | C13: 7 | D13: 17 | E13: 14 | F13: 12 | G13: 10 | H13: 13 | I13: 14 | J13: 10 | K13: 23 | L13: 8 | M13: 4 | N13: 10 | O13: 20 | P13: 13 | Q13: 8 | R13: 14 | S13: 6 | T13: 12 | U13: 9 | V13: 8 | W13: 10 | X13: 14 | Y13: 10 | Z13: 8 | AA13: 11 | AB13: 15 | AC13: 18 | AD13: 6 | AE13: 13 | AF13: 7 | AG13: =SUM(B13:AF13) -> 353
A14: 18:00 | B14: 11 | C14: 9 | D14: 10 | E14: 7 | F14: 6 | G14: 7 | H14: 8 | I14: 11 | J14: 10 | K14: 25 | L14: 7 | M14: 5 | N14: 5 | O14: 16 | P14: 5 | Q14: 6 | R14: 8 | S14: 10 | T14: 9 | U14: 8 | V14: 11 | W14: 6 | X14: 5 | Y14: 7 | Z14: 3 | AA14: 4 | AB14: 6 | AC14: 6 | AD14: 9 | AE14: 9 | AF14: 6 | AG14: =SUM(B14:AF14) -> 255
A15: 19:00 | B15: 9 | C15: 9 | D15: 2 | E15: 5 | F15: 3 | G15: 4 | H15: 8 | I15: 9 | J15: 3 | K15: 7 | L15: 6 | M15: 4 | N15: 8 | O15: 6 | P15: 7 | Q15: 5 | R15: 9 | S15: 6 | T15: 6 | U15: 2 | V15: 2 | W15: 5 | X15: 8 | Y15: 7 | Z15: 2 | AA15: 3 | AB15: 10 | AC15: 8 | AD15: 5 | AE15: 6 | AF15: 5 | AG15: =SUM(B15:AF15) -> 179
A16: 20:00 | B16: 2 | C16: 5 | D16: 4 | E16: 4 | F16: 3 | G16: 5 | H16: 3 | I16: 7 | J16: 2 | K16: 7 | L16: 5 | M16: 2 | N16: 8 | O16: 6 | P16: 5 | Q16: 6 | R16: 9 | S16: 7 | T16: 5 | U16: 5 | V16: 4 | W16: 6 | X16: 3 | Y16: 2 | AA16: 5 | AB16: 7 | AC16: 3 | AD16: 5 | AE16: 3 | AF16: 2 | AG16: =SUM(B16:AF16) -> 140
A17: 21:00 | B17: 4 | C17: 3 | D17: 3 | E17: 5 | F17: 4 | G17: 3 | H17: 5 | I17: 4 | J17: 2 | K17: 5 | L17: 2 | M17: 6 | N17: 8 | O17: 6 | P17: 6 | Q17: 4 | R17: 15 | S17: 5 | T17: 2 | U17: 5 | V17: 3 | W17: 3 | X17: 2 | Y17: 2 | Z17: 1 | AA17: 3 | AB17: 3 | AC17: 6 | AD17: 1 | AE17: 3 | AF17: 3 | AG17: =SUM(B17:AF17) -> 127
A18: 22:00 | B18: 1 | C18: 3 | D18: 1 | E18: 4 | F18: 6 | H18: 1 | I18: 3 | J18: 1 | K18: 1 | L18: 4 | N18: 3 | O18: 2 | P18: 2 | Q18: 3 | R18: 4 | S18: 3 | T18: 3 | U18: 3 | W18: 1 | X18: 3 | Y18: 4 | Z18: 2 | AB18: 1 | AC18: 1 | AD18: 2 | AE18: 2 | AF18: 1 | AG18: =SUM(B18:AF18) -> 65
A19: 23:00 | D19: 1 | E19: 1 | F19: 6 | G19: 2 | H19: 1 | I19: 1 | K19: 2 | L19: 7 | N19: 0 | P19: 2 | Q19: 4 | R19: 1 | T19: 4 | U19: 1 | V19: 2 | W19: 2 | X19: 2 | Z19: 2 | AB19: 3 | AC19: 3 | AD19: 2 | AE19: 1 | AF19: 2 | AG19: =SUM(B19:AF19) -> 52
A20: 00:00 | B20: 1 | D20: 1 | E20: 1 | F20: 2 | I20: 1 | J20: 1 | K20: 3 | L20: 1 | N20: 1 | O20: 1 | P20: 1 | R20: 1 | S20: 1 | T20: 3 | U20: 1 | V20: 1 | W20: 1 | X20: 1 | Y20: 4 | Z20: 1 | AA20: 3 | AB20: 4 | AC20: 2 | AD20: 2 | AE20: 1 | AF20: 2 | AG20: =SUM(B20:AF20) -> 42
A21: 01:00 | B21: 3 | E21: 2 | H21: 1 | J21: 4 | K21: 1 | L21: 0 | M21: 1 | O21: 2 | P21: 2 | Q21: 2 | S21: 1 | U21: 1 | W21: 1 | Y21: 3 | Z21: 2 | AB21: 3 | AD21: 3 | AE21: 2 | AF21: 2 | AG21: =SUM(B21:AF21) -> 36
A22: 02:00 | E22: 1 | G22: 1 | K22: 4 | L22: 1 | M22: 2 | O22: 2 | Q22: 4 | T22: 2 | Y22: 2 | Z22: 1 | AC22: 2 | AF22: 3 | AG22: =SUM(B22:AF22) -> 25
A23: 03:00 | D23: 1 | G23: 1 | J23: 1 | K23: 1 | L23: 0 | T23: 1 | V23: 3 | Y23: 5 | Z23: 1 | AA23: 1 | AG23: =SUM(B23:AF23) -> 15
A24: 04:00 | B24: 3 | E24: 1 | I24: 1 | J24: 3 | L24: 1 | V24: 1 | AA24: 1 | AG24: =SUM(B24:AF24) -> 11
A25: 05:00 | D25: 1 | F25: 1 | G25: 1 | K25: 2 | L25: 0 | O25: 1 | R25: 2 | U25: 5 | W25: 4 | Z25: 2 | AE25: 1 | AG25: =SUM(B25:AF25) -> 20
A26: 06:00 | B26: 2 | C26: 3 | D26: 2 | G26: 1 | H26: 1 | L26: 1 | Q26: 1 | T26: 1 | AD26: 1 | AG26: =SUM(B26:AF26) -> 13
A27: 07:00 | D27: 1 | G27: 1 | L27: 1 | M27: 1 | Q27: 1 | S27: 1 | U27: 1 | V27: 3 | X27: 3 | AC27: 3 | AE27: 1 | AG27: =SUM(B27:AF27) -> 17
A28: Total de atendidos | B28: =SUM(B29:B52) -> 89 | C28: =SUM(C29:C52) -> 93 | D28: =SUM(D29:D52) -> 87 | E28: =SUM(E29:E52) -> 100 | F28: =SUM(F29:F52) -> 90 | G28: =SUM(G29:G52) -> 127 | H28: =SUM(H29:H52) -> 107 | I28: =SUM(I29:I52) -> 110 | ... AF28: =SUM(AF29:AF52) -> 78 | AG28: =SUM(B28:AF28) -> 3064
A29: 08:00 | B29: 1 | C29: 1 | D29: 2 | E29: 3 | F29: 1 | G29: 4 | H29: 3 | I29: 2 | J29: 2 | K29: 1 | L29: 1 | M29: 3 | N29: 2 | O29: 1 | P29: 4 | Q29: 1 | R29: 3 | S29: 1 | T29: 2 | U29: 1 | V29: 4 | W29: 3 | X29: 7 | Z29: 2 | AB29: 1 | AC29: 3 | AD29: 2 | AE29: 2 | AF29: 1 | AG29: =SUM(B29:AF29) -> 64
A30: 09:00 | B30: 5 | C30: 5 | D30: 9 | E30: 5 | F30: 1 | G30: 9 | H30: 5 | I30: 7 | J30: 7 | K30: 7 | L30: 6 | M30: 4 | N30: 12 | O30: 3 | P30: 7 | Q30: 2 | R30: 5 | S30: 4 | T30: 3 | U30: 8 | V30: 7 | W30: 7 | X30: 8 | Y30: 8 | Z30: 5 | AA30: 1 | AB30: 6 | AC30: 4 | AD30: 6 | AE30: 6 | AF30: 4 | AG30: =SUM(B30:AF30) -> 176
A31: 10:00 | B31: 6 | C31: 6 | D31: 5 | E31: 2 | F31: 2 | G31: 14 | H31: 5 | I31: 8 | J31: 9 | K31: 7 | L31: 5 | M31: 3 | N31: 8 | O31: 5 | P31: 7 | Q31: 4 | R31: 6 | S31: 10 | T31: 3 | U31: 4 | V31: 5 | W31: 7 | X31: 1 | Y31: 9 | Z31: 2 | AA31: 5 | AB31: 6 | AC31: 6 | AD31: 7 | AE31: 8 | AF31: 3 | AG31: =SUM(B31:AF31) -> 178
A32: 11:00 | C32: 3 | D32: 3 | E32: 6 | F32: 4 | G32: 14 | H32: 7 | I32: 8 | J32: 2 | K32: 4 | L32: 4 | M32: 7 | N32: 6 | O32: 9 | P32: 5 | Q32: 4 | R32: 2 | S32: 5 | T32: 3 | U32: 11 | V32: 10 | W32: 6 | X32: 13 | Y32: 5 | Z32: 7 | AA32: 4 | AB32: 8 | AC32: 9 | AD32: 3 | AE32: 4 | AF32: 5 | AG32: =SUM(B32:AF32) -> 181
A33: 12:00 | B33: 5 | C33: 4 | D33: 4 | E33: 3 | F33: 6 | G33: 6 | H33: 12 | I33: 9 | J33: 4 | K33: 7 | L33: 5 | M33: 9 | N33: 6 | O33: 4 | P33: 14 | Q33: 5 | R33: 6 | S33: 4 | T33: 6 | U33: 9 | V33: 6 | W33: 7 | X33: 9 | Y33: 8 | Z33: 7 | AA33: 4 | AB33: 9 | AC33: 6 | AD33: 1 | AE33: 3 | AF33: 5 | AG33: =SUM(B33:AF33) -> 193
A34: 13:00 | B34: 2 | C34: 5 | D34: 5 | E34: 7 | F34: 7 | G34: 10 | H34: 8 | I34: 7 | J34: 3 | K34: 5 | L34: 5 | M34: 8 | N34: 3 | O34: 4 | P34: 17 | Q34: 6 | R34: 5 | S34: 3 | T34: 4 | U34: 15 | V34: 9 | W34: 5 | X34: 4 | Y34: 7 | Z34: 8 | AA34: 3 | AB34: 5 | AC34: 6 | AD34: 2 | AE34: 4 | AF34: 5 | AG34: =SUM(B34:AF34) -> 187
A35: 14:00 | B35: 5 | C35: 6 | D35: 3 | E35: 10 | F35: 9 | G35: 2 | H35: 8 | I35: 7 | J35: 3 | K35: 2 | L35: 3 | M35: 9 | N35: 4 | O35: 6 | P35: 6 | Q35: 1 | R35: 3 | S35: 4 | T35: 3 | U35: 7 | V35: 5 | W35: 3 | X35: 5 | Y35: 7 | Z35: 5 | AA35: 5 | AB35: 5 | AC35: 6 | AD35: 3 | AE35: 1 | AF35: 2 | AG35: =SUM(B35:AF35) -> 148
A36: 15:00 | B36: 7 | C36: 7 | D36: 9 | E36: 6 | F36: 9 | G36: 15 | H36: 5 | I36: 8 | J36: 3 | K36: 9 | L36: 4 | M36: 7 | N36: 8 | O36: 2 | P36: 4 | Q36: 10 | R36: 10 | S36: 13 | T36: 6 | U36: 14 | V36: 8 | W36: 10 | X36: 7 | Y36: 9 | Z36: 6 | AA36: 5 | AB36: 8 | AC36: 5 | AD36: 4 | AE36: 7 | AF36: 12 | AG36: =SUM(B36:AF36) -> 237
A37: 16:00 | B37: 6 | C37: 8 | D37: 4 | E37: 6 | F37: 8 | G37: 10 | H37: 10 | I37: 2 | J37: 7 | K37: 9 | L37: 5 | M37: 6 | N37: 6 | O37: 10 | P37: 6 | Q37: 5 | R37: 11 | S37: 9 | T37: 5 | U37: 7 | V37: 14 | W37: 15 | X37: 8 | Y37: 5 | Z37: 9 | AA37: 8 | AB37: 5 | AC37: 6 | AD37: 3 | AE37: 7 | AF37: 6 | AG37: =SUM(B37:AF37) -> 226
A38: 17:00 | B38: 7 | C38: 6 | D38: 5 | E38: 13 | F38: 7 | G38: 13 | H38: 10 | I38: 8 | J38: 9 | K38: 23 | L38: 8 | M38: 4 | N38: 4 | O38: 7 | P38: 4 | Q38: 7 | R38: 10 | S38: 7 | T38: 10 | U38: 7 | V38: 10 | W38: 7 | X38: 9 | Y38: 1 | Z38: 9 | AA38: 6 | AB38: 3 | AC38: 6 | AD38: 5 | AE38: 9 | AF38: 8 | AG38: =SUM(B38:AF38) -> 242
A39: 18:00 | B39: 8 | C39: 13 | D39: 13 | E39: 8 | F39: 11 | G39: 7 | H39: 10 | I39: 11 | J39: 9 | K39: 25 | L39: 7 | M39: 5 | N39: 14 | O39: 11 | P39: 10 | Q39: 6 | R39: 11 | S39: 11 | T39: 11 | U39: 12 | V39: 7 | W39: 12 | X39: 12 | Y39: 11 | Z39: 8 | AA39: 5 | AB39: 15 | AC39: 15 | AD39: 11 | AE39: 10 | AF39: 7 | AG39: =SUM(B39:AF39) -> 326
A40: 19:00 | B40: 13 | C40: 11 | D40: 7 | E40: 8 | F40: 4 | G40: 5 | H40: 7 | I40: 12 | J40: 9 | K40: 7 | L40: 6 | M40: 4 | N40: 10 | O40: 20 | P40: 8 | Q40: 5 | R40: 9 | S40: 8 | T40: 8 | U40: 6 | V40: 9 | W40: 7 | X40: 8 | Y40: 10 | Z40: 4 | AA40: 7 | AB40: 14 | AC40: 7 | AD40: 7 | AE40: 9 | AF40: 4 | AG40: =SUM(B40:AF40) -> 253
A41: 20:00 | B41: 7 | C41: 7 | D41: 5 | E41: 7 | F41: 2 | G41: 6 | H41: 8 | I41: 9 | J41: 1 | K41: 7 | L41: 5 | M41: 2 | N41: 7 | O41: 9 | P41: 12 | Q41: 6 | R41: 7 | S41: 4 | T41: 7 | U41: 5 | V41: 4 | W41: 6 | X41: 4 | Y41: 4 | AA41: 6 | AB41: 10 | AC41: 5 | AD41: 9 | AE41: 3 | AF41: 3 | AG41: =SUM(B41:AF41) -> 177
A42: 21:00 | B42: 6 | C42: 4 | D42: 2 | E42: 2 | F42: 3 | G42: 5 | H42: 5 | I42: 3 | J42: 2 | K42: 5 | L42: 2 | M42: 6 | N42: 11 | O42: 8 | P42: 4 | Q42: 6 | R42: 17 | S42: 9 | T42: 3 | U42: 1 | V42: 4 | W42: 6 | X42: 2 | Y42: 3 | Z42: 1 | AA42: 1 | AB42: 5 | AC42: 5 | AE42: 4 | AF42: 2 | AG42: =SUM(B42:AF42) -> 137
A43: 22:00 | B43: 1 | C43: 1 | D43: 4 | E43: 6 | F43: 6 | H43: 2 | I43: 5 | J43: 2 | K43: 1 | L43: 4 | N43: 3 | O43: 5 | P43: 6 | Q43: 4 | R43: 8 | S43: 3 | T43: 3 | U43: 7 | W43: 2 | X43: 3 | Y43: 4 | Z43: 3 | AA43: 3 | AB43: 3 | AC43: 3 | AD43: 4 | AE43: 2 | AF43: 1 | AG43: =SUM(B43:AF43) -> 99
A44: 23:00 | C44: 3 | D44: 1 | E44: 3 | F44: 7 | G44: 2 | I44: 2 | K44: 2 | L44: 6 | N44: 3 | O44: 1 | P44: 2 | Q44: 3 | R44: 1 | S44: 1 | T44: 4 | V44: 1 | W44: 1 | X44: 2 | Y44: 1 | Z44: 2 | AA44: 1 | AB44: 3 | AC44: 3 | AD44: 2 | AE44: 1 | AF44: 3 | AG44: =SUM(B44:AF44) -> 61
A45: 00:00 | B45: 2 | D45: 1 | F45: 2 | I45: 1 | K45: 3 | L45: 1 | N45: 1 | O45: 1 | P45: 1 | Q45: 1 | R45: 2 | S45: 1 | T45: 1 | U45: 2 | V45: 2 | W45: 2 | X45: 1 | Y45: 2 | Z45: 1 | AA45: 3 | AB45: 3 | AC45: 2 | AD45: 2 | AE45: 1 | AF45: 3 | AG45: =SUM(B45:AF45) -> 42
A46: 01:00 | B46: 3 | E46: 2 | J46: 5 | K46: 1 | L46: 0 | M46: 1 | N46: 1 | O46: 2 | P46: 2 | Q46: 2 | S46: 1 | T46: 2 | W46: 1 | X46: 1 | Y46: 5 | Z46: 1 | AB46: 4 | AC46: 1 | AD46: 3 | AE46: 2 | AG46: =SUM(B46:AF46) -> 40
A47: 02:00 | E47: 2 | G47: 1 | H47: 1 | K47: 4 | L47: 1 | M47: 2 | O47: 2 | Q47: 4 | T47: 1 | U47: 1 | Y47: 2 | Z47: 2 | AF47: 4 | AG47: =SUM(B47:AF47) -> 27
A48: 03:00 | D48: 1 | J48: 1 | K48: 1 | L48: 0 | T48: 2 | V48: 1 | Y48: 4 | AA48: 1 | AC48: 2 | AG48: =SUM(B48:AF48) -> 13
A49: 04:00 | B49: 2 | E49: 1 | G49: 1 | I49: 1 | J49: 3 | L49: 1 | V49: 1 | Y49: 1 | Z49: 1 | AA49: 1 | AG49: =SUM(B49:AF49) -> 13
A50: 05:00 | B50: 1 | F50: 1 | K50: 2 | L50: 0 | R50: 2 | U50: 3 | W50: 4 | Z50: 2 | AE50: 1 | AG50: =SUM(B50:AF50) -> 16
A51: 06:00 | B51: 2 | C51: 3 | D51: 3 | G51: 2 | L51: 1 | O51: 1 | Q51: 1 | T51: 1 | U51: 2 | AD51: 1 | AG51: =SUM(B51:AF51) -> 17
A52: 07:00 | D52: 1 | G52: 1 | H52: 1 | L52: 1 | M52: 1 | S52: 1 | V52: 1 | AC52: 3 | AE52: 1 | AG52: =SUM(B52:AF52) -> 11
A53: Total de NSP | B53: =SUM(B54:B77) -> 0 | C53: =SUM(C54:C77) -> 8 | D53: =SUM(D54:D77) -> 4 | E53: =SUM(E54:E77) -> 1 | F53: =SUM(F54:F77) -> 3 | G53: =SUM(G54:G77) -> 19 | H53: =SUM(H54:H77) -> 10 | I53: =SUM(I54:I77) -> 11 | ... AF53: =SUM(AF54:AF77) -> 3 | AG53: =SUM(B53:AF53) -> 213
A54: 08:00 | G54: 2 | H54: 1 | R54: 1 | W54: 1 | X54: 1 | AG54: =SUM(B54:AF54) -> 6
A55: 09:00 | C55: 1 | D55: 2 | I55: 3 | V55: 2 | W55: 3 | X55: 2 | AF55: 1 | AG55: =SUM(B55:AF55) -> 14
A56: 10:00 | C56: 1 | G56: 5 | I56: 1 | J56: 2 | K56: 3 | Q56: 1 | U56: 1 | V56: 2 | W56: 3 | X56: 1 | Y56: 1 | AB56: 2 | AC56: 1 | AG56: =SUM(B56:AF56) -> 24
A57: 11:00 | C57: 1 | G57: 5 | I57: 1 | P57: 1 | R57: 1 | S57: 1 | U57: 2 | V57: 1 | W57: 2 | X57: 2 | Z57: 1 | AD57: 1 | AE57: 1 | AG57: =SUM(B57:AF57) -> 20
A58: 12:00 | C58: 1 | G58: 2 | H58: 2 | M58: 1 | U58: 2 | W58: 1 | X58: 2 | Y58: 1 | Z58: 1 | AB58: 4 | AC58: 1 | AD58: 1 | AF58: 1 | AG58: =SUM(B58:AF58) -> 20
A59: 13:00 | C59: 1 | G59: 1 | N59: 1 | W59: 1 | Y59: 1 | Z59: 3 | AB59: 1 | AC59: 3 | AG59: =SUM(B59:AF59) -> 12
A60: 14:00 | P60: 1 | S60: 1 | U60: 2 | V60: 1 | X60: 1 | Y60: 1 | AB60: 5 | AD60: 1 | AE60: 3 | AG60: =SUM(B60:AF60) -> 16
