Workbook

Sheet FORMATO 2021
A2: X X X X X | B2: 1 | C2: =+B2+1 -> 2 | D2: =+C2+1 -> 3 | E2: =+D2+1 -> 4 | F2: =+E2+1 -> 5 | G2: =+F2+1 -> 6 | H2: =+G2+1 -> 7 | I2: =+H2+1 -> 8 | J2: =+I2+1 -> 9 | ... AA2: =+Z2+1 -> 26 | AB2: 27 | AC2: =+AB2+1 -> 28 | AD2: 29 | AE2: 30 | AF2: 31 | AG2: TOTAL
A3: Total de Inscritos | B3: =SUM(B4:B27) -> 0 | C3: =SUM(C4:C27) -> 0 | D3: =SUM(D4:D27) -> 0 | E3: =SUM(E4:E27) -> 0 | F3: =SUM(F4:F27) -> 0 | G3: =SUM(G4:G27) -> 0 | H3: =SUM(H4:H27) -> 0 | I3: =SUM(I4:I27) -> 0 | ... AF3: =SUM(AF4:AF27) -> 0 | AG3: =SUM(B3:AF3) -> 0
A4: 08:00 | AG4: =SUM(B4:AF4) -> 0
A5: 09:00 | AG5: =SUM(B5:AF5) -> 0
A6: 10:00 | AG6: =SUM(B6:AF6) -> 0
A7: 11:00 | AG7: =SUM(B7:AF7) -> 0
A8: 12:00 | AG8: =SUM(B8:AF8) -> 0
A9: 13:00 | AG9: =SUM(B9:AF9) -> 0
A10: 14:00 | AG10: =SUM(B10:AF10) -> 0
A11: 15:00 | AG11: =SUM(B11:AF11) -> 0
A12: 16:00 | AG12: =SUM(B12:AF12) -> 0
A13: 17:00 | AG13: =SUM(B13:AF13) -> 0
A14: 18:00 | AG14: =SUM(B14:AF14) -> 0
A15: 19:00 | AG15: =SUM(B15:AF15) -> 0
... A27: 07:00 | AG27: =SUM(B27:AF27) -> 0
A28: Total de atendidos | B28: =SUM(B29:B52) -> 0 | C28: =SUM(C29:C52) -> 0 | D28: =SUM(D29:D52) -> 0 | E28: =SUM(E29:E52) -> 0 | F28: =SUM(F29:F52) -> 0 | G28: =SUM(G29:G52) -> 0 | H28: =SUM(H29:H52) -> 0 | I28: =SUM(I29:I52) -> 0 | ... AF28: =SUM(AF29:AF52) -> 0 | AG28: =SUM(B28:AF28) -> 0
A29: 08:00 | AG29: =SUM(B29:AF29) -> 0
A30: 09:00 | AG30: =SUM(B30:AF30) -> 0
A31: 10:00 | AG31: =SUM(B31:AF31) -> 0
A32: 11:00 | AG32: =SUM(B32:AF32) -> 0
A33: 12:00 | AG33: =SUM(B33:AF33) -> 0
A34: 13:00 | AG34: =SUM(B34:AF34) -> 0
A35: 14:00 | AG35: =SUM(B35:AF35) -> 0
A36: 15:00 | AG36: =SUM(B36:AF36) -> 0
A37: 16:00 | AG37: =SUM(B37:AF37) -> 0
A38: 17:00 | AG38: =SUM(B38:AF38) -> 0
A39: 18:00 | AG39: =SUM(B39:AF39) -> 0
A40: 19:00 | AG40: =SUM(B40:AF40) -> 0
... A52: 07:00 | AG52: =SUM(B52:AF52) -> 0
A53: Total de NSP | B53: =SUM(B54:B77) -> 0 | C53: =SUM(C54:C77) -> 0 | D53: =SUM(D54:D77) -> 0 | E53: =SUM(E54:E77) -> 0 | F53: =SUM(F54:F77) -> 0 | G53: =SUM(G54:G77) -> 0 | H53: =SUM(H54:H77) -> 0 | I53: =SUM(I54:I77) -> 0 | ... AF53: =SUM(AF54:AF77) -> 0 | AG53: =SUM(B53:AF53) -> 0
A54: 08:00 | AG54: =SUM(B54:AF54) -> 0
A55: 09:00 | AG55: =SUM(B55:AF55) -> 0
A56: 10:00 | AG56: =SUM(B56:AF56) -> 0
A57: 11:00 | AG57: =SUM(B57:AF57) -> 0
A58: 12:00 | AG58: =SUM(B58:AF58) -> 0
A59: 13:00 | AG59: =SUM(B59:AF59) -> 0
A60: 14:00 | AG60: =SUM(B60:AF60) -> 0
A61: 15:00 | AG61: =SUM(B61:AF61) -> 0
A62: 16:00 | AG62: =SUM(B62:AF62) -> 0
A63: 17:00 | AG63: =SUM(B63:AF63) -> 0
A64: 18:00 | AG64: =SUM(B64:AF64) -> 0
A65: 19:00 | AG65: =SUM(B65:AF65) -> 0
... A77: 07:00 | AG77: =SUM(B77:AF77) -> 0
A78: TOTAL PACIENTES INSCRITOS | B78: =SUM(B79:B80) -> 0 | C78: =SUM(C79:C80) -> 0 | D78: =SUM(D79:D80) -> 0 | E78: =SUM(E79:E80) -> 0 | F78: =SUM(F79:F80) -> 0 | G78: =SUM(G79:G80) -> 0 | H78: =SUM(H79:H80) -> 0 | I78: =SUM(I79:I80) -> 0 | ... AF78: =SUM(AF79:AF80) -> 0 | AG78: =SUM(B78:AF78) -> 0
A79: SAR | B79: =SUM(B4:B27)-B80 -> 0 | C79: =SUM(C4:C27)-C80 -> 0 | D79: =SUM(D4:D27)-D80 -> 0 | E79: =SUM(E4:E27)-E80 -> 0 | F79: =SUM(F4:F27)-F80 -> 0 | G79: =SUM(G4:G27)-G80 -> 0 | H79: =SUM(H4:H27)-H80 -> 0 | I79: =SUM(I4:I27)-I80 -> 0 | ... AF79: =SUM(AF4:AF27)-AF80 -> 0 | AG79: =SUM(B79:AF79) -> 0
A80: PAR | D80: 0 | E80: 0 | F80: =SUM(F4:F12) -> 0 | G80: =SUM(G4:G12) -> 0 | H80: =SUM(H4:H12) -> 0 | K80: 0 | L80: 0 | M80: =SUM(M4:M12) -> 0 | N80: =SUM(N4:N12) -> 0 | O80: =SUM(O4:O12) -> 0 | R80: =SUM(R4:R12) -> 0 | S80: =SUM(S4:S12) -> 0 | T80: =SUM(T4:T12) -> 0 | U80: =SUM(U4:U12) -> 0 | V80: =SUM(V4:V12) -> 0 | Y80: =SUM(Y4:Y12) -> 0 | AA80: =SUM(AA4:AA12) -> 0 | AB80: =SUM(AB4:AB12) -> 0 | AC80: =SUM(AC4:AC12) -> 0 | AF80: =SUM(AF4:AF12) -> 0 | AG80: =SUM(B80:AF80) -> 0
A81: TOTAL NSP | B81: =SUM(B82:B83) -> 0 | C81: =SUM(C82:C83) -> 0 | D81: =SUM(D82:D83) -> 0 | E81: =SUM(E82:E83) -> 0 | F81: =SUM(F82:F83) -> 0 | G81: =SUM(G82:G83) -> 0 | H81: =SUM(H82:H83) -> 0 | I81: =SUM(I82:I83) -> 0 | ... AF81: =SUM(AF82:AF83) -> 0 | AG81: =SUM(B81:AF81) -> 0 | AH81: =IF(AG81<>AG53,"*","")
A82: PAR | B82: =SUM(B54:B62) -> 0 | C82: =SUM(C54:C62) -> 0 | D82: =SUM(D54:D62) -> 0 | E82: =SUM(E54:E62) -> 0 | F82: =SUM(F54:F62) -> 0 | G82: =SUM(G54:G62) -> 0 | H82: =SUM(H54:H62) -> 0 | I82: =SUM(I54:I62) -> 0 | ... AF82: =SUM(AF54:AF62) -> 0 | AG82: =SUM(B82:AF82) -> 0
A83: SAR | B83: =SUM(B54:B77)-B82 -> 0 | C83: =SUM(C54:C77)-C82 -> 0 | D83: =SUM(D54:D77)-D82 -> 0 | E83: =SUM(E54:E77)-E82 -> 0 | F83: =SUM(F54:F77)-F82 -> 0 | G83: =SUM(G54:G77)-G82 -> 0 | H83: =SUM(H54:H77)-H82 -> 0 | I83: =SUM(I54:I77)-I82 -> 0 | ... AF83: =SUM(AF54:AF77)-AF82 -> 0 | AG83: =SUM(B83:AF83) -> 0
A84: NSP PEDIATR. / ADULTOS | B84: =SUM(B85:B86) -> 0 | C84: =SUM(C85:C86) -> 0 | D84: =SUM(D85:D86) -> 0 | E84: =SUM(E85:E86) -> 0 | F84: =SUM(F85:F86) -> 0 | G84: =SUM(G85:G86) -> 0 | H84: =SUM(H85:H86) -> 0 | I84: =SUM(I85:I86) -> 0 | ... AF84: =SUM(AF85:AF86) -> 0 | AG84: =SUM(B84:AF84) -> 0 | AH84: =IF(AG84<>AG82+AG83,"*","") | AI84: NSP
A85: NSP PEDIATRICOS (<15 AÑOS) | AG85: =SUM(B85:AF85) -> 0
A86: NSP ADULTOS | AG86: =SUM(B86:AF86) -> 0
A87: NSP CATEGORIZACION | B87: =SUM(B88:B92) -> 0 | C87: =SUM(C88:C92) -> 0 | D87: =SUM(D88:D92) -> 0 | E87: =SUM(E88:E92) -> 0 | F87: =SUM(F88:F92) -> 0 | G87: =SUM(G88:G92) -> 0 | H87: =SUM(H88:H92) -> 0 | I87: =SUM(I88:I92) -> 0 | ... AF87: =SUM(AF88:AF92) -> 0 | AG87: =SUM(B87:AF87) -> 0 | AH87: =IF(AG87<>AG84,"*","")
A88: SIN CATEGORIZACIÓN nsp | AG88: =SUM(B88:AF88) -> 0
A89: C2 | AG89: =SUM(B89:AF89) -> 0
A90: C3 | AG90: =SUM(B90:AF90) -> 0
A91: C4 | AG91: =SUM(B91:AF91) -> 0
A92: C5 | AG92: =SUM(B92:AF92) -> 0
A93: TOTAL PACIENTES ATENDIDOS | B93: =+B94+B100 -> 0 | C93: =+C94+C100 -> 0 | D93: =+D94+D100 -> 0 | E93: =+E94+E100 -> 0 | F93: =+F94+F100 -> 0 | G93: =+G94+G100 -> 0 | H93: =+H94+H100 -> 0 | I93: =+I94+I100 -> 0 | ... AF93: =+AF94+AF100 -> 0 | AG93: =SUM(B93:AF93) -> 0 | AH93: =IF(AG93<>AG28,"*","")
A94: Menor 15 años | B94: =SUM(B95:B99) -> 0 | C94: =SUM(C95:C99) -> 0 | D94: =SUM(D95:D99) -> 0 | E94: =SUM(E95:E99) -> 0 | F94: =SUM(F95:F99) -> 0 | G94: =SUM(G95:G99) -> 0 | H94: =SUM(H95:H99) -> 0 | I94: =SUM(I95:I99) -> 0 | ... AF94: =SUM(AF95:AF99) -> 0 | AG94: =SUM(B94:AF94) -> 0
A95: Menor 1 Año | AG95: =SUM(B95:AF95) -> 0
A96: 1 Año | AG96: =SUM(B96:AF96) -> 0
A97: 2 - 4 | AG97: =SUM(B97:AF97) -> 0
A98: 5 - 9 | AG98: =SUM(B98:AF98) -> 0
A99: 10 - 14 | AG99: =SUM(B99:AF99) -> 0
A100: Mayor de 15 años | B100: =SUM(B101:B115) -> 0 | C100: =SUM(C101:C115) -> 0 | D100: =SUM(D101:D115) -> 0 | E100: =SUM(E101:E115) -> 0 | F100: =SUM(F101:F115) -> 0 | G100: =SUM(G101:G115) -> 0 | H100: =SUM(H101:H115) -> 0 | I100: =SUM(I101:I115) -> 0 | ... AF100: =SUM(AF101:AF115) -> 0 | AG100: =SUM(B100:AF100) -> 0
A101: 15 - 19 | AG101: =SUM(B101:AF101) -> 0
A102: 20 - 24 | AG102: =SUM(B102:AF102) -> 0
A103: 25 - 29 | AG103: =SUM(B103:AF103) -> 0
A104: 30 - 34 | AG104: =SUM(B104:AF104) -> 0
A105: 35 - 39 | AG105: =SUM(B105:AF105) -> 0
A106: 40 - 44 | AG106: =SUM(B106:AF106) -> 0
A107: 45 - 49 | AG107: =SUM(B107:AF107) -> 0
A108: 50 - 54 | AG108: =SUM(B108:AF108) -> 0
A109: 55 - 59 | AG109: =SUM(B109:AF109) -> 0
A110: 60 - 64 | AG110: =SUM(B110:AF110) -> 0
A111: 65 - 69 | AG111: =SUM(B111:AF111) -> 0
A112: 70 - 74 | AG112: =SUM(B112:AF112) -> 0
... A114: 80 y mas | AG114: =SUM(B114:AF114) -> 0
AG115: =SUM(B115:AF115) -> 0
A116: CENTRO DE SALUD INSCRITO | B116: =SUM(B117:B129) -> 0 | C116: =SUM(C117:C129) -> 0 | D116: =SUM(D117:D129) -> 0 | E116: =SUM(E117:E129) -> 0 | F116: =SUM(F117:F129) -> 0 | G116: =SUM(G117:G129) -> 0 | H116: =SUM(H117:H129) -> 0 | I116: =SUM(I117:I129) -> 0 | ... AF116: =SUM(AF117:AF129) -> 0 | AG116: =SUM(B116:AF116) -> 0
A117: Violeta Parra | AG117: =SUM(B117:AF117) -> 0
A118: Ultraestación | AG118: =SUM(B118:AF118) -> 0
A119: Los Volcanes | AG119: =SUM(B119:AF119) -> 0
A120: Isabel Riquelme | AG120: =SUM(B120:AF120) -> 0
A121: Sol de Oriente | AG121: =SUM(B121:AF121) -> 0
A122: San Ramón Nonato | AG122: =SUM(B122:AF122) -> 0
A123: Federico Puga | AG123: =SUM(B123:AF123) -> 0
A124: Michelle Bachelet | AG124: =SUM(B124:AF124) -> 0
A125: Coihueco | AG125: =SUM(B125:AF125) -> 0
A126: Pinto | AG126: =SUM(B126:AF126) -> 0
A127: Portezuelo | AG127: =SUM(B127:AF127) -> 0
A128: Otros | AG128: =SUM(B128:AF128) -> 0
A129: Sin Centro de Salud | AG129: =SUM(B129:AF129) -> 0
A130: CENTRO DE SALUD ATENDIDO | B130: =SUM(B131:B143) -> 0 | C130: =SUM(C131:C143) -> 0 | D130: =SUM(D131:D143) -> 0 | E130: =SUM(E131:E143) -> 0 | F130: =SUM(F131:F143) -> 0 | G130: =SUM(G131:G143) -> 0 | H130: =SUM(H131:H143) -> 0 | I130: =SUM(I131:I143) -> 0 | ... AF130: =SUM(AF131:AF143) -> 0 | AG130: =SUM(B130:AF130) -> 0 | AH130: =IF(AG130<>AG93,"*","")
A131: Violeta Parra | AG131: =SUM(B131:AF131) -> 0
A132: Ultraestación | AG132: =SUM(B132:AF132) -> 0
A133: Los Volcanes | AG133: =SUM(B133:AF133) -> 0
A134: Isabel Riquelme | AG134: =SUM(B134:AF134) -> 0
A135: Sol de Oriente | AG135: =SUM(B135:AF135) -> 0
...

Sheet CONSOLIDADO
A2: 2021 | B2: ENERO | C2: FEBRERO | D2: MARZO | E2: ABRIL | F2: MAYO | G2: JUNIO | H2: JULIO | I2: AGOSTO | J2: SEPTIEMBRE | K2: OCTUBRE | L2: NOVIEMBRE | M2: DICIEMBRE | N2: TOTAL
A3: Total de Inscritos | B3: =+ENERO!$AG3 -> 4381 | C3: =+FEBRERO!$AG3 -> 4349 | D3: =+MARZO!$AG3 -> 4712 | E3: =+ABRIL!$AG3 -> 4111 | F3: =+MAYO!$AG3 -> 4600 | G3: =+JUNIO!$AG3 -> 4530 | H3: =+JULIO!$AG3 -> 4477 | I3: =+AGOSTO!$AG3 -> 4539 | J3: =+SEPTIEMBRE!$AG3 -> 4026 | K3: =+OCTUBRE!$AG3 -> 4760 | L3: =+NOVIEMBRE!$AG3 -> 5101 | M3: =+DICIEMBRE!$AG3 -> 1329 | N3: =SUM(B3:M3) -> 50915
A4: 08:00 | B4: =+ENERO!$AG4 -> 117 | C4: =+FEBRERO!$AG4 -> 129 | D4: =+MARZO!$AG4 -> 77 | E4: =+ABRIL!$AG4 -> 102 | F4: =+MAYO!$AG4 -> 140 | G4: =+JUNIO!$AG4 -> 138 | H4: =+JULIO!$AG4 -> 100 | I4: =+AGOSTO!$AG4 -> 104 | J4: =+SEPTIEMBRE!$AG4 -> 78 | K4: =+OCTUBRE!$AG4 -> 80 | L4: =+NOVIEMBRE!$AG4 -> 106 | M4: =+DICIEMBRE!$AG4 -> 27 | N4: =SUM(B4:M4) -> 1198
A5: 09:00 | B5: =+ENERO!$AG5 -> 129 | C5: =+FEBRERO!$AG5 -> 181 | D5: =+MARZO!$AG5 -> 137 | E5: =+ABRIL!$AG5 -> 144 | F5: =+MAYO!$AG5 -> 170 | G5: =+JUNIO!$AG5 -> 184 | H5: =+JULIO!$AG5 -> 138 | I5: =+AGOSTO!$AG5 -> 155 | J5: =+SEPTIEMBRE!$AG5 -> 116 | K5: =+OCTUBRE!$AG5 -> 163 | L5: =+NOVIEMBRE!$AG5 -> 139 | M5: =+DICIEMBRE!$AG5 -> 44 | N5: =SUM(B5:M5) -> 1700
A6: 10:00 | B6: =+ENERO!$AG6 -> 186 | C6: =+FEBRERO!$AG6 -> 196 | D6: =+MARZO!$AG6 -> 189 | E6: =+ABRIL!$AG6 -> 169 | F6: =+MAYO!$AG6 -> 173 | G6: =+JUNIO!$AG6 -> 202 | H6: =+JULIO!$AG6 -> 168 | I6: =+AGOSTO!$AG6 -> 166 | J6: =+SEPTIEMBRE!$AG6 -> 134 | K6: =+OCTUBRE!$AG6 -> 142 | L6: =+NOVIEMBRE!$AG6 -> 151 | M6: =+DICIEMBRE!$AG6 -> 43 | N6: =SUM(B6:M6) -> 1919
A7: 11:00 | B7: =+ENERO!$AG7 -> 192 | C7: =+FEBRERO!$AG7 -> 226 | D7: =+MARZO!$AG7 -> 204 | E7: =+ABRIL!$AG7 -> 212 | F7: =+MAYO!$AG7 -> 249 | G7: =+JUNIO!$AG7 -> 226 | H7: =+JULIO!$AG7 -> 199 | I7: =+AGOSTO!$AG7 -> 179 | J7: =+SEPTIEMBRE!$AG7 -> 139 | K7: =+OCTUBRE!$AG7 -> 140 | L7: =+NOVIEMBRE!$AG7 -> 173 | M7: =+DICIEMBRE!$AG7 -> 61 | N7: =SUM(B7:M7) -> 2200
A8: 12:00 | B8: =+ENERO!$AG8 -> 230 | C8: =+FEBRERO!$AG8 -> 240 | D8: =+MARZO!$AG8 -> 213 | E8: =+ABRIL!$AG8 -> 208 | F8: =+MAYO!$AG8 -> 249 | G8: =+JUNIO!$AG8 -> 249 | H8: =+JULIO!$AG8 -> 247 | I8: =+AGOSTO!$AG8 -> 174 | J8: =+SEPTIEMBRE!$AG8 -> 143 | K8: =+OCTUBRE!$AG8 -> 179 | L8: =+NOVIEMBRE!$AG8 -> 187 | M8: =+DICIEMBRE!$AG8 -> 40 | N8: =SUM(B8:M8) -> 2359
A9: 13:00 | B9: =+ENERO!$AG9 -> 197 | C9: =+FEBRERO!$AG9 -> 178 | D9: =+MARZO!$AG9 -> 173 | E9: =+ABRIL!$AG9 -> 196 | F9: =+MAYO!$AG9 -> 233 | G9: =+JUNIO!$AG9 -> 186 | H9: =+JULIO!$AG9 -> 168 | I9: =+AGOSTO!$AG9 -> 162 | J9: =+SEPTIEMBRE!$AG9 -> 132 | K9: =+OCTUBRE!$AG9 -> 151 | L9: =+NOVIEMBRE!$AG9 -> 150 | M9: =+DICIEMBRE!$AG9 -> 42 | N9: =SUM(B9:M9) -> 1968
A10: 14:00 | B10: =+ENERO!$AG10 -> 170 | C10: =+FEBRERO!$AG10 -> 212 | D10: =+MARZO!$AG10 -> 148 | E10: =+ABRIL!$AG10 -> 187 | F10: =+MAYO!$AG10 -> 197 | G10: =+JUNIO!$AG10 -> 184 | H10: =+JULIO!$AG10 -> 155 | I10: =+AGOSTO!$AG10 -> 170 | J10: =+SEPTIEMBRE!$AG10 -> 104 | K10: =+OCTUBRE!$AG10 -> 155 | L10: =+NOVIEMBRE!$AG10 -> 154 | M10: =+DICIEMBRE!$AG10 -> 37 | N10: =SUM(B10:M10) -> 1873
A11: 15:00 | B11: =+ENERO!$AG11 -> 195 | C11: =+FEBRERO!$AG11 -> 218 | D11: =+MARZO!$AG11 -> 191 | E11: =+ABRIL!$AG11 -> 197 | F11: =+MAYO!$AG11 -> 247 | G11: =+JUNIO!$AG11 -> 256 | H11: =+JULIO!$AG11 -> 189 | I11: =+AGOSTO!$AG11 -> 184 | J11: =+SEPTIEMBRE!$AG11 -> 161 | K11: =+OCTUBRE!$AG11 -> 164 | L11: =+NOVIEMBRE!$AG11 -> 211 | M11: =+DICIEMBRE!$AG11 -> 55 | N11: =SUM(B11:M11) -> 2268
A12: 16:00 | B12: =+ENERO!$AG12 -> 271 | C12: =+FEBRERO!$AG12 -> 342 | D12: =+MARZO!$AG12 -> 246 | E12: =+ABRIL!$AG12 -> 232 | F12: =+MAYO!$AG12 -> 298 | G12: =+JUNIO!$AG12 -> 263 | H12: =+JULIO!$AG12 -> 221 | I12: =+AGOSTO!$AG12 -> 237 | J12: =+SEPTIEMBRE!$AG12 -> 176 | K12: =+OCTUBRE!$AG12 -> 226 | L12: =+NOVIEMBRE!$AG12 -> 245 | M12: =+DICIEMBRE!$AG12 -> 63 | N12: =SUM(B12:M12) -> 2820
A13: 17:00 | B13: =+ENERO!$AG13 -> 709 | C13: =+FEBRERO!$AG13 -> 511 | D13: =+MARZO!$AG13 -> 970 | E13: =+ABRIL!$AG13 -> 784 | F13: =+MAYO!$AG13 -> 829 | G13: =+JUNIO!$AG13 -> 890 | H13: =+JULIO!$AG13 -> 890 | I13: =+AGOSTO!$AG13 -> 972 | J13: =+SEPTIEMBRE!$AG13 -> 917 | K13: =+OCTUBRE!$AG13 -> 984 | L13: =+NOVIEMBRE!$AG13 -> 975 | M13: =+DICIEMBRE!$AG13 -> 247 | N13: =SUM(B13:M13) -> 9678
A14: 18:00 | B14: =+ENERO!$AG14 -> 382 | C14: =+FEBRERO!$AG14 -> 358 | D14: =+MARZO!$AG14 -> 399 | E14: =+ABRIL!$AG14 -> 394 | F14: =+MAYO!$AG14 -> 408 | G14: =+JUNIO!$AG14 -> 388 | H14: =+JULIO!$AG14 -> 424 | I14: =+AGOSTO!$AG14 -> 445 | J14: =+SEPTIEMBRE!$AG14 -> 379 | K14: =+OCTUBRE!$AG14 -> 465 | L14: =+NOVIEMBRE!$AG14 -> 520 | M14: =+DICIEMBRE!$AG14 -> 114 | N14: =SUM(B14:M14) -> 4676
... A80: PAR | B80: =+ENERO!$AG80 -> 812 | C80: =+FEBRERO!$AG80 -> 986 | D80: =+MARZO!$AG80 -> 931 | E80: =+ABRIL!$AG80 -> 794 | F80: =+MAYO!$AG80 -> 887 | G80: =+JUNIO!$AG80 -> 1095 | H80: =+JULIO!$AG80 -> 814 | I80: =+AGOSTO!$AG80 -> 738 | J80: =+SEPTIEMBRE!$AG80 -> 664 | K80: =+OCTUBRE!$AG80 -> 602 | L80: =+NOVIEMBRE!$AG80 -> 903 | M80: =+DICIEMBRE!$AG80 -> 127 | N80: =SUM(B80:M80) -> 9353
A81: TOTAL NSP | B81: =+ENERO!$AG81 -> 279 | C81: =+FEBRERO!$AG81 -> 190 | D81: =+MARZO!$AG81 -> 263 | E81: =+ABRIL!$AG81 -> 235 | F81: =+MAYO!$AG81 -> 240 | G81: =+JUNIO!$AG81 -> 182 | H81: =+JULIO!$AG81 -> 159 | I81: =+AGOSTO!$AG81 -> 203 | J81: =+SEPTIEMBRE!$AG81 -> 181 | K81: =+OCTUBRE!$AG81 -> 210 | L81: =+NOVIEMBRE!$AG81 -> 334 | M81: =+DICIEMBRE!$AG81 -> 33 | N81: =SUM(B81:M81) -> 2509 | O81: =IF(N81<>N53,"*","")
A82: PAR | B82: =+ENERO!$AG82 -> 36 | C82: =+FEBRERO!$AG82 -> 92 | D82: =+MARZO!$AG82 -> 21 | E82: =+ABRIL!$AG82 -> 42 | F82: =+MAYO!$AG82 -> 35 | G82: =+JUNIO!$AG82 -> 42 | H82: =+JULIO!$AG82 -> 13 | I82: =+AGOSTO!$AG82 -> 20 | J82: =+SEPTIEMBRE!$AG82 -> 16 | K82: =+OCTUBRE!$AG82 -> 7 | L82: =+NOVIEMBRE!$AG82 -> 16 | M82: =+DICIEMBRE!$AG82 -> 4 | N82: =SUM(B82:M82) -> 344
A83: SAR | B83: =+ENERO!$AG83 -> 243 | C83: =+FEBRERO!$AG83 -> 98 | D83: =+MARZO!$AG83 -> 242 | E83: =+ABRIL!$AG83 -> 193 | F83: =+MAYO!$AG83 -> 205 | G83: =+JUNIO!$AG83 -> 140 | H83: =+JULIO!$AG83 -> 146 | I83: =+AGOSTO!$AG83 -> 183 | J83: =+SEPTIEMBRE!$AG83 -> 165 | K83: =+OCTUBRE!$AG83 -> 203 | L83: =+NOVIEMBRE!$AG83 -> 318 | M83: =+DICIEMBRE!$AG83 -> 29 | N83: =SUM(B83:M83) -> 2165
A84: NSP PEDIATR. / ADULTOS | B84: =+ENERO!$AG84 -> 279 | C84: =+FEBRERO!$AG84 -> 190 | D84: =+MARZO!$AG84 -> 263 | E84: =+ABRIL!$AG84 -> 235 | F84: =+MAYO!$AG84 -> 240 | G84: =+JUNIO!$AG84 -> 182 | H84: =+JULIO!$AG84 -> 159 | I84: =+AGOSTO!$AG84 -> 203 | J84: =+SEPTIEMBRE!$AG84 -> 181 | K84: =+OCTUBRE!$AG84 -> 210 | L84: =+NOVIEMBRE!$AG84 -> 339 | M84: =+DICIEMBRE!$AG84 -> 33 | N84: =SUM(B84:M84) -> 2514 | O84: =IF(N84<>N82+N83,"*","") -> * | P84: NSP
A85: NSP PEDIATRICOS (<15 AÑOS) | B85: =+ENERO!$AG85 -> 31 | C85: =+FEBRERO!$AG85 -> 18 | D85: =+MARZO!$AG85 -> 20 | E85: =+ABRIL!$AG85 -> 27 | F85: =+MAYO!$AG85 -> 19 | G85: =+JUNIO!$AG85 -> 15 | H85: =+JULIO!$AG85 -> 15 | I85: =+AGOSTO!$AG85 -> 26 | J85: =+SEPTIEMBRE!$AG85 -> 24 | K85: =+OCTUBRE!$AG85 -> 28 | L85: =+NOVIEMBRE!$AG85 -> 63 | M85: =+DICIEMBRE!$AG85 -> 2 | N85: =SUM(B85:M85) -> 288
A86: NSP ADULTOS | B86: =+ENERO!$AG86 -> 248 | C86: =+FEBRERO!$AG86 -> 172 | D86: =+MARZO!$AG86 -> 243 | E86: =+ABRIL!$AG86 -> 208 | F86: =+MAYO!$AG86 -> 221 | G86: =+JUNIO!$AG86 -> 167 | H86: =+JULIO!$AG86 -> 144 | I86: =+AGOSTO!$AG86 -> 177 | J86: =+SEPTIEMBRE!$AG86 -> 157 | K86: =+OCTUBRE!$AG86 -> 182 | L86: =+NOVIEMBRE!$AG86 -> 276 | M86: =+DICIEMBRE!$AG86 -> 31 | N86: =SUM(B86:M86) -> 2226
A87: NSP CATEGORIZACION | B87: =+ENERO!$AG87 -> 279 | C87: =+FEBRERO!$AG87 -> 190 | D87: =+MARZO!$AG87 -> 263 | E87: =+ABRIL!$AG87 -> 235 | F87: =+MAYO!$AG87 -> 240 | G87: =+JUNIO!$AG87 -> 182 | H87: =+JULIO!$AG87 -> 159 | I87: =+AGOSTO!$AG87 -> 203 | J87: =+SEPTIEMBRE!$AG87 -> 181 | K87: =+OCTUBRE!$AG87 -> 210 | L87: =+NOVIEMBRE!$AG87 -> 339 | M87: =+DICIEMBRE!$AG87 -> 33 | N87: =SUM(B87:M87) -> 2514 | O87: =IF(N87<>N84,"*","")
A88: SIN CATEGORIZACIÓN nsp | B88: =+ENERO!$AG88 -> 124 | C88: =+FEBRERO!$AG88 -> 111 | D88: =+MARZO!$AG88 -> 126 | E88: =+ABRIL!$AG88 -> 129 | F88: =+MAYO!$AG88 -> 127 | G88: =+JUNIO!$AG88 -> 80 | H88: =+JULIO!$AG88 -> 62 | I88: =+AGOSTO!$AG88 -> 83 | J88: =+SEPTIEMBRE!$AG88 -> 63 | K88: =+OCTUBRE!$AG88 -> 71 | L88: =+NOVIEMBRE!$AG88 -> 121 | M88: =+DICIEMBRE!$AG88 -> 13 | N88: =SUM(B88:M88) -> 1110
A89: C2 | B89: =+ENERO!$AG89 -> 0 | C89: =+FEBRERO!$AG89 -> 0 | D89: =+MARZO!$AG89 -> 0 | E89: =+ABRIL!$AG89 -> 0 | F89: =+MAYO!$AG89 -> 0 | G89: =+JUNIO!$AG89 -> 0 | H89: =+JULIO!$AG89 -> 0 | I89: =+AGOSTO!$AG89 -> 0 | J89: =+SEPTIEMBRE!$AG89 -> 0 | K89: =+OCTUBRE!$AG89 -> 0 | L89: =+NOVIEMBRE!$AG89 -> 0 | M89: =+DICIEMBRE!$AG89 -> 0 | N89: =SUM(B89:M89) -> 0
A90: C3 | B90: =+ENERO!$AG90 -> 2 | C90: =+FEBRERO!$AG90 -> 2 | D90: =+MARZO!$AG90 -> 4 | E90: =+ABRIL!$AG90 -> 8 | F90: =+MAYO!$AG90 -> 6 | G90: =+JUNIO!$AG90 -> 1 | H90: =+JULIO!$AG90 -> 1 | I90: =+AGOSTO!$AG90 -> 2 | J90: =+SEPTIEMBRE!$AG90 -> 6 | K90: =+OCTUBRE!$AG90 -> 1 | L90: =+NOVIEMBRE!$AG90 -> 2 | M90: =+DICIEMBRE!$AG90 -> 0 | N90: =SUM(B90:M90) -> 35
A91: C4 | B91: =+ENERO!$AG91 -> 80 | C91: =+FEBRERO!$AG91 -> 50 | D91: =+MARZO!$AG91 -> 77 | E91: =+ABRIL!$AG91 -> 58 | F91: =+MAYO!$AG91 -> 67 | G91: =+JUNIO!$AG91 -> 69 | H91: =+JULIO!$AG91 -> 46 | I91: =+AGOSTO!$AG91 -> 60 | J91: =+SEPTIEMBRE!$AG91 -> 58 | K91: =+OCTUBRE!$AG91 -> 80 | L91: =+NOVIEMBRE!$AG91 -> 145 | M91: =+DICIEMBRE!$AG91 -> 12 | N91: =SUM(B91:M91) -> 802
A92: C5 | B92: =+ENERO!$AG92 -> 73 | C92: =+FEBRERO!$AG92 -> 27 | D92: =+MARZO!$AG92 -> 56 | E92: =+ABRIL!$AG92 -> 40 | F92: =+MAYO!$AG92 -> 40 | G92: =+JUNIO!$AG92 -> 32 | H92: =+JULIO!$AG92 -> 50 | I92: =+AGOSTO!$AG92 -> 58 | J92: =+SEPTIEMBRE!$AG92 -> 54 | K92: =+OCTUBRE!$AG92 -> 58 | L92: =+NOVIEMBRE!$AG92 -> 71 | M92: =+DICIEMBRE!$AG92 -> 8 | N92: =SUM(B92:M92) -> 567
A93: TOTAL PACIENTES ATENDIDOS | B93: =+ENERO!$AG93 -> 4102 | C93: =+FEBRERO!$AG93 -> 4159 | D93: =+MARZO!$AG93 -> 4448 | E93: =+ABRIL!$AG93 -> 3879 | F93: =+MAYO!$AG93 -> 4360 | G93: =+JUNIO!$AG93 -> 4348 | H93: =+JULIO!$AG93 -> 4318 | I93: =+AGOSTO!$AG93 -> 4336 | J93: =+SEPTIEMBRE!$AG93 -> 3845 | K93: =+OCTUBRE!$AG93 -> 4549 | L93: =+NOVIEMBRE!$AG93 -> 4918 | M93: =+DICIEMBRE!$AG93 -> 1296 | N93: =SUM(B93:M93) -> 48558 | O93: =IF(N93<>N28,"*","") -> *
A94: Menor 15 años | B94: =+ENERO!$AG94 -> 287 | C94: =+FEBRERO!$AG94 -> 272 | D94: =+MARZO!$AG94 -> 351 | E94: =+ABRIL!$AG94 -> 286 | F94: =+MAYO!$AG94 -> 261 | G94: =+JUNIO!$AG94 -> 312 | H94: =+JULIO!$AG94 -> 349 | I94: =+AGOSTO!$AG94 -> 395 | J94: =+SEPTIEMBRE!$AG94 -> 409 | K94: =+OCTUBRE!$AG94 -> 617 | L94: =+NOVIEMBRE!$AG94 -> 652 | M94: =+DICIEMBRE!$AG94 -> 164 | N94: =SUM(B94:M94) -> 4355
A95: Menor 1 Año | B95: =+ENERO!$AG95 -> 11 | C95: =+FEBRERO!$AG95 -> 10 | D95: =+MARZO!$AG95 -> 10 | E95: =+ABRIL!$AG95 -> 12 | F95: =+MAYO!$AG95 -> 6 | G95: =+JUNIO!$AG95 -> 11 | H95: =+JULIO!$AG95 -> 5 | I95: =+AGOSTO!$AG95 -> 16 | J95: =+SEPTIEMBRE!$AG95 -> 13 | K95: =+OCTUBRE!$AG95 -> 24 | L95: =+NOVIEMBRE!$AG95 -> 10 | M95: =+DICIEMBRE!$AG95 -> 12 | N95: =SUM(B95:M95) -> 140
A96: 1 Año | B96: =+ENERO!$AG96 -> 14 | C96: =+FEBRERO!$AG96 -> 16 | D96: =+MARZO!$AG96 -> 23 | E96: =+ABRIL!$AG96 -> 22 | F96: =+MAYO!$AG96 -> 13 | G96: =+JUNIO!$AG96 -> 29 | H96: =+JULIO!$AG96 -> 24 | I96: =+AGOSTO!$AG96 -> 22 | J96: =+SEPTIEMBRE!$AG96 -> 33 | K96: =+OCTUBRE!$AG96 -> 76 | L96: =+NOVIEMBRE!$AG96 -> 59 | M96: =+DICIEMBRE!$AG96 -> 13 | N96: =SUM(B96:M96) -> 344
A97: 2 - 4 | B97: =+ENERO!$AG97 -> 57 | C97: =+FEBRERO!$AG97 -> 52 | D97: =+MARZO!$AG97 -> 67 | E97: =+ABRIL!$AG97 -> 36 | F97: =+MAYO!$AG97 -> 36 | G97: =+JUNIO!$AG97 -> 55 | H97: =+JULIO!$AG97 -> 53 | I97: =+AGOSTO!$AG97 -> 64 | J97: =+SEPTIEMBRE!$AG97 -> 104 | K97: =+OCTUBRE!$AG97 -> 175 | L97: =+NOVIEMBRE!$AG97 -> 198 | M97: =+DICIEMBRE!$AG97 -> 54 | N97: =SUM(B97:M97) -> 951
A98: 5 - 9 | B98: =+ENERO!$AG98 -> 91 | C98: =+FEBRERO!$AG98 -> 94 | D98: =+MARZO!$AG98 -> 114 | E98: =+ABRIL!$AG98 -> 110 | F98: =+MAYO!$AG98 -> 79 | G98: =+JUNIO!$AG98 -> 95 | H98: =+JULIO!$AG98 -> 118 | I98: =+AGOSTO!$AG98 -> 131 | J98: =+SEPTIEMBRE!$AG98 -> 130 | K98: =+OCTUBRE!$AG98 -> 186 | L98: =+NOVIEMBRE!$AG98 -> 222 | M98: =+DICIEMBRE!$AG98 -> 37 | N98: =SUM(B98:M98) -> 1407
A99: 10 - 14 | B99: =+ENERO!$AG99 -> 114 | C99: =+FEBRERO!$AG99 -> 100 | D99: =+MARZO!$AG99 -> 137 | E99: =+ABRIL!$AG99 -> 106 | F99: =+MAYO!$AG99 -> 127 | G99: =+JUNIO!$AG99 -> 122 | H99: =+JULIO!$AG99 -> 149 | I99: =+AGOSTO!$AG99 -> 162 | J99: =+SEPTIEMBRE!$AG99 -> 129 | K99: =+OCTUBRE!$AG99 -> 156 | L99: =+NOVIEMBRE!$AG99 -> 163 | M99: =+DICIEMBRE!$AG99 -> 48 | N99: =SUM(B99:M99) -> 1513
A100: Mayor de 15 años | B100: =+ENERO!$AG100 -> 3815 | C100: =+FEBRERO!$AG100 -> 3887 | D100: =+MARZO!$AG100 -> 4097 | E100: =+ABRIL!$AG100 -> 3593 | F100: =+MAYO!$AG100 -> 4099 | G100: =+JUNIO!$AG100 -> 4036 | H100: =+JULIO!$AG100 -> 3969 | I100: =+AGOSTO!$AG100 -> 3941 | J100: =+SEPTIEMBRE!$AG100 -> 3436 | K100: =+OCTUBRE!$AG100 -> 3932 | L100: =+NOVIEMBRE!$AG100 -> 4266 | M100: =+DICIEMBRE!$AG100 -> 1132 | N100: =SUM(B100:M100) -> 44203
A101: 15 - 19 | B101: =+ENERO!$AG101 -> 221 | C101: =+FEBRERO!$AG101 -> 254 | D101: =+MARZO!$AG101 -> 286 | E101: =+ABRIL!$AG101 -> 246 | F101: =+MAYO!$AG101 -> 257 | G101: =+JUNIO!$AG101 -> 256 | H101: =+JULIO!$AG101 -> 261 | I101: =+AGOSTO!$AG101 -> 272 | J101: =+SEPTIEMBRE!$AG101 -> 196 | K101: =+OCTUBRE!$AG101 -> 218 | L101: =+NOVIEMBRE!$AG101 -> 264 | M101: =+DICIEMBRE!$AG101 -> 90 | N101: =SUM(B101:M101) -> 2821
A102: 20 - 24 | B102: =+ENERO!$AG102 -> 479 | C102: =+FEBRERO!$AG102 -> 422 | D102: =+MARZO!$AG102 -> 478 | E102: =+ABRIL!$AG102 -> 451 | F102: =+MAYO!$AG102 -> 495 | G102: =+JUNIO!$AG102 -> 527 | H102: =+JULIO!$AG102 -> 487 | I102: =+AGOSTO!$AG102 -> 447 | J102: =+SEPTIEMBRE!$AG102 -> 378 | K102: =+OCTUBRE!$AG102 -> 470 | L102: =+NOVIEMBRE!$AG102 -> 503 | M102: =+DICIEMBRE!$AG102 -> 120 | N102: =SUM(B102:M102) -> 5257
A103: 25 - 29 | B103: =+ENERO!$AG103 -> 434 | C103: =+FEBRERO!$AG103 -> 450 | D103: =+MARZO!$AG103 -> 483 | E103: =+ABRIL!$AG103 -> 472 | F103: =+MAYO!$AG103 -> 494 | G103: =+JUNIO!$AG103 -> 516 | H103: =+JULIO!$AG103 -> 472 | I103: =+AGOSTO!$AG103 -> 415 | J103: =+SEPTIEMBRE!$AG103 -> 388 | K103: =+OCTUBRE!$AG103 -> 370 | L103: =+NOVIEMBRE!$AG103 -> 506 | M103: =+DICIEMBRE!$AG103 -> 119 | N103: =SUM(B103:M103) -> 5119
A104: 30 - 34 | B104: =+ENERO!$AG104 -> 413 | C104: =+FEBRERO!$AG104 -> 378 | D104: =+MARZO!$AG104 -> 417 | E104: =+ABRIL!$AG104 -> 370 | F104: =+MAYO!$AG104 -> 455 | G104: =+JUNIO!$AG104 -> 462 | H104: =+JULIO!$AG104 -> 480 | I104: =+AGOSTO!$AG104 -> 351 | J104: =+SEPTIEMBRE!$AG104 -> 285 | K104: =+OCTUBRE!$AG104 -> 348 | L104: =+NOVIEMBRE!$AG104 -> 397 | M104: =+DICIEMBRE!$AG104 -> 111 | N104: =SUM(B104:M104) -> 4467
A105: 35 - 39 | B105: =+ENERO!$AG105 -> 306 | C105: =+FEBRERO!$AG105 -> 311 | D105: =+MARZO!$AG105 -> 384 | E105: =+ABRIL!$AG105 -> 339 | F105: =+MAYO!$AG105 -> 370 | G105: =+JUNIO!$AG105 -> 343 | H105: =+JULIO!$AG105 -> 332 | I105: =+AGOSTO!$AG105 -> 337 | J105: =+SEPTIEMBRE!$AG105 -> 260 | K105: =+OCTUBRE!$AG105 -> 311 | L105: =+NOVIEMBRE!$AG105 -> 363 | M105: =+DICIEMBRE!$AG105 -> 85 | N105: =SUM(B105:M105) -> 3741
... A114: 80 y mas | B114: =+ENERO!$AG114 -> 126 | C114: =+FEBRERO!$AG114 -> 158 | D114: =+MARZO!$AG114 -> 137 | E114: =+ABRIL!$AG114 -> 122 | F114: =+MAYO!$AG114 -> 135 | G114: =+JUNIO!$AG114 -> 137 | H114: =+JULIO!$AG114 -> 133 | I114: =+AGOSTO!$AG114 -> 143 | J114: =+SEPTIEMBRE!$AG114 -> 177 | K114: =+OCTUBRE!$AG114 -> 237 | L114: =+NOVIEMBRE!$AG114 -> 188 | M114: =+DICIEMBRE!$AG114 -> 53 | N114: =SUM(B114:M114) -> 1746
B115: =+ENERO!$AG115 -> 0 | C115: =+FEBRERO!$AG115 -> 0 | D115: =+MARZO!$AG115 -> 0 | E115: =+ABRIL!$AG115 -> 0 | F115: =+MAYO!$AG115 -> 1 | G115: =+JUNIO!$AG115 -> 1 | H115: =+JULIO!$AG115 -> 0 | I115: =+AGOSTO!$AG115 -> 1 | J115: =+SEPTIEMBRE!$AG115 -> 0 | K115: =+OCTUBRE!$AG115 -> 0 | L115: =+NOVIEMBRE!$AG115 -> 0 | M115: =+DICIEMBRE!$AG115 -> 0 | N115: =SUM(B115:M115) -> 3
A116: CENTRO DE SALUD INSCRITO | B116: =+ENERO!$AG116 -> 2211 | C116: =+FEBRERO!$AG116 -> 1697 | D116: =+MARZO!$AG116 -> 1135 | E116: =+ABRIL!$AG116 -> 945 | F116: =+MAYO!$AG116 -> 1021 | G116: =+JUNIO!$AG116 -> 925 | H116: =+JULIO!$AG116 -> 959 | I116: =+AGOSTO!$AG116 -> 1034 | J116: =+SEPTIEMBRE!$AG116 -> 1030 | K116: =+OCTUBRE!$AG116 -> 1211 | L116: =+NOVIEMBRE!$AG116 -> 1206 | M116: =+DICIEMBRE!$AG116 -> 320 | N116: =SUM(B116:M116) -> 13694
A117: Violeta Parra | B117: =+ENERO!$AG117 -> 1575 | C117: =+FEBRERO!$AG117 -> 1224 | D117: =+MARZO!$AG117 -> 724 | E117: =+ABRIL!$AG117 -> 614 | F117: =+MAYO!$AG117 -> 637 | G117: =+JUNIO!$AG117 -> 546 | H117: =+JULIO!$AG117 -> 595 | I117: =+AGOSTO!$AG117 -> 673 | J117: =+SEPTIEMBRE!$AG117 -> 699 | K117: =+OCTUBRE!$AG117 -> 829 | L117: =+NOVIEMBRE!$AG117 -> 768 | M117: =+DICIEMBRE!$AG117 -> 195 | N117: =SUM(B117:M117) -> 9079
A118: Ultraestación | B118: =+ENERO!$AG118 -> 0 | C118: =+FEBRERO!$AG118 -> 0 | D118: =+MARZO!$AG118 -> 0 | E118: =+ABRIL!$AG118 -> 0 | F118: =+MAYO!$AG118 -> 0 | G118: =+JUNIO!$AG118 -> 0 | H118: =+JULIO!$AG118 -> 0 | I118: =+AGOSTO!$AG118 -> 0 | J118: =+SEPTIEMBRE!$AG118 -> 0 | K118: =+OCTUBRE!$AG118 -> 0 | L118: =+NOVIEMBRE!$AG118 -> 0 | M118: =+DICIEMBRE!$AG118 -> 0 | N118: =SUM(B118:M118) -> 0
A119: Los Volcanes | B119: =+ENERO!$AG119 -> 0 | C119: =+FEBRERO!$AG119 -> 0 | D119: =+MARZO!$AG119 -> 0 | E119: =+ABRIL!$AG119 -> 0 | F119: =+MAYO!$AG119 -> 0 | G119: =+JUNIO!$AG119 -> 0 | H119: =+JULIO!$AG119 -> 0 | I119: =+AGOSTO!$AG119 -> 0 | J119: =+SEPTIEMBRE!$AG119 -> 0 | K119: =+OCTUBRE!$AG119 -> 0 | L119: =+NOVIEMBRE!$AG119 -> 0 | M119: =+DICIEMBRE!$AG119 -> 0 | N119: =SUM(B119:M119) -> 0
A120: Isabel Riquelme | B120: =+ENERO!$AG120 -> 0 | C120: =+FEBRERO!$AG120 -> 0 | D120: =+MARZO!$AG120 -> 0 | E120: =+ABRIL!$AG120 -> 0 | F120: =+MAYO!$AG120 -> 0 | G120: =+JUNIO!$AG120 -> 0 | H120: =+JULIO!$AG120 -> 0 | I120: =+AGOSTO!$AG120 -> 0 | J120: =+SEPTIEMBRE!$AG120 -> 0 | K120: =+OCTUBRE!$AG120 -> 0 | L120: =+NOVIEMBRE!$AG120 -> 0 | M120: =+DICIEMBRE!$AG120 -> 0 | N120: =SUM(B120:M120) -> 0
A121: Sol de Oriente | B121: =+ENERO!$AG121 -> 0 | C121: =+FEBRERO!$AG121 -> 0 | D121: =+MARZO!$AG121 -> 0 | E121: =+ABRIL!$AG121 -> 0 | F121: =+MAYO!$AG121 -> 0 | G121: =+JUNIO!$AG121 -> 0 | H121: =+JULIO!$AG121 -> 0 | I121: =+AGOSTO!$AG121 -> 0 | J121: =+SEPTIEMBRE!$AG121 -> 0 | K121: =+OCTUBRE!$AG121 -> 0 | L121: =+NOVIEMBRE!$AG121 -> 0 | M121: =+DICIEMBRE!$AG121 -> 0 | N121: =SUM(B121:M121) -> 0
A122: San Ramón Nonato | B122: =+ENERO!$AG122 -> 0 | C122: =+FEBRERO!$AG122 -> 0 | D122: =+MARZO!$AG122 -> 0 | E122: =+ABRIL!$AG122 -> 0 | F122: =+MAYO!$AG122 -> 0 | G122: =+JUNIO!$AG122 -> 0 | H122: =+JULIO!$AG122 -> 0 | I122: =+AGOSTO!$AG122 -> 0 | J122: =+SEPTIEMBRE!$AG122 -> 0 | K122: =+OCTUBRE!$AG122 -> 0 | L122: =+NOVIEMBRE!$AG122 -> 0 | M122: =+DICIEMBRE!$AG122 -> 0 | N122: =SUM(B122:M122) -> 0
A123: Federico Puga | B123: =+ENERO!$AG123 -> 0 | C123: =+FEBRERO!$AG123 -> 0 | D123: =+MARZO!$AG123 -> 0 | E123: =+ABRIL!$AG123 -> 0 | F123: =+MAYO!$AG123 -> 0 | G123: =+JUNIO!$AG123 -> 0 | H123: =+JULIO!$AG123 -> 0 | I123: =+AGOSTO!$AG123 -> 0 | J123: =+SEPTIEMBRE!$AG123 -> 0 | K123: =+OCTUBRE!$AG123 -> 0 | L123: =+NOVIEMBRE!$AG123 -> 0 | M123: =+DICIEMBRE!$AG123 -> 0 | N123: =SUM(B123:M123) -> 0
A124: Michelle Bachelet | B124: =+ENERO!$AG124 -> 0 | C124: =+FEBRERO!$AG124 -> 0 | D124: =+MARZO!$AG124 -> 0 | E124: =+ABRIL!$AG124 -> 0 | F124: =+MAYO!$AG124 -> 0 | G124: =+JUNIO!$AG124 -> 0 | H124: =+JULIO!$AG124 -> 0 | I124: =+AGOSTO!$AG124 -> 0 | J124: =+SEPTIEMBRE!$AG124 -> 0 | K124: =+OCTUBRE!$AG124 -> 0 | L124: =+NOVIEMBRE!$AG124 -> 0 | M124: =+DICIEMBRE!$AG124 -> 0 | N124: =SUM(B124:M124) -> 0
A125: Coihueco | B125: =+ENERO!$AG125 -> 0 | C125: =+FEBRERO!$AG125 -> 0 | D125: =+MARZO!$AG125 -> 0 | E125: =+ABRIL!$AG125 -> 0 | F125: =+MAYO!$AG125 -> 0 | G125: =+JUNIO!$AG125 -> 0 | H125: =+JULIO!$AG125 -> 0 | I125: =+AGOSTO!$AG125 -> 0 | J125: =+SEPTIEMBRE!$AG125 -> 0 | K125: =+OCTUBRE!$AG125 -> 0 | L125: =+NOVIEMBRE!$AG125 -> 0 | M125: =+DICIEMBRE!$AG125 -> 0 | N125: =SUM(B125:M125) -> 0
A126: Pinto | B126: =+ENERO!$AG126 -> 0 | C126: =+FEBRERO!$AG126 -> 0 | D126: =+MARZO!$AG126 -> 0 | E126: =+ABRIL!$AG126 -> 0 | F126: =+MAYO!$AG126 -> 0 | G126: =+JUNIO!$AG126 -> 0 | H126: =+JULIO!$AG126 -> 0 | I126: =+AGOSTO!$AG126 -> 0 | J126: =+SEPTIEMBRE!$AG126 -> 0 | K126: =+OCTUBRE!$AG126 -> 0 | L126: =+NOVIEMBRE!$AG126 -> 0 | M126: =+DICIEMBRE!$AG126 -> 0 | N126: =SUM(B126:M126) -> 0
A127: Portezuelo | B127: =+ENERO!$AG127 -> 0 | C127: =+FEBRERO!$AG127 -> 0 | D127: =+MARZO!$AG127 -> 0 | E127: =+ABRIL!$AG127 -> 0 | F127: =+MAYO!$AG127 -> 0 | G127: =+JUNIO!$AG127 -> 0 | H127: =+JULIO!$AG127 -> 0 | I127: =+AGOSTO!$AG127 -> 0 | J127: =+SEPTIEMBRE!$AG127 -> 0 | K127: =+OCTUBRE!$AG127 -> 0 | L127: =+NOVIEMBRE!$AG127 -> 0 | M127: =+DICIEMBRE!$AG127 -> 0 | N127: =SUM(B127:M127) -> 0
... A129: Sin Centro de Salud | B129: =+ENERO!$AG129 -> 636 | C129: =+FEBRERO!$AG129 -> 473 | D129: =+MARZO!$AG129 -> 411 | E129: =+ABRIL!$AG129 -> 331 | F129: =+MAYO!$AG129 -> 384 | G129: =+JUNIO!$AG129 -> 379 | H129: =+JULIO!$AG129 -> 364 | I129: =+AGOSTO!$AG129 -> 361 | J129: =+SEPTIEMBRE!$AG129 -> 331 | K129: =+OCTUBRE!$AG129 -> 382 | L129: =+NOVIEMBRE!$AG129 -> 438 | M129: =+DICIEMBRE!$AG129 -> 125 | N129: =SUM(B129:M129) -> 4615
A130: CENTRO DE SALUD ATENDIDO | B130: =+ENERO!$AG130 -> 4102 | C130: =+FEBRERO!$AG130 -> 4159 | D130: =+MARZO!$AG130 -> 4448 | E130: =+ABRIL!$AG130 -> 3879 | F130: =+MAYO!$AG130 -> 4360 | G130: =+JUNIO!$AG130 -> 4348 | H130: =+JULIO!$AG130 -> 4318 | I130: =+AGOSTO!$AG130 -> 4336 | J130: =+SEPTIEMBRE!$AG130 -> 3845 | K130: =+OCTUBRE!$AG130 -> 4549 | L130: =+NOVIEMBRE!$AG130 -> 4767 | M130: =+DICIEMBRE!$AG130 -> 1296 | N130: =SUM(B130:M130) -> 48407 | O130: =IF(N130<>N93,"*","") -> *
A131: Violeta Parra | B131: =+ENERO!$AG131 -> 1480 | C131: =+FEBRERO!$AG131 -> 1165 | D131: =+MARZO!$AG131 -> 687 | E131: =+ABRIL!$AG131 -> 566 | F131: =+MAYO!$AG131 -> 601 | G131: =+JUNIO!$AG131 -> 524 | H131: =+JULIO!$AG131 -> 574 | I131: =+AGOSTO!$AG131 -> 639 | J131: =+SEPTIEMBRE!$AG131 -> 673 | K131: =+OCTUBRE!$AG131 -> 801 | L131: =+NOVIEMBRE!$AG131 -> 715 | M131: =+DICIEMBRE!$AG131 -> 192 | N131: =SUM(B131:M131) -> 8617
A132: Ultraestación | B132: =+ENERO!$AG132 -> 219 | C132: =+FEBRERO!$AG132 -> 178 | D132: =+MARZO!$AG132 -> 112 | E132: =+ABRIL!$AG132 -> 102 | F132: =+MAYO!$AG132 -> 107 | G132: =+JUNIO!$AG132 -> 93 | H132: =+JULIO!$AG132 -> 225 | I132: =+AGOSTO!$AG132 -> 124 | J132: =+SEPTIEMBRE!$AG132 -> 129 | K132: =+OCTUBRE!$AG132 -> 144 | L132: =+NOVIEMBRE!$AG132 -> 153 | M132: =+DICIEMBRE!$AG132 -> 38 | N132: =SUM(B132:M132) -> 1624
A133: Los Volcanes | B133: =+ENERO!$AG133 -> 290 | C133: =+FEBRERO!$AG133 -> 215 | D133: =+MARZO!$AG133 -> 155 | E133: =+ABRIL!$AG133 -> 109 | F133: =+MAYO!$AG133 -> 146 | G133: =+JUNIO!$AG133 -> 101 | H133: =+JULIO!$AG133 -> 158 | I133: =+AGOSTO!$AG133 -> 151 | J133: =+SEPTIEMBRE!$AG133 -> 130 | K133: =+OCTUBRE!$AG133 -> 155 | L133: =+NOVIEMBRE!$AG133 -> 183 | M133: =+DICIEMBRE!$AG133 -> 35 | N133: =SUM(B133:M133) -> 1828
A134: Isabel Riquelme | B134: =+ENERO!$AG134 -> 265 | C134: =+FEBRERO!$AG134 -> 177 | D134: =+MARZO!$AG134 -> 162 | E134: =+ABRIL!$AG134 -> 170 | F134: =+MAYO!$AG134 -> 180 | G134: =+JUNIO!$AG134 -> 163 | H134: =+JULIO!$AG134 -> 204 | I134: =+AGOSTO!$AG134 -> 196 | J134: =+SEPTIEMBRE!$AG134 -> 155 | K134: =+OCTUBRE!$AG134 -> 202 | L134: =+NOVIEMBRE!$AG134 -> 191 | M134: =+DICIEMBRE!$AG134 -> 35 | N134: =SUM(B134:M134) -> 2100
A135: Sol de Oriente | B135: =+ENERO!$AG135 -> 236 | C135: =+FEBRERO!$AG135 -> 164 | D135: =+MARZO!$AG135 -> 143 | E135: =+ABRIL!$AG135 -> 118 | F135: =+MAYO!$AG135 -> 138 | G135: =+JUNIO!$AG135 -> 139 | H135: =+JULIO!$AG135 -> 103 | I135: =+AGOSTO!$AG135 -> 146 | J135: =+SEPTIEMBRE!$AG135 -> 105 | K135: =+OCTUBRE!$AG135 -> 150 | L135: =+NOVIEMBRE!$AG135 -> 170 | M135: =+DICIEMBRE!$AG135 -> 33 | N135: =SUM(B135:M135) -> 1645
A136: San Ramón Nonato | B136: =+ENERO!$AG136 -> 607 | C136: =+FEBRERO!$AG136 -> 1489 | D136: =+MARZO!$AG136 -> 2508 | E136: =+ABRIL!$AG136 -> 2200 | F136: =+MAYO!$AG136 -> 2466 | G136: =+JUNIO!$AG136 -> 2578 | H136: =+JULIO!$AG136 -> 2366 | I136: =+AGOSTO!$AG136 -> 2396 | J136: =+SEPTIEMBRE!$AG136 -> 2034 | K136: =+OCTUBRE!$AG136 -> 2361 | L136: =+NOVIEMBRE!$AG136 -> 2644 | M136: =+DICIEMBRE!$AG136 -> 734 | N136: =SUM(B136:M136) -> 24383
A137: Federico Puga | B137: =+ENERO!$AG137 -> 150 | C137: =+FEBRERO!$AG137 -> 101 | D137: =+MARZO!$AG137 -> 60 | E137: =+ABRIL!$AG137 -> 67 | F137: =+MAYO!$AG137 -> 84 | G137: =+JUNIO!$AG137 -> 81 | H137: =+JULIO!$AG137 -> 68 | I137: =+AGOSTO!$AG137 -> 67 | J137: =+SEPTIEMBRE!$AG137 -> 52 | K137: =+OCTUBRE!$AG137 -> 99 | L137: =+NOVIEMBRE!$AG137 -> 67 | M137: =+DICIEMBRE!$AG137 -> 20 | N137: =SUM(B137:M137) -> 916
A138: Michelle Bachelet | B138: =+ENERO!$AG138 -> 58 | C138: =+FEBRERO!$AG138 -> 29 | D138: =+MARZO!$AG138 -> 31 | E138: =+ABRIL!$AG138 -> 24 | F138: =+MAYO!$AG138 -> 24 | G138: =+JUNIO!$AG138 -> 23 | H138: =+JULIO!$AG138 -> 23 | I138: =+AGOSTO!$AG138 -> 35 | J138: =+SEPTIEMBRE!$AG138 -> 22 | K138: =+OCTUBRE!$AG138 -> 29 | L138: =+NOVIEMBRE!$AG138 -> 25 | M138: =+DICIEMBRE!$AG138 -> 6 | N138: =SUM(B138:M138) -> 329
A139: Coihueco | B139: =+ENERO!$AG139 -> 47 | C139: =+FEBRERO!$AG139 -> 43 | D139: =+MARZO!$AG139 -> 43 | E139: =+ABRIL!$AG139 -> 33 | F139: =+MAYO!$AG139 -> 61 | G139: =+JUNIO!$AG139 -> 53 | H139: =+JULIO!$AG139 -> 58 | I139: =+AGOSTO!$AG139 -> 51 | J139: =+SEPTIEMBRE!$AG139 -> 56 | K139: =+OCTUBRE!$AG139 -> 42 | L139: =+NOVIEMBRE!$AG139 -> 42 | M139: =+DICIEMBRE!$AG139 -> 17 | N139: =SUM(B139:M139) -> 546
A140: Pinto | B140: =+ENERO!$AG140 -> 21 | C140: =+FEBRERO!$AG140 -> 27 | D140: =+MARZO!$AG140 -> 28 | E140: =+ABRIL!$AG140 -> 22 | F140: =+MAYO!$AG140 -> 30 | G140: =+JUNIO!$AG140 -> 33 | H140: =+JULIO!$AG140 -> 38 | I140: =+AGOSTO!$AG140 -> 34 | J140: =+SEPTIEMBRE!$AG140 -> 32 | K140: =+OCTUBRE!$AG140 -> 46 | L140: =+NOVIEMBRE!$AG140 -> 30 | M140: =+DICIEMBRE!$AG140 -> 13 | N140: =SUM(B140:M140) -> 354
A141: Portezuelo | B141: =+ENERO!$AG141 -> 9 | C141: =+FEBRERO!$AG141 -> 5 | D141: =+MARZO!$AG141 -> 8 | E141: =+ABRIL!$AG141 -> 3 | F141: =+MAYO!$AG141 -> 9 | G141: =+JUNIO!$AG141 -> 11 | H141: =+JULIO!$AG141 -> 6 | I141: =+AGOSTO!$AG141 -> 17 | J141: =+SEPTIEMBRE!$AG141 -> 9 | K141: =+OCTUBRE!$AG141 -> 13 | L141: =+NOVIEMBRE!$AG141 -> 12 | M141: =+DICIEMBRE!$AG141 -> 4 | N141: =SUM(B141:M141) -> 106
A142: Otros | B142: =+ENERO!$AG142 -> 141 | C142: =+FEBRERO!$AG142 -> 114 | D142: =+MARZO!$AG142 -> 128 | E142: =+ABRIL!$AG142 -> 154 | F142: =+MAYO!$AG142 -> 155 | G142: =+JUNIO!$AG142 -> 187 | H142: =+JULIO!$AG142 -> 152 | I142: =+AGOSTO!$AG142 -> 135 | J142: =+SEPTIEMBRE!$AG142 -> 134 | K142: =+OCTUBRE!$AG142 -> 145 | L142: =+NOVIEMBRE!$AG142 -> 143 | M142: =+DICIEMBRE!$AG142 -> 48 | N142: =SUM(B142:M142) -> 1636
A143: Sin Centro de Salud | B143: =+ENERO!$AG143 -> 579 | C143: =+FEBRERO!$AG143 -> 452 | D143: =+MARZO!$AG143 -> 383 | E143: =+ABRIL!$AG143 -> 311 | F143: =+MAYO!$AG143 -> 359 | G143: =+JUNIO!$AG143 -> 362 | H143: =+JULIO!$AG143 -> 343 | I143: =+AGOSTO!$AG143 -> 345 | J143: =+SEPTIEMBRE!$AG143 -> 314 | K143: =+OCTUBRE!$AG143 -> 362 | L143: =+NOVIEMBRE!$AG143 -> 392 | M143: =+DICIEMBRE!$AG143 -> 121 | N143: =SUM(B143:M143) -> 4323
A144: TOTAL ATENDIDOS | B144: =+ENERO!$AG144 -> 4102 | C144: =+FEBRERO!$AG144 -> 4159 | D144: =+MARZO!$AG144 -> 4448 | E144: =+ABRIL!$AG144 -> 3879 | F144: =+MAYO!$AG144 -> 4360 | G144: =+JUNIO!$AG144 -> 4348 | H144: =+JULIO!$AG144 -> 4318 | I144: =+AGOSTO!$AG144 -> 4336 | J144: =+SEPTIEMBRE!$AG144 -> 3845 | K144: =+OCTUBRE!$AG144 -> 4549 | L144: =+NOVIEMBRE!$AG144 -> 4767 | M144: =+DICIEMBRE!$AG144 -> 1296 | N144: =SUM(B144:M144) -> 48407 | O144: =IF(N144<>N93,"*","") -> * | P144: EST. ORIGEN
A145: TOTAL NSP | B145: =+ENERO!$AG145 -> 279 | C145: =+FEBRERO!$AG145 -> 190 | D145: =+MARZO!$AG145 -> 263 | E145: =+ABRIL!$AG145 -> 235 | F145: =+MAYO!$AG145 -> 240 | G145: =+JUNIO!$AG145 -> 182 | H145: =+JULIO!$AG145 -> 159 | I145: =+AGOSTO!$AG145 -> 203 | J145: =+SEPTIEMBRE!$AG145 -> 180 | K145: =+OCTUBRE!$AG145 -> 210 | L145: =+NOVIEMBRE!$AG145 -> 334 | M145: =+DICIEMBRE!$AG145 -> 33 | N145: =SUM(B145:M145) -> 2508
A146: Redirec. de UEH a SAR | B146: =+ENERO!$AG146 -> 0 | C146: =+FEBRERO!$AG146 -> 0 | D146: =+MARZO!$AG146 -> 0 | E146: =+ABRIL!$AG146 -> 0 | F146: =+MAYO!$AG146 -> 0 | G146: =+JUNIO!$AG146 -> 0 | H146: =+JULIO!$AG146 -> 1 | I146: =+AGOSTO!$AG146 -> 2 | J146: =+SEPTIEMBRE!$AG146 -> 2 | K146: =+OCTUBRE!$AG146 -> 2 | L146: =+NOVIEMBRE!$AG146 -> 0 | M146: =+DICIEMBRE!$AG146 -> 0 | N146: =+N148+N154 -> 7
A147: NSP Infantil + Adultos | B147: =+ENERO!$AG147 -> 0 | C147: =+FEBRERO!$AG147 -> 0 | D147: =+MARZO!$AG147 -> 0 | E147: =+ABRIL!$AG147 -> 0 | F147: =+MAYO!$AG147 -> 1 | G147: =+JUNIO!$AG147 -> 0 | H147: =+JULIO!$AG147 -> 0 | I147: =+AGOSTO!$AG147 -> 0 | J147: =+SEPTIEMBRE!$AG147 -> 0 | K147: =+OCTUBRE!$AG147 -> 0 | L147: =+NOVIEMBRE!$AG147 -> 0 | M147: =+DICIEMBRE!$AG147 -> 0 | N147: =SUM(B147:M147) -> 1
A148: UE Pediatrica a SAR | B148: =+ENERO!$AG148 -> 0 | C148: =+FEBRERO!$AG148 -> 0 | D148: =+MARZO!$AG148 -> 0 | E148: =+ABRIL!$AG148 -> 0 | F148: =+MAYO!$AG148 -> 0 | G148: =+JUNIO!$AG148 -> 0 | H148: =+JULIO!$AG148 -> 0 | I148: =+AGOSTO!$AG148 -> 0 | J148: =+SEPTIEMBRE!$AG148 -> 0 | K148: =+OCTUBRE!$AG148 -> 0 | L148: =+NOVIEMBRE!$AG148 -> 0 | M148: =+DICIEMBRE!$AG148 -> 0 | N148: =SUM(B148:M148) -> 0
A149: NSP Infantil | B149: =+ENERO!$AG149 -> 0 | C149: =+FEBRERO!$AG149 -> 0 | D149: =+MARZO!$AG149 -> 0 | E149: =+ABRIL!$AG149 -> 0 | F149: =+MAYO!$AG149 -> 0 | G149: =+JUNIO!$AG149 -> 0 | H149: =+JULIO!$AG149 -> 0 | I149: =+AGOSTO!$AG149 -> 0 | J149: =+SEPTIEMBRE!$AG149 -> 0 | K149: =+OCTUBRE!$AG149 -> 0 | L149: =+NOVIEMBRE!$AG149 -> 0 | M149: =+DICIEMBRE!$AG149 -> 0 | N149: =SUM(B149:M149) -> 0
A150: < 1 año | B150: =+ENERO!$AG150 -> 0 | C150: =+FEBRERO!$AG150 -> 0 | D150: =+MARZO!$AG150 -> 0 | E150: =+ABRIL!$AG150 -> 0 | F150: =+MAYO!$AG150 -> 0 | G150: =+JUNIO!$AG150 -> 0 | H150: =+JULIO!$AG150 -> 0 | I150: =+AGOSTO!$AG150 -> 0 | J150: =+SEPTIEMBRE!$AG150 -> 0 | K150: =+OCTUBRE!$AG150 -> 0 | L150: =+NOVIEMBRE!$AG150 -> 0 | M150: =+DICIEMBRE!$AG150 -> 0 | N150: =SUM(B150:M150) -> 0
A151: 1 - 4 años | B151: =+ENERO!$AG151 -> 0 | C151: =+FEBRERO!$AG151 -> 0 | D151: =+MARZO!$AG151 -> 0 | E151: =+ABRIL!$AG151 -> 0 | F151: =+MAYO!$AG151 -> 0 | G151: =+JUNIO!$AG151 -> 0 | H151: =+JULIO!$AG151 -> 0 | I151: =+AGOSTO!$AG151 -> 0 | J151: =+SEPTIEMBRE!$AG151 -> 0 | K151: =+OCTUBRE!$AG151 -> 0 | L151: =+NOVIEMBRE!$AG151 -> 0 | M151: =+DICIEMBRE!$AG151 -> 0 | N151: =SUM(B151:M151) -> 0
A152: 5 - 9 años | B152: =+ENERO!$AG152 -> 0 | C152: =+FEBRERO!$AG152 -> 0 | D152: =+MARZO!$AG152 -> 0 | E152: =+ABRIL!$AG152 -> 0 | F152: =+MAYO!$AG152 -> 0 | G152: =+JUNIO!$AG152 -> 0 | H152: =+JULIO!$AG152 -> 0 | I152: =+AGOSTO!$AG152 -> 0 | J152: =+SEPTIEMBRE!$AG152 -> 0 | K152: =+OCTUBRE!$AG152 -> 0 | L152: =+NOVIEMBRE!$AG152 -> 0 | M152: =+DICIEMBRE!$AG152 -> 0 | N152: =SUM(B152:M152) -> 0
A153: 10 - 14 años | B153: =+ENERO!$AG153 -> 0 | C153: =+FEBRERO!$AG153 -> 0 | D153: =+MARZO!$AG153 -> 0 | E153: =+ABRIL!$AG153 -> 0 | F153: =+MAYO!$AG153 -> 0 | G153: =+JUNIO!$AG153 -> 0 | H153: =+JULIO!$AG153 -> 0 | I153: =+AGOSTO!$AG153 -> 0 | J153: =+SEPTIEMBRE!$AG153 -> 0 | K153: =+OCTUBRE!$AG153 -> 0 | L153: =+NOVIEMBRE!$AG153 -> 0 | M153: =+DICIEMBRE!$AG153 -> 0 | N153: =SUM(B153:M153) -> 0
A154: UE Adulto a SAR | B154: =+ENERO!$AG154 -> 0 | C154: =+FEBRERO!$AG154 -> 0 | D154: =+MARZO!$AG154 -> 0 | E154: =+ABRIL!$AG154 -> 0 | F154: =+MAYO!$AG154 -> 0 | G154: =+JUNIO!$AG154 -> 0 | H154: =+JULIO!$AG154 -> 1 | I154: =+AGOSTO!$AG154 -> 2 | J154: =+SEPTIEMBRE!$AG154 -> 2 | K154: =+OCTUBRE!$AG154 -> 2 | L154: =+NOVIEMBRE!$AG154 -> 0 | M154: =+DICIEMBRE!$AG154 -> 0 | N154: =SUM(B154:M154) -> 7
A155: NSP Adultos | B155: =+ENERO!$AG155 -> 0 | C155: =+FEBRERO!$AG155 -> 0 | D155: =+MARZO!$AG155 -> 0 | E155: =+ABRIL!$AG155 -> 0 | F155: =+MAYO!$AG155 -> 1 | G155: =+JUNIO!$AG155 -> 0 | H155: =+JULIO!$AG155 -> 0 | I155: =+AGOSTO!$AG155 -> 0 | J155: =+SEPTIEMBRE!$AG155 -> 0 | K155: =+OCTUBRE!$AG155 -> 0 | L155: =+NOVIEMBRE!$AG155 -> 0 | M155: =+DICIEMBRE!$AG155 -> 0 | N155: =SUM(B155:M155) -> 1
A156: CONSULTA ESPONTANEA | B156: =+ENERO!$AG156 -> 4097 | C156: =+FEBRERO!$AG156 -> 4167 | D156: =+MARZO!$AG156 -> 4432 | E156: =+ABRIL!$AG156 -> 3871 | F156: =+MAYO!$AG156 -> 4327 | G156: =+JUNIO!$AG156 -> 4315 | H156: =+JULIO!$AG156 -> 4304 | I156: =+AGOSTO!$AG156 -> 4300 | J156: =+SEPTIEMBRE!$AG156 -> 3819 | K156: =+OCTUBRE!$AG156 -> 4513 | L156: =+NOVIEMBRE!$AG156 -> 4747 | M156: =+DICIEMBRE!$AG156 -> 1280 | N156: =SUM(B156:M156) -> 48172 | O156: PROC. EXTERNA
A157: NSP | B157: =+ENERO!$AG157 -> 278 | C157: =+FEBRERO!$AG157 -> 190 | D157: =+MARZO!$AG157 -> 263 | E157: =+ABRIL!$AG157 -> 233 | F157: =+MAYO!$AG157 -> 237 | G157: =+JUNIO!$AG157 -> 182 | H157: =+JULIO!$AG157 -> 158 | I157: =+AGOSTO!$AG157 -> 194 | J157: =+SEPTIEMBRE!$AG157 -> 177 | K157: =+OCTUBRE!$AG157 -> 210 | L157: =+NOVIEMBRE!$AG157 -> 332 | M157: =+DICIEMBRE!$AG157 -> 32 | N157: =SUM(B157:M157) -> 2486
A158: Derivados de SAPU a SAR | B158: =+ENERO!$AG158 -> 2 | C158: =+FEBRERO!$AG158 -> 0 | D158: =+MARZO!$AG158 -> 8 | E158: =+ABRIL!$AG158 -> 3 | F158: =+MAYO!$AG158 -> 10 | G158: =+JUNIO!$AG158 -> 17 | H158: =+JULIO!$AG158 -> 3 | I158: =+AGOSTO!$AG158 -> 12 | J158: =+SEPTIEMBRE!$AG158 -> 13 | K158: =+OCTUBRE!$AG158 -> 24 | L158: =+NOVIEMBRE!$AG158 -> 13 | M158: =+DICIEMBRE!$AG158 -> 6 | N158: =SUM(B158:M158) -> 111
A159: Ultraestación | B159: =+ENERO!$AG159 -> 0 | C159: =+FEBRERO!$AG159 -> 0 | D159: =+MARZO!$AG159 -> 0 | E159: =+ABRIL!$AG159 -> 0 | F159: =+MAYO!$AG159 -> 3 | G159: =+JUNIO!$AG159 -> 1 | H159: =+JULIO!$AG159 -> 0 | I159: =+AGOSTO!$AG159 -> 0 | J159: =+SEPTIEMBRE!$AG159 -> 1 | K159: =+OCTUBRE!$AG159 -> 2 | L159: =+NOVIEMBRE!$AG159 -> 0 | M159: =+DICIEMBRE!$AG159 -> 2 | N159: =SUM(B159:M159) -> 9
A160: Los Volcanes | B160: =+ENERO!$AG160 -> 0 | C160: =+FEBRERO!$AG160 -> 0 | D160: =+MARZO!$AG160 -> 1 | E160: =+ABRIL!$AG160 -> 1 | F160: =+MAYO!$AG160 -> 2 | G160: =+JUNIO!$AG160 -> 4 | H160: =+JULIO!$AG160 -> 1 | I160: =+AGOSTO!$AG160 -> 0 | J160: =+SEPTIEMBRE!$AG160 -> 1 | K160: =+OCTUBRE!$AG160 -> 4 | L160: =+NOVIEMBRE!$AG160 -> 3 | M160: =+DICIEMBRE!$AG160 -> 1 | N160: =SUM(B160:M160) -> 18
A161: Violeta Parra | B161: =+ENERO!$AG161 -> 2 | C161: =+FEBRERO!$AG161 -> 0 | D161: =+MARZO!$AG161 -> 3 | E161: =+ABRIL!$AG161 -> 0 | F161: =+MAYO!$AG161 -> 2 | G161: =+JUNIO!$AG161 -> 8 | H161: =+JULIO!$AG161 -> 1 | I161: =+AGOSTO!$AG161 -> 1 | J161: =+SEPTIEMBRE!$AG161 -> 6 | K161: =+OCTUBRE!$AG161 -> 5 | L161: =+NOVIEMBRE!$AG161 -> 4 | M161: =+DICIEMBRE!$AG161 -> 2 | N161: =SUM(B161:M161) -> 34
A162: Isabel Riquelme | B162: =+ENERO!$AG162 -> 0 | C162: =+FEBRERO!$AG162 -> 0 | D162: =+MARZO!$AG162 -> 1 | E162: =+ABRIL!$AG162 -> 0 | F162: =+MAYO!$AG162 -> 1 | G162: =+JUNIO!$AG162 -> 2 | H162: =+JULIO!$AG162 -> 0 | I162: =+AGOSTO!$AG162 -> 4 | J162: =+SEPTIEMBRE!$AG162 -> 2 | K162: =+OCTUBRE!$AG162 -> 10 | L162: =+NOVIEMBRE!$AG162 -> 5 | M162: =+DICIEMBRE!$AG162 -> 1 | N162: =SUM(B162:M162) -> 26
A163: Sol de Oriente | B163: =+ENERO!$AG163 -> 0 | C163: =+FEBRERO!$AG163 -> 0 | D163: =+MARZO!$AG163 -> 0 | E163: =+ABRIL!$AG163 -> 0 | F163: =+MAYO!$AG163 -> 0 | G163: =+JUNIO!$AG163 -> 0 | H163: =+JULIO!$AG163 -> 0 | I163: =+AGOSTO!$AG163 -> 0 | J163: =+SEPTIEMBRE!$AG163 -> 0 | K163: =+OCTUBRE!$AG163 -> 0 | L163: =+NOVIEMBRE!$AG163 -> 0 | M163: =+DICIEMBRE!$AG163 -> 0 | N163: =SUM(B163:M163) -> 0
A164: San Ramón Nonato | B164: =+ENERO!$AG164 -> 0 | C164: =+FEBRERO!$AG164 -> 0 | D164: =+MARZO!$AG164 -> 3 | E164: =+ABRIL!$AG164 -> 1 | F164: =+MAYO!$AG164 -> 2 | G164: =+JUNIO!$AG164 -> 2 | H164: =+JULIO!$AG164 -> 1 | I164: =+AGOSTO!$AG164 -> 3 | J164: =+SEPTIEMBRE!$AG164 -> 3 | K164: =+OCTUBRE!$AG164 -> 1 | L164: =+NOVIEMBRE!$AG164 -> 1 | M164: =+DICIEMBRE!$AG164 -> 0 | N164: =SUM(B164:M164) -> 17
A165: Federico Puga | B165: =+ENERO!$AG165 -> 0 | C165: =+FEBRERO!$AG165 -> 0 | D165: =+MARZO!$AG165 -> 0 | E165: =+ABRIL!$AG165 -> 1 | F165: =+MAYO!$AG165 -> 0 | G165: =+JUNIO!$AG165 -> 0 | H165: =+JULIO!$AG165 -> 0 | I165: =+AGOSTO!$AG165 -> 4 | J165: =+SEPTIEMBRE!$AG165 -> 0 | K165: =+OCTUBRE!$AG165 -> 2 | L165: =+NOVIEMBRE!$AG165 -> 0 | M165: =+DICIEMBRE!$AG165 -> 0 | N165: =SUM(B165:M165) -> 7
A166: Michelle Bachelet | B166: =+ENERO!$AG166 -> 0 | C166: =+FEBRERO!$AG166 -> 0 | D166: =+MARZO!$AG166 -> 0 | E166: =+ABRIL!$AG166 -> 0 | F166: =+MAYO!$AG166 -> 0 | G166: =+JUNIO!$AG166 -> 0 | H166: =+JULIO!$AG166 -> 0 | I166: =+AGOSTO!$AG166 -> 0 | J166: =+SEPTIEMBRE!$AG166 -> 0 | K166: =+OCTUBRE!$AG166 -> 0 | L166: =+NOVIEMBRE!$AG166 -> 0 | M166: =+DICIEMBRE!$AG166 -> 0 | N166: =SUM(B166:M166) -> 0
A167: Derivados de SUR a SAR | B167: =+ENERO!$AG167 -> 3 | C167: =+FEBRERO!$AG167 -> 2 | D167: =+MARZO!$AG167 -> 8 | E167: =+ABRIL!$AG167 -> 5 | F167: =+MAYO!$AG167 -> 23 | G167: =+JUNIO!$AG167 -> 16 | H167: =+JULIO!$AG167 -> 10 | I167: =+AGOSTO!$AG167 -> 22 | J167: =+SEPTIEMBRE!$AG167 -> 11 | K167: =+OCTUBRE!$AG167 -> 10 | L167: =+NOVIEMBRE!$AG167 -> 7 | M167: =+DICIEMBRE!$AG167 -> 10 | N167: =SUM(B167:M167) -> 127
A168: Coihueco | B168: =+ENERO!$AG168 -> 0 | C168: =+FEBRERO!$AG168 -> 0 | D168: =+MARZO!$AG168 -> 1 | E168: =+ABRIL!$AG168 -> 0 | F168: =+MAYO!$AG168 -> 7 | G168: =+JUNIO!$AG168 -> 1 | H168: =+JULIO!$AG168 -> 0 | I168: =+AGOSTO!$AG168 -> 4 | J168: =+SEPTIEMBRE!$AG168 -> 1 | K168: =+OCTUBRE!$AG168 -> 1 | L168: =+NOVIEMBRE!$AG168 -> 1 | M168: =+DICIEMBRE!$AG168 -> 0 | N168: =SUM(B168:M168) -> 16
... A172: OTROS NSP | B172: =+ENERO!$AG172 -> 1 | C172: =+FEBRERO!$AG172 -> 0 | D172: =+MARZO!$AG172 -> 0 | E172: =+ABRIL!$AG172 -> 2 | F172: =+MAYO!$AG172 -> 2 | G172: =+JUNIO!$AG172 -> 0 | H172: =+JULIO!$AG172 -> 1 | I172: =+AGOSTO!$AG172 -> 9 | J172: =+SEPTIEMBRE!$AG172 -> 3 | K172: =+OCTUBRE!$AG172 -> 0 | L172: =+NOVIEMBRE!$AG172 -> 2 | M172: =+DICIEMBRE!$AG172 -> 1 | N172: =SUM(B172:M172) -> 21
A173: Traidos por SAMU a SAR | B173: =+ENERO!$AG173 -> 9 | C173: =+FEBRERO!$AG173 -> 22 | D173: =+MARZO!$AG173 -> 17 | E173: =+ABRIL!$AG173 -> 22 | F173: =+MAYO!$AG173 -> 64 | G173: =+JUNIO!$AG173 -> 73 | H173: =+JULIO!$AG173 -> 43 | I173: =+AGOSTO!$AG173 -> 29 | J173: =+SEPTIEMBRE!$AG173 -> 35 | K173: =+OCTUBRE!$AG173 -> 36 | L173: =+NOVIEMBRE!$AG173 -> 14 | M173: =+DICIEMBRE!$AG173 -> 5 | N173: =SUM(B173:M173) -> 369 | O173: MEDIO DE LLEGADA
A174: SAMU 1 | B174: =+ENERO!$AG174 -> 9 | C174: =+FEBRERO!$AG174 -> 16 | D174: =+MARZO!$AG174 -> 13 | E174: =+ABRIL!$AG174 -> 19 | F174: =+MAYO!$AG174 -> 57 | G174: =+JUNIO!$AG174 -> 69 | H174: =+JULIO!$AG174 -> 41 | I174: =+AGOSTO!$AG174 -> 27 | J174: =+SEPTIEMBRE!$AG174 -> 31 | K174: =+OCTUBRE!$AG174 -> 32 | L174: =+NOVIEMBRE!$AG174 -> 11 | M174: =+DICIEMBRE!$AG174 -> 5 | N174: =SUM(B174:M174) -> 330
A175: SAMU 2 | B175: =+ENERO!$AG175 -> 0 | C175: =+FEBRERO!$AG175 -> 6 | D175: =+MARZO!$AG175 -> 4 | E175: =+ABRIL!$AG175 -> 3 | F175: =+MAYO!$AG175 -> 7 | G175: =+JUNIO!$AG175 -> 3 | H175: =+JULIO!$AG175 -> 2 | I175: =+AGOSTO!$AG175 -> 2 | J175: =+SEPTIEMBRE!$AG175 -> 4 | K175: =+OCTUBRE!$AG175 -> 4 | L175: =+NOVIEMBRE!$AG175 -> 3 | M175: =+DICIEMBRE!$AG175 -> 0 | N175: =SUM(B175:M175) -> 38
A176: SAMU 3 | G176: =+JUNIO!$AG176 -> 1 | H176: =+JULIO!$AG176 -> 0 | I176: =+AGOSTO!$AG176 -> 0 | J176: =+SEPTIEMBRE!$AG176 -> 0 | K176: =+OCTUBRE!$AG176 -> 0 | L176: =+NOVIEMBRE!$AG176 -> 0 | M176: =+DICIEMBRE!$AG176 -> 0 | N176: =SUM(B176:M176) -> 1
A177: Derivado de SAR a UEH | B177: =+ENERO!$AG176 -> 76 | C177: =+FEBRERO!$AG176 -> 56 | D177: =+MARZO!$AG176 -> 76 | E177: =+ABRIL!$AG176 -> 68 | F177: =+MAYO!$AG176 -> 66 | G177: =+JUNIO!$AG177 -> 46 | H177: =+JULIO!$AG177 -> 80 | I177: =+AGOSTO!$AG177 -> 92 | J177: =+SEPTIEMBRE!$AG177 -> 98 | K177: =+OCTUBRE!$AG177 -> 92 | L177: =+NOVIEMBRE!$AG177 -> 68 | M177: =+DICIEMBRE!$AG177 -> 23 | N177: =SUM(B177:M177) -> 841 | O177: DESTINO
A178: PEDIATRICOS | B178: =+ENERO!$AG177 -> 2 | C178: =+FEBRERO!$AG177 -> 3 | D178: =+MARZO!$AG177 -> 8 | E178: =+ABRIL!$AG177 -> 2 | F178: =+MAYO!$AG177 -> 2 | G178: =+JUNIO!$AG178 -> 4 | H178: =+JULIO!$AG178 -> 6 | I178: =+AGOSTO!$AG178 -> 9 | J178: =+SEPTIEMBRE!$AG178 -> 9 | K178: =+OCTUBRE!$AG178 -> 15 | L178: =+NOVIEMBRE!$AG178 -> 8 | M178: =+DICIEMBRE!$AG178 -> 6 | N178: =SUM(B178:M178) -> 74 | O178: DESTINO
...

Sheet ENERO
A2: ENERO | B2: 1 | C2: =+B2+1 -> 2 | D2: =+C2+1 -> 3 | E2: =+D2+1 -> 4 | F2: =+E2+1 -> 5 | G2: =+F2+1 -> 6 | H2: =+G2+1 -> 7 | I2: =+H2+1 -> 8 | J2: =+I2+1 -> 9 | ... AA2: =+Z2+1 -> 26 | AB2: 27 | AC2: =+AB2+1 -> 28 | AD2: 29 | AE2: 30 | AF2: 31 | AG2: TOTAL
A3: Total de Inscritos | B3: =SUM(B4:B27) -> 123 | C3: =SUM(C4:C27) -> 143 | D3: =SUM(D4:D27) -> 148 | E3: =SUM(E4:E27) -> 140 | F3: =SUM(F4:F27) -> 133 | G3: =SUM(G4:G27) -> 119 | H3: =SUM(H4:H27) -> 139 | I3: =SUM(I4:I27) -> 122 | ... AF3: =SUM(AF4:AF27) -> 137 | AG3: =SUM(B3:AF3) -> 4381
A4: 08:00 | B4: 2 | C4: 5 | D4: 6 | E4: 6 | F4: 2 | G4: 1 | H4: 1 | I4: 3 | J4: 1 | K4: 2 | L4: 3 | M4: 2 | N4: 4 | O4: 5 | P4: 2 | Q4: 2 | R4: 4 | S4: 2 | T4: 7 | V4: 2 | W4: 4 | X4: 4 | Y4: 7 | Z4: 6 | AA4: 12 | AB4: 4 | AC4: 6 | AD4: 3 | AE4: 5 | AF4: 4 | AG4: =SUM(B4:AF4) -> 117
A5: 09:00 | B5: 2 | C5: 11 | D5: 3 | E5: 6 | F5: 2 | G5: 2 | H5: 1 | I5: 1 | J5: 4 | K5: 5 | L5: 5 | M5: 1 | N5: 3 | O5: 4 | Q5: 4 | R5: 5 | S5: 5 | T5: 6 | U5: 6 | V5: 5 | W5: 3 | X5: 6 | Y5: 3 | Z5: 2 | AA5: 8 | AB5: 7 | AC5: 5 | AD5: 3 | AE5: 6 | AF5: 5 | AG5: =SUM(B5:AF5) -> 129
A6: 10:00 | B6: 5 | C6: 12 | D6: 7 | E6: 2 | F6: 1 | G6: 3 | H6: 6 | I6: 4 | J6: 14 | K6: 8 | L6: 5 | M6: 2 | N6: 4 | O6: 2 | P6: 1 | Q6: 2 | R6: 6 | S6: 3 | T6: 5 | U6: 5 | V6: 2 | W6: 1 | X6: 8 | Y6: 5 | Z6: 11 | AA6: 13 | AB6: 11 | AC6: 8 | AD6: 5 | AE6: 14 | AF6: 11 | AG6: =SUM(B6:AF6) -> 186
A7: 11:00 | B7: 7 | C7: 4 | D7: 5 | E7: 4 | F7: 1 | G7: 2 | H7: 1 | I7: 5 | J7: 9 | K7: 8 | M7: 4 | N7: 5 | O7: 3 | P7: 4 | Q7: 10 | R7: 9 | S7: 4 | T7: 9 | U7: 9 | V7: 6 | W7: 3 | X7: 16 | Y7: 5 | Z7: 8 | AA7: 12 | AB7: 4 | AC7: 5 | AD7: 8 | AE7: 13 | AF7: 9 | AG7: =SUM(B7:AF7) -> 192
A8: 12:00 | B8: 9 | C8: 9 | D8: 13 | E8: 1 | F8: 4 | G8: 5 | H8: 8 | I8: 3 | J8: 7 | K8: 10 | L8: 8 | M8: 4 | N8: 3 | O8: 1 | P8: 2 | Q8: 13 | R8: 16 | S8: 5 | T8: 8 | U8: 7 | V8: 1 | W8: 5 | X8: 17 | Y8: 10 | Z8: 8 | AA8: 8 | AB8: 12 | AC8: 6 | AD8: 9 | AE8: 14 | AF8: 4 | AG8: =SUM(B8:AF8) -> 230
A9: 13:00 | B9: 13 | C9: 11 | D9: 13 | E9: 5 | F9: 2 | G9: 1 | H9: 5 | I9: 1 | J9: 7 | K9: 8 | L9: 3 | M9: 2 | N9: 8 | O9: 2 | P9: 5 | Q9: 7 | R9: 7 | S9: 13 | T9: 7 | U9: 4 | V9: 3 | W9: 3 | X9: 5 | Y9: 6 | Z9: 10 | AA9: 8 | AB9: 5 | AC9: 6 | AD9: 10 | AE9: 9 | AF9: 8 | AG9: =SUM(B9:AF9) -> 197
A10: 14:00 | B10: 7 | C10: 5 | D10: 4 | E10: 7 | F10: 4 | G10: 4 | H10: 1 | I10: 6 | J10: 6 | K10: 3 | L10: 2 | M10: 2 | N10: 6 | O10: 1 | P10: 4 | Q10: 6 | R10: 7 | S10: 6 | T10: 3 | V10: 9 | W10: 4 | X10: 5 | Y10: 7 | Z10: 13 | AA10: 17 | AB10: 2 | AC10: 11 | AD10: 4 | AE10: 7 | AF10: 7 | AG10: =SUM(B10:AF10) -> 170
A11: 15:00 | B11: 6 | C11: 11 | D11: 13 | F11: 4 | G11: 4 | H11: 7 | J11: 13 | K11: 7 | L11: 5 | M11: 3 | N11: 3 | O11: 4 | P11: 3 | Q11: 8 | R11: 18 | S11: 2 | T11: 5 | U11: 3 | V11: 3 | X11: 5 | Y11: 13 | Z11: 8 | AA11: 13 | AB11: 5 | AC11: 3 | AD11: 5 | AE11: 13 | AF11: 8 | AG11: =SUM(B11:AF11) -> 195
A12: 16:00 | B12: 7 | C12: 14 | D12: 14 | E12: 1 | F12: 2 | H12: 1 | I12: 5 | J12: 12 | K12: 16 | L12: 1 | M12: 6 | N12: 3 | O12: 2 | P12: 4 | Q12: 13 | R12: 23 | S12: 11 | T12: 12 | U12: 6 | V12: 7 | W12: 7 | X12: 6 | Y12: 10 | Z12: 16 | AA12: 9 | AB12: 13 | AC12: 11 | AD12: 14 | AE12: 9 | AF12: 16 | AG12: =SUM(B12:AF12) -> 271
A13: 17:00 | B13: 2 | C13: 9 | D13: 11 | E13: 39 | F13: 35 | G13: 34 | H13: 31 | I13: 33 | J13: 7 | K13: 16 | L13: 42 | M13: 24 | N13: 37 | O13: 38 | P13: 32 | Q13: 5 | R13: 10 | S13: 35 | T13: 25 | U13: 18 | V13: 32 | W13: 37 | X13: 15 | Y13: 6 | Z13: 11 | AA13: 21 | AB13: 34 | AC13: 31 | AD13: 14 | AE13: 8 | AF13: 17 | AG13: =SUM(B13:AF13) -> 709
A14: 18:00 | B14: 8 | C14: 12 | D14: 9 | E14: 7 | F14: 16 | G14: 10 | H14: 8 | I14: 14 | J14: 7 | K14: 12 | L14: 18 | M14: 15 | N14: 11 | O14: 10 | P14: 8 | Q14: 14 | R14: 6 | S14: 21 | T14: 15 | U14: 9 | V14: 7 | W14: 10 | X14: 7 | Y14: 9 | Z14: 19 | AA14: 19 | AB14: 18 | AC14: 27 | AD14: 11 | AE14: 14 | AF14: 11 | AG14: =SUM(B14:AF14) -> 382
A15: 19:00 | B15: 10 | C15: 13 | D15: 5 | E15: 15 | F15: 16 | G15: 12 | H15: 20 | I15: 12 | J15: 5 | K15: 9 | L15: 13 | M15: 10 | N15: 17 | O15: 17 | P15: 3 | Q15: 13 | R15: 12 | S15: 17 | T15: 12 | U15: 14 | V15: 8 | W15: 9 | X15: 5 | Y15: 9 | Z15: 18 | AA15: 14 | AB15: 9 | AC15: 11 | AD15: 9 | AE15: 5 | AF15: 6 | AG15: =SUM(B15:AF15) -> 348
A16: 20:00 | B16: 6 | C16: 2 | D16: 5 | E16: 7 | F16: 5 | G16: 5 | H16: 12 | I16: 9 | J16: 8 | K16: 7 | L16: 10 | M16: 10 | N16: 11 | O16: 6 | P16: 15 | Q16: 3 | R16: 6 | S16: 16 | T16: 7 | U16: 12 | V16: 6 | W16: 11 | X16: 5 | Y16: 10 | Z16: 11 | AA16: 9 | AB16: 10 | AC16: 3 | AD16: 9 | AE16: 13 | AF16: 11 | AG16: =SUM(B16:AF16) -> 260
A17: 21:00 | B17: 8 | C17: 6 | D17: 13 | E17: 14 | F17: 9 | G17: 7 | H17: 14 | I17: 7 | J17: 5 | K17: 13 | L17: 6 | M17: 10 | N17: 9 | O17: 7 | P17: 7 | Q17: 8 | R17: 8 | S17: 8 | T17: 9 | U17: 12 | V17: 14 | W17: 12 | X17: 7 | Y17: 13 | Z17: 14 | AA17: 8 | AB17: 6 | AC17: 12 | AD17: 8 | AE17: 9 | AF17: 4 | AG17: =SUM(B17:AF17) -> 287
A18: 22:00 | B18: 6 | C18: 5 | D18: 12 | E18: 11 | F18: 12 | G18: 12 | H18: 4 | I18: 5 | J18: 10 | K18: 5 | L18: 11 | M18: 10 | N18: 6 | O18: 2 | P18: 8 | Q18: 6 | R18: 4 | S18: 5 | T18: 5 | U18: 9 | V18: 12 | W18: 13 | X18: 6 | Y18: 4 | Z18: 7 | AA18: 7 | AB18: 12 | AC18: 3 | AD18: 2 | AE18: 6 | AF18: 3 | AG18: =SUM(B18:AF18) -> 223
A19: 23:00 | B19: 5 | D19: 5 | E19: 6 | F19: 5 | G19: 5 | H19: 1 | I19: 6 | J19: 3 | K19: 9 | L19: 4 | M19: 2 | N19: 6 | O19: 2 | P19: 1 | Q19: 4 | R19: 8 | S19: 6 | T19: 11 | U19: 8 | V19: 10 | W19: 10 | X19: 5 | Y19: 1 | Z19: 2 | AA19: 7 | AB19: 4 | AC19: 4 | AD19: 6 | AE19: 3 | AF19: 5 | AG19: =SUM(B19:AF19) -> 154
A20: 00:00 | B20: 8 | C20: 3 | D20: 3 | E20: 4 | F20: 6 | G20: 2 | H20: 8 | I20: 3 | J20: 1 | K20: 4 | L20: 2 | M20: 2 | N20: 4 | O20: 3 | P20: 2 | Q20: 5 | R20: 3 | S20: 4 | T20: 3 | U20: 5 | V20: 5 | W20: 3 | X20: 3 | Y20: 5 | Z20: 7 | AA20: 5 | AB20: 2 | AC20: 2 | AD20: 1 | AE20: 1 | AF20: 1 | AG20: =SUM(B20:AF20) -> 110
A21: 01:00 | B21: 6 | C21: 4 | D21: 1 | E21: 2 | G21: 5 | H21: 1 | I21: 1 | J21: 2 | K21: 2 | L21: 5 | M21: 1 | N21: 3 | P21: 3 | Q21: 4 | R21: 2 | S21: 2 | T21: 1 | U21: 2 | V21: 1 | W21: 1 | X21: 3 | Y21: 2 | Z21: 1 | AA21: 1 | AD21: 6 | AF21: 3 | AG21: =SUM(B21:AF21) -> 65
A22: 02:00 | B22: 3 | C22: 2 | E22: 1 | G22: 1 | H22: 2 | K22: 2 | O22: 1 | P22: 5 | R22: 1 | S22: 1 | U22: 2 | V22: 1 | W22: 4 | Y22: 2 | AE22: 3 | AF22: 1 | AG22: =SUM(B22:AF22) -> 32
A23: 03:00 | B23: 1 | D23: 1 | F23: 2 | I23: 1 | J23: 2 | K23: 1 | N23: 2 | S23: 1 | T23: 1 | V23: 2 | W23: 2 | X23: 1 | Y23: 1 | AB23: 3 | AD23: 2 | AE23: 2 | AF23: 1 | AG23: =SUM(B23:AF23) -> 26
A24: 04:00 | C24: 1 | F24: 1 | G24: 2 | H24: 1 | I24: 2 | J24: 1 | K24: 1 | L24: 1 | M24: 1 | N24: 2 | O24: 2 | P24: 1 | S24: 1 | U24: 1 | V24: 1 | Z24: 1 | AB24: 1 | AD24: 1 | AE24: 1 | AF24: 1 | AG24: =SUM(B24:AF24) -> 24
A25: 05:00 | C25: 2 | D25: 4 | F25: 3 | I25: 1 | L25: 1 | R25: 1 | T25: 1 | AE25: 3 | AG25: =SUM(B25:AF25) -> 16
A26: 06:00 | B26: 1 | C26: 1 | D26: 1 | F26: 1 | G26: 2 | H26: 5 | J26: 1 | K26: 1 | N26: 1 | O26: 2 | Q26: 1 | R26: 1 | U26: 2 | W26: 1 | X26: 3 | Y26: 1 | AA26: 2 | AB26: 2 | AD26: 1 | AE26: 4 | AF26: 1 | AG26: =SUM(B26:AF26) -> 35
A27: 07:00 | B27: 1 | C27: 1 | E27: 2 | H27: 1 | P27: 1 | R27: 2 | S27: 2 | T27: 1 | U27: 1 | W27: 2 | X27: 1 | Y27: 2 | AA27: 3 | AD27: 1 | AE27: 2 | AG27: =SUM(B27:AF27) -> 23
A28: Total de atendidos | B28: =SUM(B29:B52) -> 116 | C28: =SUM(C29:C52) -> 137 | D28: =SUM(D29:D52) -> 142 | E28: =SUM(E29:E52) -> 122 | F28: =SUM(F29:F52) -> 122 | G28: =SUM(G29:G52) -> 106 | H28: =SUM(H29:H52) -> 129 | I28: =SUM(I29:I52) -> 109 | ... AF28: =SUM(AF29:AF52) -> 131 | AG28: =SUM(B28:AF28) -> 4102
A29: 08:00 | B29: 2 | C29: 5 | D29: 3 | E29: 3 | F29: 2 | G29: 1 | H29: 1 | I29: 2 | K29: 1 | N29: 2 | O29: 3 | P29: 2 | Q29: 1 | R29: 3 | S29: 2 | T29: 1 | V29: 2 | W29: 1 | X29: 1 | Y29: 2 | AA29: 9 | AB29: 1 | AC29: 1 | AD29: 2 | AF29: 2 | AG29: =SUM(B29:AF29) -> 55
A30: 09:00 | B30: 1 | C30: 7 | D30: 5 | E30: 5 | F30: 2 | G30: 1 | H30: 1 | I30: 1 | J30: 4 | K30: 5 | L30: 4 | M30: 3 | N30: 2 | O30: 5 | Q30: 1 | R30: 1 | S30: 3 | T30: 8 | U30: 3 | V30: 1 | W30: 2 | X30: 4 | Y30: 5 | Z30: 4 | AA30: 10 | AB30: 6 | AC30: 5 | AD30: 2 | AE30: 6 | AF30: 4 | AG30: =SUM(B30:AF30) -> 111
A31: 10:00 | B31: 6 | C31: 9 | D31: 5 | E31: 4 | F31: 1 | G31: 2 | H31: 4 | I31: 2 | J31: 6 | K31: 9 | L31: 5 | N31: 3 | O31: 3 | Q31: 5 | R31: 9 | S31: 3 | T31: 4 | U31: 5 | V31: 4 | W31: 2 | X31: 8 | Y31: 4 | Z31: 4 | AA31: 6 | AB31: 7 | AC31: 6 | AD31: 5 | AE31: 8 | AF31: 10 | AG31: =SUM(B31:AF31) -> 149
A32: 11:00 | B32: 3 | C32: 7 | D32: 7 | E32: 3 | F32: 1 | G32: 4 | H32: 4 | I32: 3 | J32: 12 | K32: 2 | L32: 4 | M32: 3 | N32: 5 | O32: 2 | P32: 4 | Q32: 4 | R32: 5 | S32: 3 | T32: 8 | U32: 5 | V32: 4 | W32: 3 | X32: 9 | Y32: 6 | Z32: 6 | AA32: 10 | AB32: 10 | AC32: 6 | AD32: 6 | AE32: 14 | AF32: 10 | AG32: =SUM(B32:AF32) -> 173
A33: 12:00 | B33: 9 | C33: 9 | D33: 8 | E33: 5 | G33: 2 | H33: 4 | I33: 4 | J33: 7 | K33: 10 | L33: 1 | M33: 5 | N33: 2 | O33: 2 | P33: 2 | Q33: 10 | R33: 6 | S33: 6 | T33: 3 | U33: 10 | V33: 5 | W33: 4 | X33: 14 | Y33: 8 | Z33: 9 | AA33: 11 | AB33: 5 | AC33: 9 | AD33: 6 | AE33: 9 | AF33: 4 | AG33: =SUM(B33:AF33) -> 189
A34: 13:00 | B34: 7 | C34: 2 | D34: 12 | E34: 2 | F34: 3 | G34: 3 | H34: 7 | I34: 4 | J34: 5 | K34: 6 | L34: 4 | M34: 3 | N34: 3 | O34: 1 | P34: 3 | Q34: 12 | R34: 13 | S34: 4 | T34: 9 | U34: 4 | W34: 2 | X34: 10 | Y34: 2 | Z34: 6 | AA34: 8 | AB34: 5 | AC34: 1 | AD34: 7 | AE34: 8 | AF34: 3 | AG34: =SUM(B34:AF34) -> 159
A35: 14:00 | B35: 12 | C35: 11 | D35: 9 | E35: 3 | F35: 3 | G35: 3 | H35: 2 | I35: 2 | J35: 6 | K35: 7 | L35: 4 | M35: 2 | N35: 4 | O35: 2 | P35: 2 | Q35: 8 | R35: 9 | S35: 6 | T35: 8 | U35: 3 | V35: 4 | W35: 3 | X35: 8 | Y35: 6 | Z35: 7 | AA35: 13 | AB35: 9 | AC35: 6 | AD35: 9 | AE35: 12 | AF35: 8 | AG35: =SUM(B35:AF35) -> 191
A36: 15:00 | B36: 6 | C36: 8 | D36: 7 | E36: 6 | F36: 6 | G36: 3 | H36: 2 | I36: 3 | J36: 8 | K36: 4 | L36: 3 | M36: 3 | N36: 4 | O36: 3 | P36: 2 | Q36: 4 | R36: 12 | S36: 6 | T36: 3 | U36: 1 | V36: 5 | W36: 5 | X36: 6 | Y36: 11 | Z36: 7 | AA36: 13 | AB36: 5 | AC36: 9 | AD36: 5 | AE36: 9 | AF36: 12 | AG36: =SUM(B36:AF36) -> 181
A37: 16:00 | B37: 8 | C37: 9 | D37: 10 | E37: 3 | F37: 3 | G37: 3 | H37: 7 | I37: 2 | J37: 6 | K37: 14 | L37: 5 | M37: 3 | N37: 3 | O37: 8 | P37: 2 | Q37: 10 | R37: 15 | S37: 8 | T37: 5 | U37: 5 | V37: 3 | W37: 5 | X37: 8 | Y37: 15 | Z37: 11 | AA37: 11 | AB37: 9 | AC37: 7 | AD37: 6 | AE37: 12 | AF37: 11 | AG37: =SUM(B37:AF37) -> 227
A38: 17:00 | B38: 5 | C38: 4 | D38: 13 | E38: 7 | F38: 8 | G38: 6 | H38: 4 | I38: 9 | J38: 15 | K38: 16 | L38: 6 | M38: 6 | N38: 10 | O38: 17 | P38: 10 | Q38: 9 | R38: 19 | S38: 5 | T38: 12 | U38: 7 | V38: 8 | W38: 5 | X38: 10 | Y38: 9 | Z38: 9 | AA38: 10 | AB38: 8 | AC38: 12 | AD38: 9 | AE38: 12 | AF38: 15 | AG38: =SUM(B38:AF38) -> 295
A39: 18:00 | B39: 7 | C39: 13 | D39: 8 | E39: 8 | F39: 15 | G39: 11 | H39: 13 | I39: 9 | J39: 7 | K39: 13 | L39: 15 | M39: 13 | N39: 12 | O39: 17 | P39: 10 | Q39: 11 | R39: 3 | S39: 10 | T39: 17 | U39: 9 | V39: 17 | W39: 13 | X39: 9 | Y39: 3 | Z39: 16 | AA39: 17 | AB39: 20 | AC39: 16 | AD39: 11 | AE39: 13 | AF39: 12 | AG39: =SUM(B39:AF39) -> 368
A40: 19:00 | B40: 5 | C40: 10 | D40: 8 | E40: 10 | F40: 12 | G40: 8 | H40: 21 | I40: 13 | J40: 7 | K40: 9 | L40: 12 | M40: 17 | N40: 16 | O40: 15 | P40: 13 | Q40: 12 | R40: 12 | S40: 15 | T40: 20 | U40: 14 | V40: 20 | W40: 14 | X40: 8 | Y40: 13 | Z40: 17 | AA40: 17 | AB40: 24 | AC40: 25 | AD40: 17 | AE40: 9 | AF40: 9 | AG40: =SUM(B40:AF40) -> 422
A41: 20:00 | B41: 9 | C41: 15 | D41: 8 | E41: 8 | F41: 15 | G41: 9 | H41: 12 | I41: 15 | J41: 8 | K41: 11 | L41: 19 | M41: 13 | N41: 13 | O41: 15 | P41: 17 | Q41: 9 | R41: 9 | S41: 13 | T41: 14 | U41: 15 | V41: 6 | W41: 16 | X41: 5 | Y41: 9 | Z41: 25 | AA41: 17 | AB41: 14 | AC41: 19 | AD41: 10 | AE41: 7 | AF41: 7 | AG41: =SUM(B41:AF41) -> 382
A42: 21:00 | B42: 5 | C42: 6 | D42: 8 | E42: 10 | F42: 12 | G42: 10 | H42: 14 | I42: 9 | J42: 8 | K42: 3 | L42: 10 | M42: 15 | N42: 15 | O42: 6 | P42: 7 | Q42: 4 | R42: 7 | S42: 17 | T42: 6 | U42: 12 | V42: 10 | W42: 15 | X42: 6 | Y42: 13 | Z42: 13 | AA42: 10 | AB42: 7 | AC42: 11 | AD42: 8 | AE42: 9 | AF42: 7 | AG42: =SUM(B42:AF42) -> 293
A43: 22:00 | B43: 7 | C43: 4 | D43: 7 | E43: 15 | F43: 15 | G43: 8 | H43: 13 | I43: 15 | J43: 7 | K43: 6 | L43: 13 | M43: 5 | N43: 14 | O43: 3 | P43: 15 | Q43: 7 | R43: 6 | S43: 11 | T43: 7 | U43: 10 | V43: 9 | W43: 12 | X43: 5 | Y43: 7 | Z43: 9 | AA43: 6 | AB43: 13 | AC43: 6 | AD43: 8 | AE43: 8 | AF43: 4 | AG43: =SUM(B43:AF43) -> 275
A44: 23:00 | B44: 5 | C44: 5 | D44: 12 | E44: 13 | F44: 7 | G44: 7 | H44: 5 | I44: 7 | J44: 7 | K44: 10 | L44: 12 | M44: 9 | N44: 14 | P44: 3 | Q44: 5 | R44: 6 | S44: 14 | T44: 7 | U44: 8 | V44: 7 | W44: 10 | X44: 4 | Y44: 1 | Z44: 6 | AA44: 4 | AB44: 5 | AC44: 2 | AD44: 2 | AE44: 3 | AF44: 3 | AG44: =SUM(B44:AF44) -> 203
A45: 00:00 | B45: 7 | C45: 3 | D45: 5 | E45: 11 | F45: 10 | G45: 9 | H45: 5 | I45: 2 | J45: 1 | K45: 8 | L45: 6 | M45: 5 | N45: 6 | O45: 3 | P45: 3 | Q45: 6 | R45: 6 | S45: 7 | T45: 6 | U45: 7 | V45: 13 | W45: 6 | X45: 5 | Y45: 4 | Z45: 6 | AA45: 8 | AB45: 3 | AC45: 3 | AD45: 4 | AE45: 3 | AF45: 4 | AG45: =SUM(B45:AF45) -> 175
A46: 01:00 | B46: 3 | C46: 2 | D46: 2 | E46: 5 | G46: 8 | H46: 3 | I46: 3 | J46: 2 | K46: 5 | L46: 5 | M46: 2 | N46: 3 | P46: 3 | Q46: 3 | R46: 2 | S46: 6 | T46: 5 | U46: 5 | V46: 3 | W46: 2 | X46: 3 | Y46: 3 | Z46: 2 | AA46: 7 | AD46: 6 | AF46: 1 | AG46: =SUM(B46:AF46) -> 94
A47: 02:00 | B47: 6 | C47: 4 | E47: 1 | G47: 4 | H47: 2 | K47: 2 | O47: 1 | P47: 5 | Q47: 1 | R47: 1 | S47: 2 | U47: 2 | V47: 1 | W47: 4 | Y47: 2 | AA47: 3 | AD47: 1 | AE47: 3 | AF47: 2 | AG47: =SUM(B47:AF47) -> 47
A48: 03:00 | B48: 2 | D48: 1 | F48: 1 | I48: 1 | J48: 2 | K48: 1 | R48: 1 | S48: 1 | T48: 1 | V48: 1 | W48: 3 | X48: 1 | Y48: 2 | AB48: 1 | AD48: 1 | AE48: 2 | AG48: =SUM(B48:AF48) -> 22
A49: 04:00 | C49: 1 | F49: 2 | G49: 1 | I49: 2 | K49: 1 | M49: 1 | N49: 4 | O49: 1 | P49: 1 | V49: 2 | AB49: 2 | AD49: 2 | AF49: 1 | AG49: =SUM(B49:AF49) -> 21
A50: 05:00 | C50: 2 | D50: 2 | F50: 3 | G50: 1 | H50: 1 | I50: 1 | J50: 1 | L50: 2 | S50: 1 | T50: 1 | U50: 1 | Z50: 1 | AB50: 1 | AE50: 1 | AF50: 1 | AG50: =SUM(B50:AF50) -> 20
A51: 06:00 | B51: 1 | D51: 1 | F51: 1 | G51: 2 | H51: 4 | J51: 1 | K51: 1 | O51: 1 | Q51: 1 | R51: 1 | U51: 2 | W51: 1 | X51: 2 | AA51: 1 | AB51: 2 | AE51: 7 | AG51: =SUM(B51:AF51) -> 29
A52: 07:00 | C52: 1 | D52: 1 | N52: 1 | R52: 3 | S52: 2 | U52: 1 | W52: 1 | X52: 2 | Y52: 3 | AA52: 2 | AD52: 1 | AE52: 2 | AF52: 1 | AG52: =SUM(B52:AF52) -> 21
A53: Total de NSP | B53: =SUM(B54:B77) -> 7 | C53: =SUM(C54:C77) -> 6 | D53: =SUM(D54:D77) -> 6 | E53: =SUM(E54:E77) -> 18 | F53: =SUM(F54:F77) -> 11 | G53: =SUM(G54:G77) -> 13 | H53: =SUM(H54:H77) -> 10 | I53: =SUM(I54:I77) -> 13 | ... AF53: =SUM(AF54:AF77) -> 6 | AG53: =SUM(B53:AF53) -> 279
A54: 08:00 | B54: 1 | P54: 1 | X54: 1 | Y54: 1 | AC54: 1 | AG54: =SUM(B54:AF54) -> 5
A55: 09:00 | Q55: 1 | W55: 1 | AG55: =SUM(B55:AF55) -> 2
A56: 10:00 | H56: 1 | T56: 1 | Z56: 3 | AG56: =SUM(B56:AF56) -> 5
A57: 11:00 | I57: 1 | K57: 1 | Z57: 1 | AG57: =SUM(B57:AF57) -> 3
A58: 12:00 | L58: 1 | N58: 4 | R58: 4 | AA58: 1 | AF58: 1 | AG58: =SUM(B58:AF58) -> 11
A59: 13:00 | U59: 1 | AA59: 1 | AC59: 1 | AD59: 2 | AG59: =SUM(B59:AF59) -> 5
A60: 14:00 | Q60: 1 | S60: 4 | T60: 2 | X60: 1 | Z60: 1 | AC60: 1 | AG60: =SUM(B60:AF60) -> 10
A61: 15:00 | Q61: 1 | R61: 1 | T61: 1 | Z61: 2 | AE61: 1 | AF61: 2 | AG61: =SUM(B61:AF61) -> 8
A62: 16:00 | C62: 1 | P62: 1 | T62: 1 | Z62: 1 | AD62: 1 | AG62: =SUM(B62:AF62) -> 5
A63: 17:00 | D63: 2 | E63: 1 | J63: 1 | P63: 2 | R63: 1 | U63: 2 | V63: 4 | W63: 1 | X63: 1 | Y63: 1 | AB63: 2 | AC63: 1 | AE63: 1 | AF63: 1 | AG63: =SUM(B63:AF63) -> 21
A64: 18:00 | C64: 1 | E64: 2 | F64: 2 | G64: 1 | H64: 2 | I64: 1 | L64: 4 | M64: 1 | N64: 1 | S64: 3 | V64: 3 | W64: 6 | AB64: 1 | AC64: 1 | AD64: 1 | AE64: 1 | AG64: =SUM(B64:AF64) -> 31
A65: 19:00 | F65: 2 | H65: 4 | I65: 2 | J65: 1 | M65: 2 | N65: 1 | O65: 1 | P65: 2 | Q65: 1 | T65: 1 | U65: 1 | V65: 1 | Y65: 1 | Z65: 2 | AB65: 1 | AC65: 2 | AG65: =SUM(B65:AF65) -> 25
A66: 20:00 | C66: 2 | E66: 2 | F66: 1 | G66: 1 | I66: 3 | L66: 1 | O66: 1 | P66: 1 | R66: 1 | S66: 4 | V66: 2 | W66: 4 | X66: 1 | Z66: 2 | AB66: 2 | AC66: 1 | AE66: 3 | AG66: =SUM(B66:AF66) -> 32
A67: 21:00 | B67: 1 | C67: 1 | D67: 2 | E67: 2 | F67: 2 | G67: 2 | I67: 4 | N67: 5 | O67: 1 | S67: 2 | T67: 1 | U67: 2 | W67: 4 | Z67: 2 | AC67: 1 | AE67: 1 | AG67: =SUM(B67:AF67) -> 33
A68: 22:00 | B68: 5 | E68: 3 | F68: 1 | H68: 1 | I68: 2 | J68: 2 | L68: 3 | S68: 1 | T68: 1 | V68: 1 | Z68: 1 | AB68: 1 | AG68: =SUM(B68:AF68) -> 22
A69: 23:00 | C69: 1 | D69: 1 | E69: 8 | F69: 1 | H69: 1 | J69: 1 | L69: 1 | N69: 1 | R69: 2 | S69: 8 | V69: 1 | X69: 1 | AA69: 1 | AF69: 1 | AG69: =SUM(B69:AF69) -> 29
A70: 00:00 | F70: 2 | G70: 8 | H70: 1 | K70: 4 | L70: 2 | O70: 1 | Q70: 1 | R70: 1 | S70: 2 | AG70: =SUM(B70:AF70) -> 22
A71: 01:00 | G71: 1 | L71: 2 | S71: 1 | AF71: 1 | AG71: =SUM(B71:AF71) -> 5
A72: 02:00 | AC72: 1 | AG72: =SUM(B72:AF72) -> 1
A73: 03:00 | L73: 1 | AG73: =SUM(B73:AF73) -> 1
A74: 04:00 | O74: 1 | AG74: =SUM(B74:AF74) -> 1
A75: 05:00 | D75: 1 | AG75: =SUM(B75:AF75) -> 1
A76: 06:00 | O76: 1 | AG76: =SUM(B76:AF76) -> 1
A77: 07:00 | AG77: =SUM(B77:AF77) -> 0
A78: TOTAL PACIENTES INSCRITOS | B78: =SUM(B79:B80) -> 123 | C78: =SUM(C79:C80) -> 143 | D78: =SUM(D79:D80) -> 148 | E78: =SUM(E79:E80) -> 140 | F78: =SUM(F79:F80) -> 133 | G78: =SUM(G79:G80) -> 119 | H78: =SUM(H79:H80) -> 139 | I78: =SUM(I79:I80) -> 122 | ... AF78: =SUM(AF79:AF80) -> 137 | AG78: =SUM(B78:AF78) -> 4381
A79: SAR | B79: =SUM(B4:B27)-B80 -> 123 | C79: =SUM(C4:C27)-C80 -> 143 | D79: =SUM(D4:D27)-D80 -> 148 | E79: =SUM(E4:E27)-E80 -> 140 | F79: =SUM(F4:F27)-F80 -> 111 | G79: =SUM(G4:G27)-G80 -> 97 | H79: =SUM(H4:H27)-H80 -> 108 | I79: =SUM(I4:I27)-I80 -> 122 | ... AF79: =SUM(AF4:AF27)-AF80 -> 65 | AG79: =SUM(B79:AF79) -> 3569
A80: PAR | D80: 0 | E80: 0 | F80: =SUM(F4:F12) -> 22 | G80: =SUM(G4:G12) -> 22 | H80: =SUM(H4:H12) -> 31 | K80: 0 | L80: 0 | M80: =SUM(M4:M12) -> 26 | N80: =SUM(N4:N12) -> 39 | O80: =SUM(O4:O12) -> 24 | R80: =SUM(R4:R12) -> 95 | S80: =SUM(S4:S12) -> 51 | T80: =SUM(T4:T12) -> 62 | U80: =SUM(U4:U12) -> 40 | V80: =SUM(V4:V12) -> 38 | Y80: =SUM(Y4:Y12) -> 66 | AA80: =SUM(AA4:AA12) -> 100 | AB80: =SUM(AB4:AB12) -> 63 | AC80: =SUM(AC4:AC12) -> 61 | AF80: =SUM(AF4:AF12) -> 72 | AG80: =SUM(B80:AF80) -> 812
A81: TOTAL NSP | B81: =SUM(B82:B83) -> 7 | C81: =SUM(C82:C83) -> 6 | D81: =SUM(D82:D83) -> 6 | E81: =SUM(E82:E83) -> 18 | F81: =SUM(F82:F83) -> 11 | G81: =SUM(G82:G83) -> 13 | H81: =SUM(H82:H83) -> 10 | I81: =SUM(I82:I83) -> 13 | ... AF81: =SUM(AF82:AF83) -> 6 | AG81: =SUM(B81:AF81) -> 279 | AH81: =IF(AG81<>AG53,"*","")
A82: PAR | E82: =SUM(E54:E62) -> 0 | F82: =SUM(F54:F62) -> 0 | G82: =SUM(G54:G62) -> 0 | H82: =SUM(H54:H62) -> 1 | I82: =SUM(I54:I62) -> 1 | L82: =SUM(L54:L62) -> 1 | M82: =SUM(M54:M62) -> 0 | N82: =SUM(N54:N62) -> 4 | O82: =SUM(O54:O62) -> 0 | P82: =SUM(P54:P62) -> 2 | S82: =SUM(S54:S62) -> 4 | T82: =SUM(T54:T62) -> 5 | U82: =SUM(U54:U62) -> 1 | V82: =SUM(V54:V62) -> 0 | W82: =SUM(W54:W62) -> 1 | Z82: =SUM(Z54:Z62) -> 8 | AA82: =SUM(AA54:AA62) -> 2 | AB82: =SUM(AB54:AB62) -> 0 | AC82: =SUM(AC54:AC62) -> 3 | AD82: =SUM(AD54:AD62) -> 3 | AG82: =SUM(B82:AF82) -> 36
A83: SAR | B83: =SUM(B54:B77)-B82 -> 7 | C83: =SUM(C54:C77)-C82 -> 6 | D83: =SUM(D54:D77)-D82 -> 6 | E83: =SUM(E54:E77)-E82 -> 18 | F83: =SUM(F54:F77)-F82 -> 11 | G83: =SUM(G54:G77)-G82 -> 13 | H83: =SUM(H54:H77)-H82 -> 9 | I83: =SUM(I54:I77)-I82 -> 12 | ... AF83: =SUM(AF54:AF77)-AF82 -> 6 | AG83: =SUM(B83:AF83) -> 243
A84: NSP PEDIATR. / ADULTOS | B84: =SUM(B85:B86) -> 7 | C84: =SUM(C85:C86) -> 6 | D84: =SUM(D85:D86) -> 6 | E84: =SUM(E85:E86) -> 18 | F84: =SUM(F85:F86) -> 11 | G84: =SUM(G85:G86) -> 13 | H84: =SUM(H85:H86) -> 10 | I84: =SUM(I85:I86) -> 13 | ... AF84: =SUM(AF85:AF86) -> 6 | AG84: =SUM(B84:AF84) -> 279 | AH84: =IF(AG84<>AG82+AG83,"*","") | AI84: NSP
A85: NSP PEDIATRICOS (<15 AÑOS) | B85: 0 | C85: 0 | D85: 0 | E85: 1 | F85: 2 | G85: 1 | H85: 1 | I85: 0 | J85: 2 | K85: 0 | L85: 1 | M85: 0 | N85: 1 | O85: 2 | P85: 2 | Q85: 0 | R85: 0 | S85: 3 | T85: 1 | U85: 1 | V85: 1 | W85: 2 | X85: 1 | Y85: 1 | Z85: 2 | AA85: 1 | AB85: 3 | AC85: 0 | AD85: 0 | AE85: 1 | AF85: 1 | AG85: =SUM(B85:AF85) -> 31
A86: NSP ADULTOS | B86: 7 | C86: 6 | D86: 6 | E86: 17 | F86: 9 | G86: 12 | H86: 9 | I86: 13 | J86: 3 | K86: 5 | L86: 14 | M86: 3 | N86: 11 | O86: 4 | P86: 5 | Q86: 5 | R86: 10 | S86: 22 | T86: 7 | U86: 5 | V86: 11 | W86: 14 | X86: 4 | Y86: 2 | Z86: 13 | AA86: 2 | AB86: 4 | AC86: 10 | AD86: 4 | AE86: 6 | AF86: 5 | AG86: =SUM(B86:AF86) -> 248
A87: NSP CATEGORIZACION | B87: =SUM(B88:B92) -> 7 | C87: =SUM(C88:C92) -> 6 | D87: =SUM(D88:D92) -> 6 | E87: =SUM(E88:E92) -> 18 | F87: =SUM(F88:F92) -> 11 | G87: =SUM(G88:G92) -> 13 | H87: =SUM(H88:H92) -> 10 | I87: =SUM(I88:I92) -> 13 | ... AF87: =SUM(AF88:AF92) -> 6 | AG87: =SUM(B87:AF87) -> 279 | AH87: =IF(AG87<>AG84,"*","")
A88: SIN CATEGORIZACIÓN nsp | B88: 6 | C88: 3 | D88: 5 | E88: 4 | F88: 7 | G88: 3 | H88: 5 | I88: 5 | J88: 4 | K88: 1 | L88: 6 | M88: 2 | N88: 1 | O88: 3 | P88: 2 | Q88: 4 | R88: 3 | S88: 7 | T88: 5 | U88: 3 | V88: 8 | W88: 6 | X88: 1 | Z88: 9 | AA88: 3 | AB88: 3 | AC88: 9 | AD88: 2 | AE88: 1 | AF88: 3 | AG88: =SUM(B88:AF88) -> 124
A89: C2 | AG89: =SUM(B89:AF89) -> 0
A90: C3 | H90: 1 | I90: 1 | AG90: =SUM(B90:AF90) -> 2
A91: C4 | B91: 1 | C91: 1 | D91: 1 | E91: 6 | F91: 1 | G91: 8 | H91: 3 | I91: 5 | L91: 7 | N91: 1 | O91: 2 | P91: 4 | R91: 2 | S91: 15 | T91: 2 | U91: 2 | V91: 1 | W91: 4 | X91: 1 | Z91: 2 | AB91: 3 | AC91: 1 | AD91: 2 | AE91: 3 | AF91: 2 | AG91: =SUM(B91:AF91) -> 80
A92: C5 | C92: 2 | E92: 8 | F92: 3 | G92: 2 | H92: 1 | I92: 2 | J92: 1 | K92: 4 | L92: 2 | M92: 1 | N92: 10 | O92: 1 | P92: 1 | Q92: 1 | R92: 5 | S92: 3 | T92: 1 | U92: 1 | V92: 3 | W92: 6 | X92: 3 | Y92: 3 | Z92: 4 | AB92: 1 | AE92: 3 | AF92: 1 | AG92: =SUM(B92:AF92) -> 73
A93: TOTAL PACIENTES ATENDIDOS | B93: =+B94+B100 -> 116 | C93: =+C94+C100 -> 137 | D93: =+D94+D100 -> 142 | E93: =+E94+E100 -> 122 | F93: =+F94+F100 -> 122 | G93: =+G94+G100 -> 106 | H93: =+H94+H100 -> 129 | I93: =+I94+I100 -> 109 | ... AF93: =+AF94+AF100 -> 131 | AG93: =SUM(B93:AF93) -> 4102 | AH93: =IF(AG93<>AG28,"*","")
A94: Menor 15 años | B94: =SUM(B95:B99) -> 8 | C94: =SUM(C95:C99) -> 9 | D94: =SUM(D95:D99) -> 17 | E94: =SUM(E95:E99) -> 3 | F94: =SUM(F95:F99) -> 9 | G94: =SUM(G95:G99) -> 7 | H94: =SUM(H95:H99) -> 11 | I94: =SUM(I95:I99) -> 6 | ... AF94: =SUM(AF95:AF99) -> 7 | AG94: =SUM(B94:AF94) -> 287
A95: Menor 1 Año | F95: 1 | H95: 1 | J95: 1 | M95: 1 | Y95: 1 | AB95: 3 | AD95: 1 | AE95: 2 | AG95: =SUM(B95:AF95) -> 11
A96: 1 Año | B96: 1 | D96: 1 | E96: 1 | H96: 1 | L96: 1 | M96: 1 | W96: 1 | X96: 1 | Y96: 1 | Z96: 1 | AA96: 1 | AB96: 1 | AD96: 2 | AG96: =SUM(B96:AF96) -> 14
A97: 2 - 4 | B97: 4 | C97: 2 | D97: 1 | E97: 1 | F97: 2 | G97: 2 | H97: 4 | J97: 1 | K97: 3 | L97: 2 | N97: 1 | O97: 1 | Q97: 3 | S97: 1 | T97: 4 | U97: 1 | V97: 2 | W97: 2 | X97: 2 | Y97: 4 | Z97: 1 | AA97: 1 | AB97: 5 | AC97: 4 | AE97: 1 | AF97: 2 | AG97: =SUM(B97:AF97) -> 57
A98: 5 - 9 | B98: 3 | C98: 1 | D98: 7 | F98: 3 | G98: 1 | H98: 2 | I98: 2 | J98: 6 | K98: 3 | L98: 2 | M98: 2 | N98: 1 | O98: 1 | P98: 3 | Q98: 3 | R98: 2 | S98: 5 | T98: 6 | U98: 2 | V98: 3 | W98: 5 | X98: 5 | Y98: 3 | Z98: 1 | AA98: 7 | AB98: 2 | AD98: 2 | AE98: 4 | AF98: 4 | AG98: =SUM(B98:AF98) -> 91
A99: 10 - 14 | C99: 6 | D99: 8 | E99: 1 | F99: 3 | G99: 4 | H99: 3 | I99: 4 | J99: 4 | K99: 6 | L99: 1 | M99: 3 | N99: 1 | O99: 2 | P99: 8 | Q99: 4 | R99: 3 | S99: 2 | T99: 2 | U99: 5 | V99: 8 | X99: 2 | Y99: 6 | Z99: 2 | AA99: 5 | AB99: 2 | AC99: 11 | AD99: 5 | AE99: 2 | AF99: 1 | AG99: =SUM(B99:AF99) -> 114
A100: Mayor de 15 años | B100: =SUM(B101:B115) -> 108 | C100: =SUM(C101:C115) -> 128 | D100: =SUM(D101:D115) -> 125 | E100: =SUM(E101:E115) -> 119 | F100: =SUM(F101:F115) -> 113 | G100: =SUM(G101:G115) -> 99 | H100: =SUM(H101:H115) -> 118 | I100: =SUM(I101:I115) -> 103 | ... AF100: =SUM(AF101:AF115) -> 124 | AG100: =SUM(B100:AF100) -> 3815
A101: 15 - 19 | B101: 7 | C101: 7 | D101: 8 | E101: 8 | F101: 7 | G101: 4 | H101: 9 | I101: 3 | J101: 10 | K101: 10 | L101: 5 | M101: 6 | N101: 8 | O101: 9 | P101: 13 | Q101: 7 | R101: 6 | S101: 6 | T101: 5 | U101: 8 | V101: 5 | W101: 5 | X101: 6 | Y101: 8 | Z101: 5 | AA101: 10 | AB101: 11 | AC101: 5 | AD101: 7 | AE101: 6 | AF101: 7 | AG101: =SUM(B101:AF101) -> 221
...

Sheet FEBRERO
A2: FEBRERO | B2: 1 | C2: =+B2+1 -> 2 | D2: =+C2+1 -> 3 | E2: =+D2+1 -> 4 | F2: =+E2+1 -> 5 | G2: =+F2+1 -> 6 | H2: =+G2+1 -> 7 | I2: =+H2+1 -> 8 | J2: =+I2+1 -> 9 | ... AA2: =+Z2+1 -> 26 | AB2: 27 | AC2: =+AB2+1 -> 28 | AD2: 29 | AE2: 30 | AF2: 31 | AG2: TOTAL
A3: Total de Inscritos | B3: =SUM(B4:B27) -> 191 | C3: =SUM(C4:C27) -> 173 | D3: =SUM(D4:D27) -> 152 | E3: =SUM(E4:E27) -> 142 | F3: =SUM(F4:F27) -> 143 | G3: =SUM(G4:G27) -> 148 | H3: =SUM(H4:H27) -> 161 | I3: =SUM(I4:I27) -> 215 | ... AF3: =SUM(AF4:AF27) -> 0 | AG3: =SUM(B3:AF3) -> 4349
A4: 08:00 | B4: 7 | C4: 8 | D4: 8 | E4: 8 | F4: 5 | G4: 3 | H4: 2 | I4: 6 | J4: 5 | K4: 6 | L4: 6 | M4: 8 | N4: 5 | O4: 3 | P4: 3 | Q4: 4 | R4: 9 | S4: 1 | T4: 5 | U4: 2 | V4: 6 | W4: 5 | X4: 2 | Y4: 5 | Z4: 3 | AA4: 2 | AB4: 2 | AG4: =SUM(B4:AF4) -> 129
A5: 09:00 | B5: 12 | C5: 9 | D5: 2 | E5: 12 | F5: 9 | G5: 4 | H5: 4 | I5: 18 | J5: 11 | K5: 3 | L5: 8 | M5: 5 | N5: 6 | O5: 3 | P5: 5 | Q5: 7 | R5: 6 | S5: 7 | T5: 2 | U5: 9 | V5: 3 | W5: 5 | X5: 3 | Y5: 5 | Z5: 8 | AA5: 8 | AB5: 3 | AC5: 4 | AG5: =SUM(B5:AF5) -> 181
A6: 10:00 | B6: 10 | C6: 11 | D6: 8 | E6: 6 | F6: 5 | G6: 13 | H6: 9 | I6: 12 | J6: 6 | K6: 8 | L6: 8 | M6: 10 | N6: 10 | O6: 4 | P6: 4 | Q6: 9 | R6: 8 | S6: 10 | T6: 4 | U6: 7 | V6: 3 | W6: 5 | X6: 2 | Y6: 2 | Z6: 4 | AA6: 5 | AB6: 6 | AC6: 7 | AG6: =SUM(B6:AF6) -> 196
A7: 11:00 | B7: 8 | C7: 1 | D7: 5 | E7: 7 | F7: 4 | G7: 9 | H7: 10 | I7: 12 | J7: 8 | K7: 12 | L7: 6 | M7: 19 | N7: 8 | O7: 7 | P7: 11 | Q7: 6 | R7: 8 | S7: 11 | T7: 6 | U7: 11 | V7: 15 | W7: 9 | X7: 10 | Y7: 4 | Z7: 4 | AA7: 2 | AB7: 8 | AC7: 5 | AG7: =SUM(B7:AF7) -> 226
A8: 12:00 | B8: 10 | C8: 15 | D8: 7 | E8: 10 | F8: 7 | G8: 6 | H8: 11 | I8: 16 | J8: 9 | K8: 11 | L8: 2 | M8: 8 | N8: 10 | O8: 5 | P8: 12 | Q8: 8 | R8: 8 | S8: 8 | T8: 4 | U8: 9 | V8: 7 | W8: 6 | X8: 4 | Y8: 9 | Z8: 4 | AA8: 8 | AB8: 11 | AC8: 15 | AG8: =SUM(B8:AF8) -> 240
A9: 13:00 | B9: 2 | C9: 3 | D9: 8 | E9: 6 | F9: 2 | G9: 11 | H9: 10 | I9: 9 | J9: 3 | K9: 6 | L9: 9 | M9: 5 | N9: 11 | O9: 9 | P9: 9 | Q9: 8 | R9: 1 | S9: 4 | T9: 2 | U9: 9 | V9: 16 | W9: 3 | X9: 4 | Y9: 3 | Z9: 5 | AA9: 4 | AB9: 7 | AC9: 9 | AG9: =SUM(B9:AF9) -> 178
A10: 14:00 | B10: 4 | C10: 9 | D10: 10 | E10: 8 | F10: 6 | G10: 9 | H10: 8 | I10: 7 | J10: 8 | K10: 8 | L10: 7 | M10: 5 | N10: 12 | O10: 14 | P10: 7 | Q10: 8 | R10: 4 | S10: 14 | T10: 7 | U10: 14 | V10: 7 | W10: 2 | X10: 6 | Y10: 10 | Z10: 2 | AA10: 5 | AB10: 4 | AC10: 7 | AG10: =SUM(B10:AF10) -> 212
A11: 15:00 | B11: 8 | C11: 6 | D11: 10 | E11: 4 | F11: 6 | G11: 12 | H11: 10 | I11: 12 | J11: 7 | K11: 7 | L11: 16 | M11: 9 | N11: 11 | O11: 8 | P11: 10 | Q11: 5 | R11: 3 | S11: 10 | T11: 8 | U11: 8 | V11: 1 | W11: 3 | X11: 11 | Y11: 3 | Z11: 12 | AA11: 2 | AB11: 9 | AC11: 7 | AG11: =SUM(B11:AF11) -> 218
A12: 16:00 | B12: 25 | C12: 14 | D12: 10 | E12: 8 | F12: 11 | G12: 16 | H12: 13 | I12: 22 | J12: 12 | K12: 12 | L12: 13 | M12: 17 | N12: 7 | O12: 11 | P12: 18 | Q12: 10 | R12: 23 | S12: 19 | T12: 1 | U12: 6 | V12: 6 | W12: 12 | X12: 16 | Y12: 6 | Z12: 12 | AA12: 6 | AB12: 9 | AC12: 7 | AG12: =SUM(B12:AF12) -> 342
A13: 17:00 | B13: 20 | C13: 27 | D13: 22 | E13: 13 | F13: 21 | G13: 6 | H13: 12 | I13: 23 | J13: 18 | K13: 23 | L13: 25 | M13: 29 | N13: 12 | O13: 8 | P13: 25 | Q13: 26 | R13: 21 | S13: 23 | T13: 35 | U13: 9 | V13: 7 | W13: 23 | X13: 13 | Y13: 20 | Z13: 15 | AA13: 17 | AB13: 9 | AC13: 9 | AG13: =SUM(B13:AF13) -> 511
A14: 18:00 | B14: 20 | C14: 20 | D14: 8 | E14: 13 | F14: 17 | G14: 7 | H14: 14 | I14: 12 | J14: 15 | K14: 17 | L14: 20 | M14: 20 | N14: 8 | O14: 8 | P14: 14 | Q14: 16 | R14: 7 | S14: 11 | T14: 18 | U14: 12 | V14: 5 | W14: 14 | X14: 15 | Y14: 10 | Z14: 8 | AA14: 12 | AB14: 13 | AC14: 4 | AG14: =SUM(B14:AF14) -> 358
A15: 19:00 | B15: 9 | C15: 9 | D15: 6 | E15: 16 | F15: 11 | G15: 9 | H15: 4 | I15: 13 | J15: 14 | K15: 21 | L15: 11 | M15: 11 | N15: 8 | O15: 10 | P15: 13 | Q15: 10 | R15: 10 | S15: 14 | T15: 4 | U15: 7 | V15: 15 | W15: 13 | X15: 17 | Y15: 8 | Z15: 10 | AA15: 15 | AB15: 11 | AC15: 9 | AG15: =SUM(B15:AF15) -> 308
A16: 20:00 | B16: 12 | C16: 8 | D16: 4 | E16: 7 | F16: 8 | G16: 4 | H16: 6 | I16: 11 | J16: 15 | K16: 15 | L16: 8 | M16: 7 | N16: 12 | O16: 8 | P16: 9 | Q16: 16 | R16: 10 | S16: 7 | T16: 12 | U16: 7 | V16: 12 | W16: 14 | X16: 4 | Y16: 9 | Z16: 10 | AA16: 11 | AB16: 8 | AC16: 5 | AG16: =SUM(B16:AF16) -> 259
... A18: 22:00 | B18: 9 | C18: 6 | D18: 14 | E18: 10 | F18: 7 | G18: 6 | H18: 13 | I18: 8 | J18: 11 | K18: 7 | L18: 3 | M18: 7 | N18: 8 | O18: 7 | P18: 11 | Q18: 9 | R18: 10 | S18: 9 | T18: 5 | U18: 5 | V18: 7 | W18: 7 | X18: 5 | Y18: 12 | Z18: 12 | AA18: 7 | AB18: 12 | AC18: 14 | AG18: =SUM(B18:AF18) -> 241
A19: 23:00 | B19: 8 | C19: 6 | D19: 5 | E19: 6 | F19: 5 | G19: 4 | H19: 10 | I19: 6 | J19: 8 | K19: 6 | L19: 3 | N19: 5 | O19: 6 | P19: 5 | Q19: 9 | R19: 1 | S19: 6 | T19: 4 | U19: 5 | V19: 3 | W19: 4 | X19: 7 | Y19: 4 | Z19: 4 | AA19: 6 | AB19: 5 | AC19: 5 | AG19: =SUM(B19:AF19) -> 146
A20: 00:00 | C20: 1 | D20: 7 | F20: 1 | G20: 2 | H20: 4 | I20: 5 | J20: 3 | K20: 4 | L20: 5 | M20: 2 | O20: 4 | P20: 4 | Q20: 1 | R20: 5 | S20: 6 | T20: 2 | U20: 4 | V20: 2 | W20: 4 | X20: 5 | Y20: 4 | Z20: 3 | AA20: 4 | AB20: 7 | AC20: 3 | AG20: =SUM(B20:AF20) -> 92
A21: 01:00 | B21: 5 | C21: 0 | D21: 2 | F21: 3 | G21: 2 | H21: 3 | I21: 1 | J21: 2 | K21: 1 | N21: 3 | O21: 5 | P21: 2 | R21: 2 | S21: 1 | U21: 3 | W21: 1 | X21: 1 | Y21: 1 | Z21: 2 | AA21: 3 | AB21: 6 | AG21: =SUM(B21:AF21) -> 49
A22: 02:00 | B22: 3 | C22: 2 | F22: 3 | G22: 1 | H22: 2 | I22: 6 | J22: 1 | L22: 2 | N22: 1 | O22: 3 | P22: 1 | Q22: 2 | R22: 2 | T22: 1 | U22: 1 | W22: 1 | X22: 2 | Y22: 5 | Z22: 1 | AC22: 4 | AG22: =SUM(B22:AF22) -> 44
A23: 03:00 | B23: 2 | C23: 0 | D23: 1 | F23: 1 | G23: 1 | H23: 1 | J23: 1 | L23: 2 | M23: 1 | N23: 2 | O23: 2 | P23: 1 | Q23: 1 | R23: 2 | T23: 1 | U23: 1 | V23: 1 | W23: 1 | X23: 4 | AA23: 1 | AB23: 3 | AC23: 1 | AG23: =SUM(B23:AF23) -> 31
A24: 04:00 | B24: 1 | C24: 1 | G24: 2 | I24: 1 | J24: 1 | L24: 1 | M24: 1 | N24: 1 | O24: 2 | Q24: 1 | S24: 3 | T24: 5 | U24: 2 | V24: 2 | AB24: 2 | AC24: 2 | AG24: =SUM(B24:AF24) -> 28
A25: 05:00 | C25: 0 | D25: 1 | F25: 1 | H25: 2 | L25: 2 | M25: 1 | O25: 1 | Q25: 1 | V25: 1 | Z25: 2 | AA25: 3 | AG25: =SUM(B25:AF25) -> 15
A26: 06:00 | B26: 1 | C26: 2 | D26: 4 | F26: 3 | G26: 1 | H26: 1 | I26: 1 | J26: 2 | M26: 1 | N26: 1 | Q26: 4 | S26: 2 | T26: 1 | U26: 1 | W26: 2 | Y26: 2 | Z26: 1 | AG26: =SUM(B26:AF26) -> 30
A27: 07:00 | C27: 1 | D27: 1 | I27: 2 | J27: 1 | K27: 1 | L27: 2 | M27: 1 | N27: 1 | Q27: 2 | T27: 1 | W27: 1 | X27: 1 | AA27: 1 | AB27: 1 | AC27: 1 | AG27: =SUM(B27:AF27) -> 18
A28: Total de atendidos | B28: =SUM(B29:B52) -> 179 | C28: =SUM(C29:C52) -> 162 | D28: =SUM(D29:D52) -> 147 | E28: =SUM(E29:E52) -> 135 | F28: =SUM(F29:F52) -> 139 | G28: =SUM(G29:G52) -> 144 | H28: =SUM(H29:H52) -> 148 | I28: =SUM(I29:I52) -> 204 | ... AF28: =SUM(AF29:AF52) -> 0 | AG28: =SUM(B28:AF28) -> 4159
A29: 08:00 | B29: 3 | C29: 3 | D29: 8 | E29: 3 | F29: 5 | G29: 1 | H29: 1 | I29: 5 | J29: 1 | K29: 3 | L29: 4 | M29: 4 | O29: 2 | P29: 1 | Q29: 3 | R29: 4 | S29: 1 | T29: 1 | U29: 1 | V29: 2 | W29: 2 | X29: 1 | Y29: 5 | AA29: 1 | AB29: 1 | AG29: =SUM(B29:AF29) -> 66
A30: 09:00 | B30: 7 | C30: 7 | D30: 3 | E30: 8 | F30: 9 | G30: 2 | H30: 2 | I30: 9 | J30: 8 | K30: 3 | L30: 9 | M30: 7 | N30: 5 | O30: 2 | P30: 5 | Q30: 7 | R30: 7 | S30: 2 | T30: 5 | U30: 2 | V30: 4 | W30: 5 | X30: 5 | Y30: 4 | Z30: 6 | AA30: 3 | AB30: 2 | AC30: 4 | AG30: =SUM(B30:AF30) -> 142
A31: 10:00 | B31: 8 | C31: 5 | D31: 2 | E31: 9 | F31: 5 | G31: 10 | H31: 4 | I31: 9 | J31: 9 | K31: 9 | L31: 8 | M31: 8 | N31: 9 | O31: 5 | P31: 3 | Q31: 8 | R31: 7 | S31: 10 | T31: 4 | U31: 11 | V31: 5 | W31: 6 | Y31: 3 | Z31: 3 | AA31: 9 | AB31: 5 | AC31: 5 | AG31: =SUM(B31:AF31) -> 179
A32: 11:00 | B32: 6 | C32: 7 | D32: 7 | E32: 5 | F32: 3 | G32: 6 | H32: 8 | I32: 18 | J32: 6 | K32: 9 | L32: 5 | M32: 12 | N32: 10 | O32: 4 | P32: 9 | Q32: 6 | R32: 10 | S32: 5 | T32: 4 | U32: 8 | V32: 4 | W32: 7 | X32: 4 | Y32: 2 | Z32: 5 | AA32: 3 | AB32: 4 | AC32: 5 | AG32: =SUM(B32:AF32) -> 182
A33: 12:00 | B33: 8 | C33: 5 | D33: 6 | E33: 11 | F33: 6 | G33: 8 | H33: 8 | I33: 14 | J33: 10 | K33: 11 | L33: 4 | M33: 13 | N33: 7 | O33: 7 | P33: 10 | Q33: 9 | R33: 6 | S33: 14 | T33: 6 | U33: 6 | V33: 9 | W33: 5 | X33: 8 | Y33: 10 | Z33: 3 | AA33: 5 | AB33: 7 | AC33: 5 | AG33: =SUM(B33:AF33) -> 221
A34: 13:00 | B34: 3 | C34: 5 | D34: 10 | E34: 7 | F34: 1 | G34: 11 | H34: 9 | I34: 12 | J34: 4 | K34: 7 | L34: 7 | M34: 5 | N34: 8 | O34: 6 | P34: 8 | Q34: 7 | R34: 2 | S34: 7 | T34: 1 | U34: 6 | V34: 13 | W34: 8 | X34: 4 | Y34: 4 | Z34: 5 | AA34: 5 | AB34: 8 | AC34: 8 | AG34: =SUM(B34:AF34) -> 181
A35: 14:00 | B35: 7 | C35: 8 | D35: 3 | E35: 4 | F35: 6 | G35: 9 | H35: 9 | I35: 4 | J35: 5 | K35: 3 | L35: 5 | M35: 6 | N35: 10 | O35: 12 | P35: 12 | Q35: 3 | R35: 2 | S35: 8 | T35: 4 | U35: 10 | V35: 8 | W35: 1 | X35: 7 | Y35: 7 | Z35: 3 | AA35: 2 | AB35: 9 | AC35: 12 | AG35: =SUM(B35:AF35) -> 179
A36: 15:00 | B36: 7 | C36: 10 | D36: 14 | E36: 7 | F36: 6 | G36: 8 | H36: 7 | I36: 9 | J36: 8 | K36: 10 | L36: 12 | M36: 11 | N36: 13 | O36: 7 | P36: 7 | Q36: 9 | R36: 5 | S36: 9 | T36: 6 | U36: 11 | V36: 9 | W36: 3 | X36: 4 | Y36: 4 | Z36: 8 | AA36: 6 | AB36: 6 | AC36: 11 | AG36: =SUM(B36:AF36) -> 227
A37: 16:00 | B37: 10 | C37: 8 | D37: 8 | E37: 8 | F37: 11 | G37: 16 | H37: 4 | I37: 15 | J37: 7 | K37: 8 | L37: 10 | M37: 10 | N37: 12 | O37: 11 | P37: 13 | Q37: 6 | R37: 14 | S37: 6 | T37: 6 | U37: 10 | V37: 6 | W37: 6 | X37: 12 | Y37: 6 | Z37: 7 | AA37: 3 | AB37: 10 | AC37: 11 | AG37: =SUM(B37:AF37) -> 254
A38: 17:00 | B38: 10 | C38: 10 | D38: 8 | E38: 5 | F38: 21 | G38: 13 | H38: 13 | I38: 5 | J38: 7 | K38: 7 | L38: 11 | M38: 12 | N38: 11 | O38: 13 | P38: 4 | Q38: 9 | R38: 8 | S38: 6 | T38: 7 | U38: 12 | V38: 5 | W38: 7 | X38: 7 | Y38: 5 | Z38: 8 | AA38: 5 | AB38: 8 | AC38: 1 | AG38: =SUM(B38:AF38) -> 238
A39: 18:00 | B39: 17 | C39: 17 | D39: 16 | E39: 11 | F39: 17 | G39: 6 | H39: 7 | I39: 16 | J39: 13 | K39: 14 | L39: 17 | M39: 16 | N39: 8 | O39: 8 | P39: 11 | Q39: 21 | R39: 10 | S39: 18 | T39: 18 | U39: 13 | V39: 8 | W39: 16 | X39: 13 | Y39: 12 | Z39: 8 | AA39: 15 | AB39: 12 | AC39: 9 | AG39: =SUM(B39:AF39) -> 367
A40: 19:00 | B40: 26 | C40: 20 | D40: 10 | E40: 13 | F40: 11 | G40: 6 | H40: 14 | I40: 21 | J40: 17 | K40: 13 | L40: 14 | M40: 19 | N40: 9 | O40: 7 | P40: 13 | Q40: 15 | R40: 20 | S40: 20 | T40: 21 | U40: 9 | V40: 13 | W40: 17 | X40: 15 | Y40: 15 | Z40: 20 | AA40: 16 | AB40: 10 | AC40: 10 | AG40: =SUM(B40:AF40) -> 414
A41: 20:00 | B41: 17 | C41: 19 | D41: 8 | E41: 17 | F41: 7 | G41: 8 | H41: 12 | I41: 20 | J41: 23 | K41: 9 | L41: 13 | M41: 20 | N41: 7 | O41: 10 | P41: 19 | Q41: 20 | R41: 7 | S41: 25 | T41: 15 | U41: 8 | V41: 10 | W41: 12 | X41: 11 | Y41: 7 | Z41: 11 | AA41: 13 | AB41: 9 | AC41: 4 | AG41: =SUM(B41:AF41) -> 361
A42: 21:00 | B42: 10 | C42: 17 | D42: 7 | E42: 6 | F42: 7 | G42: 16 | H42: 10 | I42: 17 | J42: 11 | K42: 12 | L42: 14 | M42: 13 | N42: 13 | O42: 7 | P42: 19 | Q42: 14 | R42: 12 | S42: 4 | T42: 10 | U42: 10 | V42: 14 | W42: 12 | X42: 14 | Y42: 12 | Z42: 9 | AA42: 10 | AB42: 10 | AC42: 11 | AG42: =SUM(B42:AF42) -> 321
A43: 22:00 | B43: 15 | C43: 4 | D43: 8 | E43: 12 | F43: 7 | G43: 10 | H43: 10 | I43: 5 | J43: 13 | K43: 20 | L43: 8 | M43: 8 | N43: 8 | O43: 8 | P43: 13 | Q43: 6 | R43: 10 | S43: 11 | T43: 9 | U43: 11 | V43: 6 | W43: 19 | X43: 14 | Y43: 10 | Z43: 9 | AA43: 11 | AB43: 7 | AC43: 7 | AG43: =SUM(B43:AF43) -> 279
A44: 23:00 | B44: 9 | C44: 8 | D44: 10 | E44: 7 | F44: 5 | G44: 3 | H44: 7 | I44: 5 | J44: 9 | K44: 12 | L44: 6 | M44: 2 | N44: 6 | O44: 4 | P44: 8 | Q44: 9 | R44: 5 | S44: 5 | T44: 5 | U44: 3 | V44: 6 | W44: 5 | X44: 7 | Y44: 6 | Z44: 7 | AA44: 6 | AB44: 10 | AC44: 9 | AG44: =SUM(B44:AF44) -> 184
A45: 00:00 | B45: 4 | C45: 3 | D45: 7 | E45: 2 | F45: 1 | G45: 4 | H45: 5 | I45: 9 | J45: 5 | K45: 5 | L45: 4 | M45: 1 | N45: 2 | O45: 6 | P45: 2 | Q45: 4 | R45: 3 | S45: 7 | U45: 5 | V45: 1 | W45: 6 | X45: 7 | Y45: 5 | Z45: 5 | AA45: 3 | AB45: 9 | AC45: 6 | AG45: =SUM(B45:AF45) -> 121
A46: 01:00 | B46: 3 | C46: 0 | D46: 6 | F46: 3 | G46: 2 | H46: 8 | I46: 2 | J46: 2 | K46: 3 | L46: 2 | N46: 2 | O46: 4 | P46: 5 | R46: 3 | T46: 2 | U46: 5 | V46: 1 | W46: 1 | X46: 1 | Y46: 3 | Z46: 2 | AA46: 6 | AB46: 5 | AG46: =SUM(B46:AF46) -> 71
A47: 02:00 | B47: 4 | C47: 2 | F47: 3 | G47: 2 | H47: 4 | I47: 3 | J47: 1 | K47: 1 | L47: 2 | N47: 2 | O47: 2 | P47: 1 | Q47: 2 | R47: 1 | S47: 1 | T47: 1 | U47: 1 | W47: 1 | X47: 2 | Y47: 6 | Z47: 2 | AB47: 1 | AC47: 4 | AG47: =SUM(B47:AF47) -> 49
A48: 03:00 | B48: 3 | C48: 0 | F48: 1 | G48: 1 | H48: 2 | I48: 2 | L48: 1 | M48: 1 | N48: 1 | O48: 3 | Q48: 1 | R48: 2 | T48: 1 | U48: 1 | V48: 1 | X48: 4 | AA48: 1 | AB48: 3 | AC48: 1 | AG48: =SUM(B48:AF48) -> 30
A49: 04:00 | C49: 0 | D49: 1 | G49: 1 | H49: 1 | I49: 1 | J49: 2 | L49: 2 | N49: 1 | O49: 3 | P49: 1 | Q49: 1 | R49: 1 | S49: 3 | T49: 3 | U49: 1 | V49: 1 | W49: 1 | AB49: 2 | AC49: 1 | AG49: =SUM(B49:AF49) -> 27
A50: 05:00 | B50: 1 | C50: 1 | F50: 1 | G50: 1 | H50: 1 | L50: 2 | M50: 2 | N50: 1 | O50: 1 | Q50: 1 | T50: 2 | U50: 1 | V50: 2 | Z50: 1 | AA50: 3 | AC50: 1 | AG50: =SUM(B50:AF50) -> 22
A51: 06:00 | B51: 1 | C51: 2 | D51: 2 | F51: 3 | H51: 1 | J51: 1 | O51: 1 | Q51: 2 | S51: 1 | U51: 1 | Y51: 1 | Z51: 2 | AG51: =SUM(B51:AF51) -> 18
A52: 07:00 | C52: 1 | D52: 3 | H52: 1 | I52: 3 | J52: 2 | K52: 1 | M52: 1 | N52: 2 | Q52: 2 | S52: 1 | T52: 2 | W52: 3 | Y52: 1 | AA52: 1 | AB52: 1 | AC52: 1 | AG52: =SUM(B52:AF52) -> 26
A53: Total de NSP | B53: =SUM(B54:B77) -> 12 | C53: =SUM(C54:C77) -> 11 | D53: =SUM(D54:D77) -> 5 | E53: =SUM(E54:E77) -> 7 | F53: =SUM(F54:F77) -> 4 | G53: =SUM(G54:G77) -> 4 | H53: =SUM(H54:H77) -> 13 | I53: =SUM(I54:I77) -> 11 | ... AF53: =SUM(AF54:AF77) -> 0 | AG53: =SUM(B53:AF53) -> 190
A54: 08:00 | B54: 1 | J54: 1 | N54: 1 | AG54: =SUM(B54:AF54) -> 3
A55: 09:00 | B55: 3 | C55: 2 | E55: 1 | H55: 1 | P55: 1 | R55: 1 | S55: 1 | AA55: 1 | AG55: =SUM(B55:AF55) -> 11
A56: 10:00 | D56: 1 | E56: 1 | I56: 1 | J56: 1 | U56: 1 | Z56: 1 | AG56: =SUM(B56:AF56) -> 6
A57: 11:00 | C57: 1 | E57: 1 | F57: 1 | G57: 1 | I57: 1 | K57: 1 | M57: 2 | N57: 1 | Q57: 1 | R57: 1 | AG57: =SUM(B57:AF57) -> 11
A58: 12:00 | B58: 2 | C58: 3 | L58: 1 | N58: 1 | R58: 1 | Z58: 1 | AB58: 1 | AG58: =SUM(B58:AF58) -> 10
A59: 13:00 | D59: 1 | E59: 2 | F59: 2 | I59: 2 | J59: 1 | L59: 1 | M59: 1 | U59: 1 | V59: 2 | X59: 1 | Z59: 1 | AB59: 1 | AG59: =SUM(B59:AF59) -> 16
A60: 14:00 | B60: 1 | C60: 2 | H60: 1 | I60: 2 | K60: 1 | N60: 1 | T60: 2 | Y60: 1 | AB60: 1 | AG60: =SUM(B60:AF60) -> 12
A61: 15:00 | G61: 1 | H61: 1 | J61: 1 | L61: 2 | Q61: 2 | S61: 2 | X61: 2 | AG61: =SUM(B61:AF61) -> 11
A62: 16:00 | B62: 2 | D62: 1 | E62: 1 | H62: 1 | K62: 2 | O62: 1 | R62: 1 | S62: 1 | Z62: 1 | AA62: 1 | AG62: =SUM(B62:AF62) -> 12
A63: 17:00 | C63: 1 | H63: 2 | J63: 1 | T63: 1 | Z63: 1 | AA63: 1 | AG63: =SUM(B63:AF63) -> 7
A64: 18:00 | C64: 2 | D64: 2 | H64: 1 | J64: 2 | K64: 1 | L64: 1 | M64: 1 | S64: 2 | T64: 3 | X64: 1 | AG64: =SUM(B64:AF64) -> 16
A65: 19:00 | B65: 1 | G65: 1 | I65: 1 | J65: 1 | K65: 1 | L65: 1 | P65: 1 | R65: 2 | T65: 1 | W65: 1 | X65: 1 | AB65: 1 | AG65: =SUM(B65:AF65) -> 13
A66: 20:00 | E66: 1 | G66: 1 | K66: 3 | P66: 1 | Q66: 2 | S66: 1 | T66: 1 | Z66: 1 | AG66: =SUM(B66:AF66) -> 11
A67: 21:00 | H67: 2 | I67: 2 | K67: 3 | P67: 3 | R67: 2 | T67: 2 | W67: 1 | Y67: 2 | Z67: 1 | AG67: =SUM(B67:AF67) -> 18
A68: 22:00 | F68: 1 | H68: 3 | K68: 3 | P68: 3 | Y68: 1 | AG68: =SUM(B68:AF68) -> 11
A69: 23:00 | B69: 2 | H69: 1 | K69: 1 | N69: 1 | S69: 1 | U69: 1 | X69: 1 | Z69: 1 | AG69: =SUM(B69:AF69) -> 9
A70: 00:00 | I70: 1 | K70: 2 | S70: 2 | AB70: 1 | AC70: 1 | AG70: =SUM(B70:AF70) -> 7
A71: 01:00 | M71: 1 | AG71: =SUM(B71:AF71) -> 1
A72: 02:00 | I72: 1 | J72: 1 | R72: 1 | AG72: =SUM(B72:AF72) -> 3
A73: 03:00 | AG73: =SUM(B73:AF73) -> 0
A74: 04:00 | O74: 1 | AG74: =SUM(B74:AF74) -> 1
A75: 05:00 | AG75: =SUM(B75:AF75) -> 0
A76: 06:00 | AG76: =SUM(B76:AF76) -> 0
A77: 07:00 | X77: 1 | AG77: =SUM(B77:AF77) -> 1
A78: TOTAL PACIENTES INSCRITOS | B78: =SUM(B79:B80) -> 191 | C78: =SUM(C79:C80) -> 173 | D78: =SUM(D79:D80) -> 152 | E78: =SUM(E79:E80) -> 142 | F78: =SUM(F79:F80) -> 143 | G78: =SUM(G79:G80) -> 148 | H78: =SUM(H79:H80) -> 161 | I78: =SUM(I79:I80) -> 215 | ... AF78: =SUM(AF79:AF80) -> 0 | AG78: =SUM(B78:AF78) -> 4349
A79: SAR | B79: =SUM(B4:B27)-B80 -> 191 | C79: =SUM(C4:C27)-C80 -> 173 | D79: =SUM(D4:D27)-D80 -> 152 | E79: =SUM(E4:E27)-E80 -> 142 | F79: =SUM(F4:F27)-F80 -> 88 | G79: =SUM(G4:G27)-G80 -> 65 | H79: =SUM(H4:H27)-H80 -> 84 | I79: =SUM(I4:I27)-I80 -> 215 | ... AF79: =SUM(AF4:AF27)-AF80 -> 0 | AG79: =SUM(B79:AF79) -> 3363
A80: PAR | D80: 0 | E80: 0 | F80: =SUM(F4:F12) -> 55 | G80: =SUM(G4:G12) -> 83 | H80: =SUM(H4:H12) -> 77 | K80: 0 | L80: 0 | M80: =SUM(M4:M12) -> 86 | N80: =SUM(N4:N12) -> 80 | O80: =SUM(O4:O12) -> 64 | R80: =SUM(R4:R12) -> 70 | S80: =SUM(S4:S12) -> 84 | T80: =SUM(T4:T12) -> 39 | U80: =SUM(U4:U12) -> 75 | V80: =SUM(V4:V12) -> 64 | Y80: =SUM(Y4:Y12) -> 47 | AA80: =SUM(AA4:AA12) -> 42 | AB80: =SUM(AB4:AB12) -> 59 | AC80: =SUM(AC4:AC12) -> 61 | AF80: =SUM(AF4:AF12) -> 0 | AG80: =SUM(B80:AF80) -> 986
A81: TOTAL NSP | B81: =SUM(B82:B83) -> 12 | C81: =SUM(C82:C83) -> 11 | D81: =SUM(D82:D83) -> 5 | E81: =SUM(E82:E83) -> 7 | F81: =SUM(F82:F83) -> 4 | G81: =SUM(G82:G83) -> 4 | H81: =SUM(H82:H83) -> 13 | I81: =SUM(I82:I83) -> 11 | ... AF81: =SUM(AF82:AF83) -> 0 | AG81: =SUM(B81:AF81) -> 190 | AH81: =IF(AG81<>AG53,"*","")
A82: PAR | B82: =SUM(B54:B62) -> 9 | C82: =SUM(C54:C62) -> 8 | D82: =SUM(D54:D62) -> 3 | E82: =SUM(E54:E62) -> 6 | F82: =SUM(F54:F62) -> 3 | G82: =SUM(G54:G62) -> 2 | H82: =SUM(H54:H62) -> 4 | I82: =SUM(I54:I62) -> 6 | ... AF82: =SUM(AF54:AF62) -> 0 | AG82: =SUM(B82:AF82) -> 92
A83: SAR | B83: =SUM(B54:B77)-B82 -> 3 | C83: =SUM(C54:C77)-C82 -> 3 | D83: =SUM(D54:D77)-D82 -> 2 | E83: =SUM(E54:E77)-E82 -> 1 | F83: =SUM(F54:F77)-F82 -> 1 | G83: =SUM(G54:G77)-G82 -> 2 | H83: =SUM(H54:H77)-H82 -> 9 | I83: =SUM(I54:I77)-I82 -> 5 | ... AF83: =SUM(AF54:AF77)-AF82 -> 0 | AG83: =SUM(B83:AF83) -> 98
A84: NSP PEDIATR. / ADULTOS | B84: =SUM(B85:B86) -> 12 | C84: =SUM(C85:C86) -> 11 | D84: =SUM(D85:D86) -> 5 | E84: =SUM(E85:E86) -> 7 | F84: =SUM(F85:F86) -> 4 | G84: =SUM(G85:G86) -> 4 | H84: =SUM(H85:H86) -> 13 | I84: =SUM(I85:I86) -> 11 | ... AF84: =SUM(AF85:AF86) -> 0 | AG84: =SUM(B84:AF84) -> 190 | AH84: =IF(AG84<>AG82+AG83,"*","") | AI84: NSP
A85: NSP PEDIATRICOS (<15 AÑOS) | B85: 0 | C85: 0 | D85: 1 | E85: 1 | F85: 0 | G85: 0 | H85: 3 | I85: 2 | J85: 0 | K85: 1 | L85: 2 | M85: 1 | N85: 0 | O85: 0 | P85: 3 | Q85: 0 | R85: 0 | S85: 3 | T85: 0 | U85: 0 | V85: 0 | W85: 0 | X85: 1 | Y85: 0 | Z85: 0 | AA85: 0 | AB85: 0 | AC85: 0 | AG85: =SUM(B85:AF85) -> 18
A86: NSP ADULTOS | B86: 12 | C86: 11 | D86: 4 | E86: 6 | F86: 4 | G86: 4 | H86: 10 | I86: 9 | J86: 9 | K86: 17 | L86: 4 | M86: 4 | N86: 5 | O86: 2 | P86: 6 | Q86: 5 | R86: 9 | S86: 7 | T86: 10 | U86: 3 | V86: 2 | W86: 2 | X86: 6 | Y86: 4 | Z86: 8 | AA86: 3 | AB86: 5 | AC86: 1 | AG86: =SUM(B86:AF86) -> 172
A87: NSP CATEGORIZACION | B87: =SUM(B88:B92) -> 12 | C87: =SUM(C88:C92) -> 11 | D87: =SUM(D88:D92) -> 5 | E87: =SUM(E88:E92) -> 7 | F87: =SUM(F88:F92) -> 4 | G87: =SUM(G88:G92) -> 4 | H87: =SUM(H88:H92) -> 13 | I87: =SUM(I88:I92) -> 11 | ... AF87: =SUM(AF88:AF92) -> 0 | AG87: =SUM(B87:AF87) -> 190 | AH87: =IF(AG87<>AG84,"*","")
A88: SIN CATEGORIZACIÓN nsp | B88: 5 | C88: 7 | D88: 5 | E88: 4 | F88: 2 | G88: 2 | H88: 2 | I88: 6 | J88: 9 | K88: 6 | L88: 6 | M88: 4 | N88: 2 | O88: 1 | P88: 5 | Q88: 3 | R88: 6 | S88: 7 | T88: 8 | U88: 2 | V88: 2 | W88: 1 | X88: 6 | Y88: 1 | Z88: 5 | AA88: 2 | AB88: 2 | AG88: =SUM(B88:AF88) -> 111
A89: C2 | AG89: =SUM(B89:AF89) -> 0
A90: C3 | C90: 1 | N90: 1 | AG90: =SUM(B90:AF90) -> 2
A91: C4 | B91: 3 | C91: 2 | E91: 1 | F91: 1 | G91: 1 | H91: 9 | I91: 3 | K91: 10 | M91: 1 | N91: 1 | O91: 1 | P91: 2 | Q91: 2 | R91: 3 | S91: 2 | T91: 1 | W91: 1 | X91: 1 | Y91: 1 | Z91: 1 | AA91: 1 | AB91: 2 | AG91: =SUM(B91:AF91) -> 50
A92: C5 | B92: 4 | C92: 1 | E92: 2 | F92: 1 | G92: 1 | H92: 2 | I92: 2 | K92: 2 | N92: 1 | P92: 2 | S92: 1 | T92: 1 | U92: 1 | Y92: 2 | Z92: 2 | AB92: 1 | AC92: 1 | AG92: =SUM(B92:AF92) -> 27
A93: TOTAL PACIENTES ATENDIDOS | B93: =+B94+B100 -> 179 | C93: =+C94+C100 -> 162 | D93: =+D94+D100 -> 147 | E93: =+E94+E100 -> 135 | F93: =+F94+F100 -> 139 | G93: =+G94+G100 -> 144 | H93: =+H94+H100 -> 148 | I93: =+I94+I100 -> 204 | ... AF93: =+AF94+AF100 -> 0 | AG93: =SUM(B93:AF93) -> 4159 | AH93: =IF(AG93<>AG28,"*","")
A94: Menor 15 años | B94: =SUM(B95:B99) -> 10 | C94: =SUM(C95:C99) -> 13 | D94: =SUM(D95:D99) -> 6 | E94: =SUM(E95:E99) -> 11 | F94: =SUM(F95:F99) -> 11 | G94: =SUM(G95:G99) -> 7 | H94: =SUM(H95:H99) -> 11 | I94: =SUM(I95:I99) -> 13 | ... AF94: =SUM(AF95:AF99) -> 0 | AG94: =SUM(B94:AF94) -> 272
A95: Menor 1 Año | B95: 2 | C95: 0 | D95: 1 | F95: 1 | N95: 1 | P95: 1 | W95: 1 | X95: 1 | Y95: 1 | AC95: 1 | AG95: =SUM(B95:AF95) -> 10
A96: 1 Año | C96: 1 | H96: 1 | I96: 1 | J96: 1 | K96: 1 | N96: 2 | P96: 2 | S96: 1 | U96: 1 | W96: 1 | AA96: 3 | AC96: 1 | AG96: =SUM(B96:AF96) -> 16
A97: 2 - 4 | C97: 6 | D97: 1 | F97: 1 | H97: 1 | I97: 2 | J97: 2 | K97: 2 | M97: 2 | N97: 1 | O97: 3 | P97: 1 | Q97: 5 | R97: 1 | S97: 4 | T97: 1 | U97: 2 | V97: 1 | W97: 4 | X97: 2 | Y97: 2 | Z97: 1 | AA97: 1 | AB97: 3 | AC97: 3 | AG97: =SUM(B97:AF97) -> 52
A98: 5 - 9 | B98: 2 | C98: 2 | D98: 2 | E98: 6 | F98: 5 | G98: 3 | H98: 2 | I98: 3 | J98: 1 | K98: 3 | L98: 2 | M98: 3 | N98: 6 | O98: 6 | P98: 2 | Q98: 6 | R98: 1 | S98: 4 | U98: 3 | V98: 3 | W98: 3 | X98: 5 | Y98: 3 | Z98: 3 | AA98: 6 | AB98: 4 | AC98: 5 | AG98: =SUM(B98:AF98) -> 94
A99: 10 - 14 | B99: 6 | C99: 4 | D99: 2 | E99: 5 | F99: 4 | G99: 4 | H99: 7 | I99: 7 | J99: 2 | K99: 3 | L99: 3 | M99: 1 | N99: 6 | O99: 4 | P99: 4 | Q99: 1 | R99: 1 | S99: 4 | T99: 3 | U99: 2 | V99: 2 | W99: 3 | X99: 6 | Y99: 1 | Z99: 3 | AA99: 2 | AB99: 7 | AC99: 3 | AG99: =SUM(B99:AF99) -> 100
A100: Mayor de 15 años | B100: =SUM(B101:B115) -> 169 | C100: =SUM(C101:C115) -> 149 | D100: =SUM(D101:D115) -> 141 | E100: =SUM(E101:E115) -> 124 | F100: =SUM(F101:F115) -> 128 | G100: =SUM(G101:G115) -> 137 | H100: =SUM(H101:H115) -> 137 | I100: =SUM(I101:I115) -> 191 | ... AF100: =SUM(AF101:AF115) -> 0 | AG100: =SUM(B100:AF100) -> 3887
A101: 15 - 19 | B101: 9 | C101: 14 | D101: 10 | E101: 9 | F101: 15 | G101: 8 | H101: 8 | I101: 11 | J101: 5 | K101: 9 | L101: 10 | M101: 11 | N101: 3 | O101: 10 | P101: 6 | Q101: 13 | R101: 14 | S101: 12 | T101: 6 | U101: 9 | V101: 6 | W101: 5 | X101: 6 | Y101: 12 | Z101: 10 | AA101: 8 | AB101: 11 | AC101: 4 | AG101: =SUM(B101:AF101) -> 254
A102: 20 - 24 | B102: 17 | C102: 13 | D102: 18 | E102: 18 | F102: 14 | G102: 10 | H102: 15 | I102: 25 | J102: 27 | K102: 13 | L102: 12 | M102: 17 | N102: 12 | O102: 14 | P102: 18 | Q102: 23 | R102: 13 | S102: 6 | T102: 15 | U102: 15 | V102: 12 | W102: 23 | X102: 20 | Y102: 11 | Z102: 7 | AA102: 12 | AB102: 9 | AC102: 13 | AG102: =SUM(B102:AF102) -> 422
...

Sheet MARZO
A2: MARZO | B2: 1 | C2: =+B2+1 -> 2 | D2: =+C2+1 -> 3 | E2: =+D2+1 -> 4 | F2: =+E2+1 -> 5 | G2: =+F2+1 -> 6 | H2: =+G2+1 -> 7 | I2: =+H2+1 -> 8 | J2: =+I2+1 -> 9 | ... AA2: =+Z2+1 -> 26 | AB2: 27 | AC2: =+AB2+1 -> 28 | AD2: 29 | AE2: 30 | AF2: 31 | AG2: TOTAL
A3: Total de Inscritos | B3: =SUM(B4:B27) -> 177 | C3: =SUM(C4:C27) -> 126 | D3: =SUM(D4:D27) -> 157 | E3: =SUM(E4:E27) -> 142 | F3: =SUM(F4:F27) -> 126 | G3: =SUM(G4:G27) -> 156 | H3: =SUM(H4:H27) -> 165 | I3: =SUM(I4:I27) -> 155 | ... AF3: =SUM(AF4:AF27) -> 125 | AG3: =SUM(B3:AF3) -> 4712
A4: 08:00 | B4: 3 | C4: 2 | D4: 4 | E4: 1 | F4: 1 | G4: 4 | H4: 3 | I4: 4 | K4: 2 | L4: 1 | M4: 1 | N4: 4 | O4: 1 | P4: 4 | Q4: 2 | R4: 2 | S4: 6 | T4: 2 | U4: 4 | V4: 1 | W4: 5 | X4: 1 | Y4: 1 | Z4: 1 | AA4: 5 | AC4: 3 | AD4: 6 | AE4: 2 | AF4: 1 | AG4: =SUM(B4:AF4) -> 77
A5: 09:00 | B5: 6 | C5: 1 | D5: 3 | E5: 7 | F5: 3 | G5: 2 | H5: 4 | I5: 6 | J5: 6 | K5: 2 | L5: 3 | M5: 3 | N5: 4 | O5: 2 | P5: 6 | Q5: 7 | R5: 4 | S5: 4 | T5: 4 | U5: 10 | V5: 1 | W5: 7 | X5: 4 | Y5: 4 | Z5: 9 | AA5: 4 | AB5: 6 | AC5: 5 | AD5: 3 | AE5: 6 | AF5: 1 | AG5: =SUM(B5:AF5) -> 137
A6: 10:00 | B6: 6 | C6: 2 | D6: 2 | E6: 3 | F6: 3 | G6: 12 | H6: 16 | I6: 9 | J6: 4 | K6: 4 | L6: 5 | M6: 5 | N6: 5 | O6: 11 | P6: 5 | Q6: 5 | R6: 1 | S6: 9 | T6: 3 | U6: 10 | V6: 5 | W6: 10 | X6: 3 | Y6: 4 | Z6: 7 | AA6: 8 | AB6: 6 | AC6: 7 | AD6: 10 | AE6: 4 | AF6: 5 | AG6: =SUM(B6:AF6) -> 189
A7: 11:00 | B7: 5 | C7: 4 | D7: 2 | E7: 6 | F7: 2 | G7: 15 | H7: 11 | I7: 7 | J7: 6 | K7: 2 | L7: 1 | M7: 1 | N7: 10 | O7: 8 | P7: 3 | Q7: 6 | R7: 1 | S7: 2 | T7: 7 | U7: 14 | V7: 5 | W7: 9 | X7: 10 | Y7: 9 | Z7: 10 | AA7: 10 | AB7: 4 | AC7: 7 | AD7: 16 | AE7: 5 | AF7: 6 | AG7: =SUM(B7:AF7) -> 204
A8: 12:00 | B8: 7 | C8: 2 | D8: 7 | E8: 3 | F8: 2 | G8: 8 | H8: 14 | I8: 2 | J8: 3 | K8: 1 | L8: 10 | M8: 3 | N8: 13 | O8: 12 | P8: 5 | Q8: 9 | R8: 6 | S8: 9 | T8: 3 | U8: 12 | V8: 14 | W8: 9 | X8: 9 | Y8: 5 | Z8: 8 | AA8: 8 | AB8: 9 | AC8: 7 | AD8: 4 | AE8: 7 | AF8: 2 | AG8: =SUM(B8:AF8) -> 213
A9: 13:00 | B9: 2 | C9: 1 | D9: 2 | E9: 3 | F9: 3 | G9: 15 | H9: 4 | I9: 1 | J9: 3 | K9: 4 | L9: 1 | N9: 18 | O9: 15 | Q9: 4 | R9: 1 | T9: 1 | U9: 14 | V9: 10 | W9: 12 | X9: 3 | Z9: 8 | AA9: 7 | AB9: 11 | AC9: 11 | AD9: 3 | AE9: 12 | AF9: 4 | AG9: =SUM(B9:AF9) -> 173
A10: 14:00 | B10: 3 | C10: 2 | D10: 6 | E10: 3 | F10: 3 | G10: 6 | H10: 5 | I10: 7 | J10: 1 | L10: 6 | M10: 1 | N10: 5 | O10: 12 | P10: 4 | Q10: 6 | R10: 1 | S10: 6 | T10: 5 | U10: 15 | V10: 5 | W10: 2 | X10: 6 | Y10: 3 | AA10: 4 | AB10: 7 | AC10: 13 | AD10: 7 | AE10: 1 | AF10: 3 | AG10: =SUM(B10:AF10) -> 148
A11: 15:00 | B11: 3 | C11: 5 | D11: 8 | E11: 1 | G11: 12 | H11: 5 | I11: 5 | J11: 3 | K11: 5 | L11: 4 | M11: 3 | N11: 9 | O11: 15 | P11: 4 | Q11: 7 | R11: 4 | S11: 6 | T11: 5 | U11: 5 | V11: 16 | W11: 7 | X11: 6 | Y11: 4 | Z11: 4 | AA11: 4 | AB11: 4 | AC11: 18 | AD11: 10 | AE11: 7 | AF11: 2 | AG11: =SUM(B11:AF11) -> 191
A12: 16:00 | B12: 5 | C12: 3 | D12: 2 | E12: 4 | F12: 12 | G12: 8 | H12: 11 | I12: 4 | J12: 5 | K12: 8 | L12: 4 | M12: 3 | N12: 17 | O12: 12 | P12: 8 | Q12: 1 | R12: 6 | S12: 1 | T12: 6 | U12: 16 | V12: 15 | W12: 9 | X12: 10 | Y12: 8 | Z12: 10 | AA12: 9 | AB12: 10 | AC12: 19 | AD12: 4 | AE12: 7 | AF12: 9 | AG12: =SUM(B12:AF12) -> 246
A13: 17:00 | B13: 36 | C13: 30 | D13: 38 | E13: 32 | F13: 33 | G13: 18 | H13: 13 | I13: 36 | J13: 43 | K13: 43 | L13: 44 | M13: 41 | N13: 11 | O13: 17 | P13: 38 | Q13: 34 | R13: 49 | S13: 37 | T13: 29 | U13: 18 | V13: 13 | W13: 47 | X13: 34 | Y13: 33 | Z13: 45 | AA13: 44 | AB13: 10 | AC13: 11 | AD13: 32 | AE13: 32 | AF13: 29 | AG13: =SUM(B13:AF13) -> 970
A14: 18:00 | B14: 14 | C14: 14 | D14: 12 | E14: 14 | F14: 6 | G14: 4 | H14: 12 | I14: 13 | J14: 12 | K14: 18 | L14: 16 | M14: 25 | N14: 13 | O14: 7 | P14: 12 | Q14: 19 | R14: 10 | S14: 9 | T14: 13 | U14: 11 | V14: 9 | W14: 17 | X14: 18 | Y14: 17 | Z14: 12 | AA14: 20 | AB14: 9 | AC14: 6 | AD14: 19 | AE14: 4 | AF14: 14 | AG14: =SUM(B14:AF14) -> 399
A15: 19:00 | B15: 20 | C15: 17 | D15: 18 | E15: 11 | F15: 12 | G15: 6 | H15: 13 | I15: 13 | J15: 15 | K15: 13 | L15: 8 | M15: 12 | N15: 14 | O15: 10 | P15: 7 | Q15: 13 | R15: 14 | S15: 12 | T15: 5 | U15: 11 | V15: 5 | W15: 9 | X15: 13 | Y15: 11 | Z15: 10 | AA15: 7 | AB15: 6 | AC15: 15 | AD15: 16 | AE15: 6 | AF15: 14 | AG15: =SUM(B15:AF15) -> 356
A16: 20:00 | B16: 25 | C16: 18 | D16: 7 | E16: 13 | F16: 5 | G16: 10 | H16: 11 | I16: 13 | J16: 11 | K16: 12 | L16: 13 | M16: 10 | N16: 9 | O16: 13 | P16: 16 | Q16: 11 | R16: 10 | S16: 17 | T16: 8 | U16: 10 | V16: 8 | W16: 13 | X16: 9 | Y16: 8 | Z16: 10 | AA16: 13 | AB16: 5 | AC16: 10 | AD16: 8 | AE16: 7 | AF16: 10 | AG16: =SUM(B16:AF16) -> 343
A17: 21:00 | B17: 11 | C17: 6 | D17: 7 | E17: 12 | F17: 10 | G17: 6 | H17: 12 | I17: 10 | J17: 14 | K17: 13 | L17: 9 | M17: 16 | N17: 9 | O17: 14 | P17: 10 | Q17: 11 | R17: 13 | S17: 4 | T17: 8 | U17: 5 | V17: 12 | W17: 13 | X17: 8 | Y17: 19 | Z17: 5 | AA17: 5 | AB17: 4 | AC17: 8 | AD17: 14 | AE17: 9 | AF17: 9 | AG17: =SUM(B17:AF17) -> 306
A18: 22:00 | B18: 10 | C18: 8 | D18: 13 | E18: 14 | F18: 11 | G18: 11 | H18: 8 | I18: 13 | J18: 8 | K18: 2 | L18: 12 | M18: 6 | N18: 13 | O18: 5 | P18: 6 | Q18: 7 | R18: 6 | S18: 4 | T18: 6 | U18: 4 | V18: 13 | W18: 10 | X18: 12 | Y18: 7 | Z18: 6 | AA18: 7 | AB18: 7 | AC18: 5 | AD18: 6 | AE18: 2 | AF18: 4 | AG18: =SUM(B18:AF18) -> 246
A19: 23:00 | B19: 10 | C19: 2 | D19: 10 | E19: 3 | F19: 2 | G19: 7 | H19: 7 | I19: 3 | J19: 5 | K19: 12 | L19: 2 | M19: 8 | N19: 4 | O19: 2 | P19: 2 | Q19: 7 | R19: 11 | T19: 3 | U19: 2 | V19: 2 | W19: 5 | X19: 4 | Y19: 2 | Z19: 3 | AA19: 2 | AB19: 2 | AC19: 4 | AD19: 5 | AE19: 8 | AF19: 5 | AG19: =SUM(B19:AF19) -> 144
A20: 00:00 | B20: 5 | C20: 3 | D20: 3 | E20: 2 | F20: 1 | G20: 2 | H20: 3 | I20: 5 | J20: 3 | K20: 5 | L20: 11 | M20: 3 | N20: 4 | O20: 1 | P20: 5 | Q20: 3 | R20: 2 | T20: 6 | U20: 5 | V20: 2 | W20: 5 | X20: 6 | Y20: 3 | Z20: 8 | AA20: 5 | AB20: 5 | AC20: 3 | AD20: 2 | AE20: 1 | AF20: 1 | AG20: =SUM(B20:AF20) -> 113
A21: 01:00 | B21: 1 | C21: 2 | D21: 5 | E21: 4 | F21: 6 | G21: 4 | H21: 5 | I21: 1 | J21: 4 | K21: 1 | L21: 1 | M21: 1 | N21: 4 | O21: 1 | P21: 4 | Q21: 5 | R21: 4 | S21: 1 | T21: 3 | U21: 1 | V21: 7 | W21: 1 | X21: 3 | Y21: 1 | AC21: 5 | AD21: 4 | AF21: 2 | AG21: =SUM(B21:AF21) -> 81
A22: 02:00 | B22: 1 | C22: 1 | D22: 1 | E22: 4 | F22: 5 | G22: 3 | H22: 3 | J22: 2 | K22: 1 | L22: 2 | M22: 1 | N22: 2 | R22: 1 | T22: 3 | U22: 2 | V22: 1 | W22: 2 | Y22: 2 | AA22: 2 | AB22: 3 | AC22: 2 | AD22: 1 | AE22: 1 | AF22: 2 | AG22: =SUM(B22:AF22) -> 48
A23: 03:00 | B23: 1 | C23: 1 | D23: 3 | F23: 4 | G23: 1 | H23: 1 | J23: 2 | K23: 2 | M23: 1 | O23: 1 | P23: 4 | Q23: 1 | R23: 1 | T23: 1 | U23: 3 | V23: 3 | W23: 4 | Y23: 1 | AA23: 2 | AB23: 2 | AG23: =SUM(B23:AF23) -> 39
A24: 04:00 | D24: 3 | E24: 1 | I24: 1 | J24: 2 | M24: 2 | O24: 1 | P24: 2 | T24: 2 | X24: 1 | Y24: 1 | AB24: 1 | AG24: =SUM(B24:AF24) -> 17
A25: 05:00 | B25: 2 | E25: 1 | H25: 1 | I25: 2 | J25: 2 | L25: 1 | M25: 2 | N25: 4 | O25: 1 | R25: 1 | S25: 1 | T25: 1 | X25: 1 | AA25: 1 | AB25: 1 | AC25: 3 | AF25: 2 | AG25: =SUM(B25:AF25) -> 27
A26: 06:00 | B26: 1 | C26: 1 | D26: 1 | F26: 1 | H26: 3 | K26: 4 | O26: 2 | P26: 1 | Q26: 1 | U26: 1 | W26: 1 | X26: 1 | Z26: 1 | AC26: 2 | AG26: =SUM(B26:AF26) -> 21
A27: 07:00 | C27: 1 | F27: 1 | G27: 2 | K27: 1 | L27: 2 | M27: 1 | P27: 2 | W27: 2 | Z27: 3 | AA27: 3 | AB27: 3 | AC27: 1 | AD27: 1 | AE27: 1 | AG27: =SUM(B27:AF27) -> 24
A28: Total de atendidos | B28: =SUM(B29:B52) -> 160 | C28: =SUM(C29:C52) -> 118 | D28: =SUM(D29:D52) -> 151 | E28: =SUM(E29:E52) -> 130 | F28: =SUM(F29:F52) -> 124 | G28: =SUM(G29:G52) -> 149 | H28: =SUM(H29:H52) -> 158 | I28: =SUM(I29:I52) -> 150 | ... AF28: =SUM(AF29:AF52) -> 119 | AG28: =SUM(B28:AF28) -> 4448
A29: 08:00 | C29: 1 | D29: 3 | E29: 1 | I29: 2 | K29: 1 | L29: 2 | M29: 1 | N29: 1 | P29: 1 | R29: 1 | S29: 3 | T29: 2 | U29: 1 | V29: 1 | W29: 2 | X29: 1 | AA29: 2 | AB29: 1 | AC29: 1 | AD29: 4 | AE29: 1 | AF29: 1 | AG29: =SUM(B29:AF29) -> 34
A30: 09:00 | B30: 5 | C30: 1 | D30: 3 | E30: 2 | F30: 4 | G30: 5 | H30: 6 | I30: 6 | J30: 3 | K30: 3 | L30: 3 | M30: 4 | N30: 4 | O30: 2 | P30: 5 | Q30: 8 | R30: 3 | S30: 5 | T30: 3 | U30: 7 | V30: 1 | W30: 7 | X30: 2 | Y30: 4 | Z30: 8 | AA30: 5 | AB30: 1 | AC30: 5 | AD30: 4 | AE30: 6 | AG30: =SUM(B30:AF30) -> 125
A31: 10:00 | B31: 8 | C31: 3 | D31: 1 | E31: 7 | F31: 2 | H31: 9 | I31: 3 | J31: 3 | K31: 2 | L31: 5 | M31: 4 | N31: 5 | O31: 6 | P31: 5 | Q31: 3 | R31: 2 | S31: 7 | T31: 4 | U31: 7 | V31: 1 | W31: 4 | X31: 6 | Y31: 4 | Z31: 5 | AA31: 3 | AB31: 6 | AC31: 5 | AD31: 7 | AE31: 4 | AF31: 4 | AG31: =SUM(B31:AF31) -> 135
A32: 11:00 | B32: 4 | C32: 1 | D32: 2 | E32: 4 | F32: 3 | G32: 7 | H32: 10 | I32: 8 | J32: 5 | K32: 3 | L32: 2 | M32: 2 | N32: 6 | O32: 10 | P32: 6 | Q32: 6 | R32: 1 | S32: 6 | T32: 2 | U32: 12 | V32: 5 | W32: 7 | X32: 3 | Y32: 3 | Z32: 7 | AA32: 6 | AB32: 8 | AC32: 7 | AD32: 8 | AE32: 4 | AF32: 6 | AG32: =SUM(B32:AF32) -> 164
A33: 12:00 | B33: 5 | C33: 3 | D33: 3 | E33: 6 | G33: 11 | H33: 11 | I33: 7 | J33: 6 | K33: 2 | L33: 6 | M33: 3 | N33: 12 | O33: 8 | P33: 4 | Q33: 6 | R33: 3 | S33: 4 | T33: 7 | U33: 10 | V33: 8 | W33: 7 | X33: 7 | Y33: 6 | Z33: 9 | AA33: 5 | AB33: 5 | AC33: 9 | AD33: 8 | AE33: 6 | AF33: 3 | AG33: =SUM(B33:AF33) -> 190
A34: 13:00 | B34: 4 | C34: 2 | D34: 6 | E34: 2 | F34: 4 | G34: 10 | H34: 9 | I34: 1 | J34: 1 | K34: 2 | L34: 5 | N34: 12 | O34: 14 | P34: 2 | Q34: 5 | R34: 5 | S34: 5 | T34: 1 | U34: 12 | V34: 10 | W34: 5 | X34: 7 | Y34: 3 | Z34: 7 | AA34: 2 | AB34: 13 | AC34: 2 | AD34: 5 | AE34: 5 | AF34: 2 | AG34: =SUM(B34:AF34) -> 163
A35: 14:00 | B35: 3 | C35: 3 | D35: 4 | E35: 2 | F35: 4 | G35: 12 | H35: 8 | I35: 5 | J35: 3 | K35: 2 | L35: 3 | M35: 1 | N35: 12 | O35: 12 | P35: 2 | Q35: 3 | S35: 1 | T35: 4 | U35: 9 | V35: 6 | W35: 3 | X35: 6 | Y35: 4 | Z35: 5 | AA35: 7 | AB35: 5 | AC35: 9 | AD35: 7 | AE35: 5 | AF35: 5 | AG35: =SUM(B35:AF35) -> 155
A36: 15:00 | B36: 6 | C36: 2 | D36: 8 | E36: 2 | G36: 8 | H36: 4 | I36: 5 | J36: 4 | K36: 3 | L36: 4 | M36: 1 | N36: 10 | O36: 14 | P36: 6 | Q36: 7 | R36: 4 | S36: 8 | T36: 5 | U36: 13 | V36: 13 | W36: 6 | X36: 7 | Y36: 4 | Z36: 2 | AA36: 7 | AB36: 8 | AC36: 12 | AD36: 7 | AE36: 7 | AF36: 2 | AG36: =SUM(B36:AF36) -> 189
A37: 16:00 | B37: 2 | C37: 5 | D37: 5 | E37: 2 | F37: 5 | G37: 14 | H37: 8 | I37: 6 | J37: 1 | K37: 6 | L37: 6 | M37: 4 | N37: 12 | O37: 12 | P37: 4 | Q37: 5 | R37: 5 | S37: 4 | T37: 2 | U37: 13 | V37: 14 | W37: 9 | X37: 5 | Y37: 3 | Z37: 9 | AA37: 9 | AB37: 7 | AC37: 13 | AD37: 7 | AE37: 9 | AF37: 6 | AG37: =SUM(B37:AF37) -> 212
A38: 17:00 | B38: 6 | C38: 5 | D38: 8 | E38: 4 | F38: 4 | G38: 11 | H38: 13 | I38: 4 | J38: 8 | K38: 6 | L38: 5 | M38: 9 | N38: 15 | O38: 14 | P38: 8 | Q38: 7 | R38: 6 | S38: 8 | T38: 8 | U38: 18 | V38: 15 | W38: 8 | X38: 7 | Y38: 8 | Z38: 13 | AA38: 9 | AB38: 7 | AC38: 14 | AD38: 9 | AE38: 10 | AF38: 7 | AG38: =SUM(B38:AF38) -> 274
A39: 18:00 | B39: 11 | C39: 13 | D39: 19 | E39: 13 | F39: 14 | G39: 14 | H39: 10 | I39: 13 | J39: 14 | K39: 20 | L39: 10 | M39: 14 | N39: 13 | O39: 14 | P39: 14 | Q39: 22 | R39: 14 | S39: 10 | T39: 17 | U39: 16 | V39: 13 | W39: 16 | X39: 16 | Y39: 12 | Z39: 14 | AA39: 17 | AB39: 12 | AC39: 16 | AD39: 18 | AE39: 14 | AF39: 13 | AG39: =SUM(B39:AF39) -> 446
A40: 19:00 | B40: 18 | C40: 19 | D40: 16 | E40: 16 | F40: 12 | G40: 9 | H40: 12 | I40: 18 | J40: 21 | K40: 20 | L40: 22 | M40: 17 | N40: 10 | O40: 8 | P40: 17 | Q40: 20 | R40: 18 | S40: 18 | T40: 20 | U40: 9 | V40: 8 | W40: 23 | X40: 20 | Y40: 21 | Z40: 23 | AA40: 17 | AB40: 7 | AC40: 15 | AD40: 23 | AE40: 16 | AF40: 19 | AG40: =SUM(B40:AF40) -> 512
A41: 20:00 | B41: 21 | C41: 18 | D41: 17 | E41: 18 | F41: 18 | G41: 8 | H41: 9 | I41: 20 | J41: 12 | K41: 20 | L41: 23 | M41: 23 | N41: 10 | O41: 12 | P41: 12 | Q41: 19 | R41: 23 | S41: 19 | T41: 8 | U41: 12 | V41: 8 | W41: 17 | X41: 11 | Y41: 14 | Z41: 19 | AA41: 21 | AB41: 7 | AC41: 15 | AD41: 10 | AE41: 7 | AF41: 17 | AG41: =SUM(B41:AF41) -> 468
A42: 21:00 | B42: 23 | C42: 19 | D42: 9 | E42: 14 | F42: 15 | G42: 8 | H42: 14 | I42: 13 | J42: 13 | K42: 19 | L42: 17 | M42: 14 | N42: 11 | O42: 16 | P42: 18 | Q42: 12 | R42: 14 | S42: 14 | T42: 11 | U42: 6 | V42: 9 | W42: 17 | X42: 19 | Y42: 14 | Z42: 11 | AA42: 13 | AB42: 4 | AC42: 9 | AD42: 12 | AE42: 9 | AF42: 6 | AG42: =SUM(B42:AF42) -> 403
A43: 22:00 | B43: 20 | C43: 9 | D43: 17 | E43: 12 | F43: 13 | G43: 9 | H43: 7 | I43: 15 | J43: 15 | K43: 12 | L43: 11 | M43: 18 | N43: 9 | O43: 6 | P43: 15 | Q43: 10 | R43: 12 | S43: 8 | T43: 8 | U43: 5 | V43: 10 | W43: 9 | X43: 11 | Y43: 13 | Z43: 7 | AA43: 7 | AB43: 6 | AC43: 6 | AD43: 16 | AE43: 6 | AF43: 13 | AG43: =SUM(B43:AF43) -> 335
A44: 23:00 | B44: 8 | C44: 4 | D44: 11 | E44: 5 | F44: 8 | G44: 10 | H44: 8 | I44: 11 | J44: 12 | K44: 12 | L44: 4 | M44: 11 | N44: 8 | O44: 4 | P44: 3 | Q44: 7 | R44: 6 | S44: 2 | T44: 3 | U44: 2 | V44: 4 | W44: 11 | X44: 10 | Y44: 12 | Z44: 5 | AA44: 10 | AB44: 1 | AC44: 3 | AD44: 8 | AE44: 6 | AF44: 6 | AG44: =SUM(B44:AF44) -> 215
A45: 00:00 | B45: 9 | C45: 2 | D45: 5 | E45: 9 | F45: 2 | G45: 4 | H45: 7 | I45: 9 | J45: 6 | K45: 6 | L45: 9 | M45: 3 | N45: 6 | P45: 1 | Q45: 5 | R45: 8 | T45: 6 | U45: 3 | W45: 4 | X45: 8 | Y45: 2 | Z45: 6 | AA45: 5 | AB45: 5 | AC45: 4 | AD45: 3 | AE45: 2 | AF45: 3 | AG45: =SUM(B45:AF45) -> 142
A46: 01:00 | B46: 2 | C46: 3 | D46: 6 | E46: 5 | F46: 3 | G46: 4 | H46: 4 | I46: 1 | J46: 4 | L46: 3 | M46: 2 | N46: 6 | O46: 2 | P46: 7 | Q46: 4 | R46: 7 | S46: 1 | T46: 2 | U46: 3 | V46: 11 | W46: 7 | X46: 3 | Y46: 2 | Z46: 3 | AA46: 2 | AB46: 2 | AC46: 7 | AD46: 3 | AE46: 1 | AF46: 2 | AG46: =SUM(B46:AF46) -> 112
A47: 02:00 | C47: 2 | D47: 1 | E47: 4 | F47: 6 | G47: 3 | H47: 4 | J47: 2 | K47: 2 | L47: 2 | M47: 1 | N47: 1 | P47: 1 | R47: 2 | T47: 3 | U47: 1 | V47: 2 | W47: 2 | Y47: 2 | AA47: 2 | AB47: 2 | AC47: 2 | AD47: 1 | AE47: 1 | AF47: 1 | AG47: =SUM(B47:AF47) -> 50
A48: 03:00 | B48: 2 | C48: 1 | D48: 1 | F48: 4 | G48: 1 | H48: 1 | J48: 2 | K48: 2 | M48: 1 | O48: 1 | P48: 3 | Q48: 1 | R48: 1 | T48: 2 | U48: 1 | V48: 3 | W48: 5 | AA48: 2 | AB48: 2 | AD48: 1 | AF48: 1 | AG48: =SUM(B48:AF48) -> 38
A49: 04:00 | D49: 2 | F49: 1 | I49: 1 | J49: 1 | M49: 2 | P49: 3 | T49: 2 | U49: 3 | V49: 1 | X49: 1 | Y49: 2 | AB49: 2 | AG49: =SUM(B49:AF49) -> 21
A50: 05:00 | B50: 1 | D50: 3 | E50: 2 | I50: 2 | J50: 3 | M50: 2 | N50: 4 | O50: 2 | R50: 1 | S50: 1 | T50: 1 | X50: 1 | AA50: 1 | AB50: 1 | AC50: 1 | AF50: 2 | AG50: =SUM(B50:AF50) -> 28
A51: 06:00 | B51: 2 | D51: 1 | H51: 1 | K51: 1 | L51: 1 | P51: 1 | Q51: 1 | U51: 1 | X51: 1 | AC51: 2 | AG51: =SUM(B51:AF51) -> 12
A52: 07:00 | C52: 2 | F52: 2 | G52: 1 | H52: 3 | K52: 3 | O52: 2 | P52: 2 | W52: 2 | Z52: 2 | AA52: 1 | AB52: 2 | AC52: 1 | AD52: 1 | AE52: 1 | AG52: =SUM(B52:AF52) -> 25
A53: Total de NSP | B53: =SUM(B54:B77) -> 17 | C53: =SUM(C54:C77) -> 8 | D53: =SUM(D54:D77) -> 6 | E53: =SUM(E54:E77) -> 12 | F53: =SUM(F54:F77) -> 2 | G53: =SUM(G54:G77) -> 7 | H53: =SUM(H54:H77) -> 7 | I53: =SUM(I54:I77) -> 5 | ... AF53: =SUM(AF54:AF77) -> 6 | AG53: =SUM(B53:AF53) -> 263
A54: 08:00 | AG54: =SUM(B54:AF54) -> 0
A55: 09:00 | AA55: 1 | AG55: =SUM(B55:AF55) -> 1
A56: 10:00 | H56: 2 | I56: 1 | O56: 2 | Q56: 1 | U56: 1 | Z56: 1 | AA56: 1 | AG56: =SUM(B56:AF56) -> 9
A57: 11:00 | I57: 1 | N57: 1 | Q57: 2 | AG57: =SUM(B57:AF57) -> 4
A58: 12:00 | W58: 2 | X58: 1 | AA58: 1 | AG58: =SUM(B58:AF58) -> 4
A59: 13:00 | U59: 1 | V59: 1 | AC59: 2 | AG59: =SUM(B59:AF59) -> 4
A60: 14:00 | G60: 1 | U60: 1 | AD60: 1 | AG60: =SUM(B60:AF60) -> 3
A61: 15:00 | H61: 1 | X61: 1 | Z61: 1 | AD61: 1 | AG61: =SUM(B61:AF61) -> 4
A62: 16:00 | O62: 1 | T62: 2 | U62: 1 | W62: 1 | X62: 1 | AA62: 1 | AC62: 2 | AG62: =SUM(B62:AF62) -> 9
A63: 17:00 | E63: 1 | H63: 1 | J63: 1 | K63: 2 | O63: 1 | S63: 1 | U63: 1 | V63: 1 | W63: 1 | Z63: 1 | AA63: 1 | AG63: =SUM(B63:AF63) -> 12
A64: 18:00 | B64: 7 | C64: 2 | D64: 1 | E64: 1 | J64: 2 | K64: 1 | L64: 7 | M64: 2 | N64: 1 | P64: 1 | Q64: 1 | R64: 5 | T64: 1 | V64: 1 | W64: 3 | X64: 1 | AA64: 2 | AD64: 1 | AG64: =SUM(B64:AF64) -> 40
A65: 19:00 | B65: 1 | C65: 3 | D65: 3 | E65: 2 | G65: 2 | K65: 1 | L65: 2 | M65: 5 | N65: 1 | P65: 4 | R65: 1 | S65: 1 | W65: 5 | X65: 2 | Y65: 2 | AA65: 2 | AD65: 2 | AE65: 2 | AF65: 2 | AG65: =SUM(B65:AF65) -> 43
A66: 20:00 | B66: 2 | C66: 1 | E66: 2 | G66: 1 | H66: 1 | I66: 1 | J66: 1 | L66: 2 | M66: 3 | P66: 3 | Q66: 2 | R66: 4 | S66: 1 | W66: 8 | Y66: 3 | AC66: 1 | AD66: 4 | AF66: 3 | AG66: =SUM(B66:AF66) -> 43
A67: 21:00 | B67: 5 | C67: 2 | D67: 2 | E67: 4 | I67: 2 | J67: 1 | K67: 1 | M67: 1 | Q67: 1 | R67: 1 | S67: 1 | V67: 1 | X67: 3 | Y67: 5 | Z67: 1 | AA67: 7 | AF67: 1 | AG67: =SUM(B67:AF67) -> 39
A68: 22:00 | B68: 2 | E68: 2 | H68: 1 | J68: 10 | K68: 1 | L68: 1 | N68: 1 | U68: 2 | W68: 6 | X68: 1 | AA68: 1 | AG68: =SUM(B68:AF68) -> 28
A69: 23:00 | F69: 1 | G69: 1 | K69: 2 | M69: 1 | U69: 1 | W69: 2 | AG69: =SUM(B69:AF69) -> 8
A70: 00:00 | U70: 1 | AB70: 1 | AG70: =SUM(B70:AF70) -> 2
A71: 01:00 | G71: 1 | H71: 1 | L71: 1 | Q71: 1 | R71: 1 | AG71: =SUM(B71:AF71) -> 5
A72: 02:00 | F72: 1 | AC72: 1 | AG72: =SUM(B72:AF72) -> 2
A73: 03:00 | AG73: =SUM(B73:AF73) -> 0
A74: 04:00 | AG74: =SUM(B74:AF74) -> 0
A75: 05:00 | AC75: 1 | AG75: =SUM(B75:AF75) -> 1
A76: 06:00 | AG76: =SUM(B76:AF76) -> 0
A77: 07:00 | G77: 1 | Z77: 1 | AG77: =SUM(B77:AF77) -> 2
A78: TOTAL PACIENTES INSCRITOS | B78: =SUM(B79:B80) -> 177 | C78: =SUM(C79:C80) -> 126 | D78: =SUM(D79:D80) -> 157 | E78: =SUM(E79:E80) -> 142 | F78: =SUM(F79:F80) -> 126 | G78: =SUM(G79:G80) -> 156 | H78: =SUM(H79:H80) -> 165 | I78: =SUM(I79:I80) -> 155 | ... AF78: =SUM(AF79:AF80) -> 125 | AG78: =SUM(B78:AF78) -> 4712
A79: SAR | B79: =SUM(B4:B27)-B80 -> 177 | C79: =SUM(C4:C27)-C80 -> 126 | D79: =SUM(D4:D27)-D80 -> 157 | E79: =SUM(E4:E27)-E80 -> 142 | F79: =SUM(F4:F27)-F80 -> 97 | G79: =SUM(G4:G27)-G80 -> 74 | H79: =SUM(H4:H27)-H80 -> 92 | I79: =SUM(I4:I27)-I80 -> 155 | ... AF79: =SUM(AF4:AF27)-AF80 -> 92 | AG79: =SUM(B79:AF79) -> 3781
A80: PAR | D80: 0 | E80: 0 | F80: =SUM(F4:F12) -> 29 | G80: =SUM(G4:G12) -> 82 | H80: =SUM(H4:H12) -> 73 | K80: 0 | L80: 0 | M80: =SUM(M4:M12) -> 20 | N80: =SUM(N4:N12) -> 85 | O80: =SUM(O4:O12) -> 88 | R80: =SUM(R4:R12) -> 26 | S80: =SUM(S4:S12) -> 43 | T80: =SUM(T4:T12) -> 36 | U80: =SUM(U4:U12) -> 100 | V80: =SUM(V4:V12) -> 72 | Y80: =SUM(Y4:Y12) -> 38 | AA80: =SUM(AA4:AA12) -> 59 | AB80: =SUM(AB4:AB12) -> 57 | AC80: =SUM(AC4:AC12) -> 90 | AF80: =SUM(AF4:AF12) -> 33 | AG80: =SUM(B80:AF80) -> 931
A81: TOTAL NSP | B81: =SUM(B82:B83) -> 17 | C81: =SUM(C82:C83) -> 8 | D81: =SUM(D82:D83) -> 6 | E81: =SUM(E82:E83) -> 12 | F81: =SUM(F82:F83) -> 2 | G81: =SUM(G82:G83) -> 7 | H81: =SUM(H82:H83) -> 7 | I81: =SUM(I82:I83) -> 5 | ... AF81: =SUM(AF82:AF83) -> 6 | AG81: =SUM(B81:AF81) -> 263 | AH81: =IF(AG81<>AG53,"*","")
A82: PAR | B82: =SUM(B54:B62) -> 0 | C82: =SUM(C54:C62) -> 0 | D82: =SUM(D54:D62) -> 0 | E82: =SUM(E54:E62) -> 0 | F82: =SUM(F54:F62) -> 0 | I82: =SUM(I54:I62) -> 2 | J82: =SUM(J54:J62) -> 0 | K82: =SUM(K54:K62) -> 0 | L82: =SUM(L54:L62) -> 0 | M82: =SUM(M54:M62) -> 0 | P82: =SUM(P54:P62) -> 0 | Q82: =SUM(Q54:Q62) -> 3 | R82: =SUM(R54:R62) -> 0 | S82: =SUM(S54:S62) -> 0 | T82: =SUM(T54:T62) -> 2 | W82: =SUM(W54:W62) -> 3 | X82: =SUM(X54:X62) -> 3 | Y82: =SUM(Y54:Y62) -> 0 | Z82: =SUM(Z54:Z62) -> 2 | AA82: =SUM(AA54:AA62) -> 4 | AD82: =SUM(AD54:AD62) -> 2 | AE82: =SUM(AE54:AE62) -> 0 | AF82: =SUM(AF54:AF62) -> 0 | AG82: =SUM(B82:AF82) -> 21
A83: SAR | B83: =SUM(B54:B77)-B82 -> 17 | C83: =SUM(C54:C77)-C82 -> 8 | D83: =SUM(D54:D77)-D82 -> 6 | E83: =SUM(E54:E77)-E82 -> 12 | F83: =SUM(F54:F77)-F82 -> 2 | G83: =SUM(G54:G77)-G82 -> 7 | H83: =SUM(H54:H77)-H82 -> 7 | I83: =SUM(I54:I77)-I82 -> 3 | ... AF83: =SUM(AF54:AF77)-AF82 -> 6 | AG83: =SUM(B83:AF83) -> 242
A84: NSP PEDIATR. / ADULTOS | B84: =SUM(B85:B86) -> 17 | C84: =SUM(C85:C86) -> 8 | D84: =SUM(D85:D86) -> 6 | E84: =SUM(E85:E86) -> 12 | F84: =SUM(F85:F86) -> 2 | G84: =SUM(G85:G86) -> 7 | H84: =SUM(H85:H86) -> 7 | I84: =SUM(I85:I86) -> 5 | ... AF84: =SUM(AF85:AF86) -> 6 | AG84: =SUM(B84:AF84) -> 263 | AH84: =IF(AG84<>AG82+AG83,"*","") | AI84: NSP
A85: NSP PEDIATRICOS (<15 AÑOS) | B85: 1 | C85: 1 | D85: 0 | E85: 2 | F85: 0 | G85: 1 | H85: 0 | I85: 0 | J85: 0 | K85: 0 | L85: 1 | M85: 0 | N85: 1 | O85: 0 | P85: 2 | Q85: 1 | R85: 0 | S85: 0 | T85: 0 | U85: 0 | V85: 0 | W85: 7 | X85: 1 | Y85: 1 | Z85: 0 | AA85: 0 | AB85: 0 | AC85: 1 | AD85: 0 | AE85: 0 | AF85: 0 | AG85: =SUM(B85:AF85) -> 20
A86: NSP ADULTOS | B86: 16 | C86: 7 | D86: 6 | E86: 10 | F86: 2 | G86: 6 | H86: 7 | I86: 5 | J86: 15 | K86: 8 | L86: 12 | M86: 12 | N86: 3 | O86: 4 | P86: 6 | Q86: 7 | R86: 12 | S86: 4 | T86: 3 | U86: 9 | V86: 4 | W86: 21 | X86: 9 | Y86: 9 | Z86: 5 | AA86: 17 | AB86: 1 | AC86: 6 | AD86: 9 | AE86: 2 | AF86: 6 | AG86: =SUM(B86:AF86) -> 243
A87: NSP CATEGORIZACION | B87: =SUM(B88:B92) -> 17 | C87: =SUM(C88:C92) -> 8 | D87: =SUM(D88:D92) -> 6 | E87: =SUM(E88:E92) -> 12 | F87: =SUM(F88:F92) -> 2 | G87: =SUM(G88:G92) -> 7 | H87: =SUM(H88:H92) -> 7 | I87: =SUM(I88:I92) -> 5 | ... AF87: =SUM(AF88:AF92) -> 6 | AG87: =SUM(B87:AF87) -> 263 | AH87: =IF(AG87<>AG84,"*","")
A88: SIN CATEGORIZACIÓN nsp | B88: 8 | C88: 2 | D88: 3 | E88: 7 | F88: 2 | H88: 6 | I88: 5 | J88: 5 | K88: 4 | L88: 10 | M88: 10 | N88: 3 | O88: 3 | P88: 7 | Q88: 5 | R88: 6 | S88: 2 | T88: 1 | U88: 3 | W88: 9 | X88: 5 | Y88: 2 | Z88: 2 | AA88: 3 | AC88: 4 | AD88: 5 | AE88: 1 | AF88: 3 | AG88: =SUM(B88:AF88) -> 126
A89: C2 | AG89: =SUM(B89:AF89) -> 0
A90: C3 | G90: 1 | Y90: 1 | AA90: 1 | AC90: 1 | AG90: =SUM(B90:AF90) -> 4
A91: C4 | B91: 3 | C91: 5 | E91: 3 | G91: 5 | J91: 2 | K91: 2 | L91: 3 | M91: 2 | N91: 1 | P91: 1 | Q91: 1 | R91: 4 | S91: 2 | T91: 2 | U91: 4 | V91: 4 | W91: 11 | X91: 4 | Y91: 3 | Z91: 2 | AA91: 6 | AB91: 1 | AC91: 1 | AD91: 3 | AF91: 2 | AG91: =SUM(B91:AF91) -> 77
A92: C5 | B92: 6 | C92: 1 | D92: 3 | E92: 2 | G92: 1 | H92: 1 | J92: 8 | K92: 2 | O92: 1 | Q92: 2 | R92: 2 | U92: 2 | W92: 8 | X92: 1 | Y92: 4 | Z92: 1 | AA92: 7 | AC92: 1 | AD92: 1 | AE92: 1 | AF92: 1 | AG92: =SUM(B92:AF92) -> 56
A93: TOTAL PACIENTES ATENDIDOS | B93: =+B94+B100 -> 160 | C93: =+C94+C100 -> 118 | D93: =+D94+D100 -> 151 | E93: =+E94+E100 -> 130 | F93: =+F94+F100 -> 124 | G93: =+G94+G100 -> 149 | H93: =+H94+H100 -> 158 | I93: =+I94+I100 -> 150 | ... AF93: =+AF94+AF100 -> 119 | AG93: =SUM(B93:AF93) -> 4448 | AH93: =IF(AG93<>AG28,"*","")
A94: Menor 15 años | B94: =SUM(B95:B99) -> 12 | C94: =SUM(C95:C99) -> 19 | D94: =SUM(D95:D99) -> 17 | E94: =SUM(E95:E99) -> 10 | F94: =SUM(F95:F99) -> 7 | G94: =SUM(G95:G99) -> 14 | H94: =SUM(H95:H99) -> 18 | I94: =SUM(I95:I99) -> 14 | ... AF94: =SUM(AF95:AF99) -> 4 | AG94: =SUM(B94:AF94) -> 351
A95: Menor 1 Año | B95: 1 | C95: 1 | D95: 1 | H95: 1 | N95: 1 | O95: 1 | V95: 1 | X95: 2 | Y95: 1 | AG95: =SUM(B95:AF95) -> 10
A96: 1 Año | B96: 1 | C96: 3 | D96: 2 | F96: 1 | G96: 1 | H96: 1 | I96: 2 | J96: 1 | N96: 2 | O96: 1 | T96: 1 | U96: 1 | V96: 1 | X96: 1 | AB96: 2 | AD96: 1 | AE96: 1 | AG96: =SUM(B96:AF96) -> 23
A97: 2 - 4 | B97: 2 | C97: 4 | E97: 2 | F97: 1 | G97: 3 | H97: 3 | I97: 3 | J97: 2 | L97: 1 | M97: 2 | N97: 7 | O97: 2 | P97: 2 | Q97: 2 | R97: 1 | S97: 3 | T97: 2 | U97: 2 | V97: 3 | W97: 2 | X97: 2 | Y97: 1 | Z97: 2 | AA97: 3 | AB97: 4 | AC97: 1 | AD97: 2 | AE97: 2 | AF97: 1 | AG97: =SUM(B97:AF97) -> 67
A98: 5 - 9 | B98: 3 | C98: 4 | D98: 7 | E98: 4 | F98: 2 | G98: 4 | H98: 6 | I98: 4 | J98: 4 | K98: 3 | L98: 3 | M98: 2 | N98: 3 | O98: 4 | P98: 3 | Q98: 5 | R98: 2 | S98: 2 | T98: 5 | U98: 3 | V98: 5 | W98: 3 | X98: 4 | Y98: 3 | Z98: 7 | AA98: 3 | AB98: 3 | AC98: 3 | AD98: 4 | AE98: 4 | AF98: 2 | AG98: =SUM(B98:AF98) -> 114
A99: 10 - 14 | B99: 5 | C99: 7 | D99: 7 | E99: 4 | F99: 3 | G99: 6 | H99: 7 | I99: 5 | J99: 3 | K99: 6 | L99: 4 | M99: 1 | N99: 4 | O99: 6 | P99: 5 | Q99: 2 | R99: 3 | S99: 6 | T99: 5 | U99: 5 | V99: 1 | W99: 3 | X99: 3 | Y99: 2 | Z99: 6 | AA99: 6 | AB99: 3 | AC99: 5 | AD99: 3 | AE99: 10 | AF99: 1 | AG99: =SUM(B99:AF99) -> 137
A100: Mayor de 15 años | B100: =SUM(B101:B115) -> 148 | C100: =SUM(C101:C115) -> 99 | D100: =SUM(D101:D115) -> 134 | E100: =SUM(E101:E115) -> 120 | F100: =SUM(F101:F115) -> 117 | G100: =SUM(G101:G115) -> 135 | H100: =SUM(H101:H115) -> 140 | I100: =SUM(I101:I115) -> 136 | ... AF100: =SUM(AF101:AF115) -> 115 | AG100: =SUM(B100:AF100) -> 4097
A101: 15 - 19 | B101: 11 | C101: 6 | D101: 10 | E101: 7 | F101: 5 | G101: 9 | H101: 9 | I101: 11 | J101: 14 | K101: 6 | L101: 10 | M101: 9 | N101: 9 | O101: 13 | P101: 8 | Q101: 14 | R101: 6 | S101: 12 | T101: 3 | U101: 15 | V101: 10 | W101: 11 | X101: 6 | Y101: 8 | Z101: 7 | AA101: 10 | AB101: 9 | AC101: 10 | AD101: 11 | AE101: 8 | AF101: 9 | AG101: =SUM(B101:AF101) -> 286
...

Sheet ABRIL
A2: ABRIL | B2: 1 | C2: =+B2+1 -> 2 | D2: =+C2+1 -> 3 | E2: =+D2+1 -> 4 | F2: =+E2+1 -> 5 | G2: =+F2+1 -> 6 | H2: =+G2+1 -> 7 | I2: =+H2+1 -> 8 | J2: =+I2+1 -> 9 | ... AA2: =+Z2+1 -> 26 | AB2: 27 | AC2: =+AB2+1 -> 28 | AD2: 29 | AE2: 30 | AF2: 31 | AG2: TOTAL
A3: Total de Inscritos | B3: =SUM(B4:B27) -> 126 | C3: =SUM(C4:C27) -> 159 | D3: =SUM(D4:D27) -> 137 | E3: =SUM(E4:E27) -> 132 | F3: =SUM(F4:F27) -> 156 | G3: =SUM(G4:G27) -> 131 | H3: =SUM(H4:H27) -> 137 | I3: =SUM(I4:I27) -> 126 | ... AF3: =SUM(AF4:AF27) -> 0 | AG3: =SUM(B3:AF3) -> 4111
A4: 08:00 | B4: 1 | C4: 2 | E4: 8 | F4: 4 | G4: 3 | H4: 5 | I4: 3 | K4: 5 | L4: 5 | M4: 8 | N4: 5 | O4: 3 | P4: 2 | Q4: 5 | R4: 4 | S4: 3 | T4: 6 | U4: 4 | V4: 1 | W4: 4 | X4: 1 | Y4: 4 | Z4: 2 | AA4: 2 | AB4: 3 | AC4: 7 | AD4: 1 | AE4: 1 | AG4: =SUM(B4:AF4) -> 102
A5: 09:00 | C5: 5 | D5: 3 | E5: 13 | F5: 4 | G5: 2 | H5: 5 | I5: 4 | J5: 7 | K5: 9 | L5: 8 | M5: 4 | N5: 3 | O5: 3 | P5: 2 | Q5: 5 | R5: 12 | S5: 7 | T5: 6 | U5: 3 | V5: 4 | W5: 1 | X5: 4 | Y5: 5 | Z5: 10 | AA5: 4 | AB5: 1 | AC5: 5 | AD5: 4 | AE5: 1 | AG5: =SUM(B5:AF5) -> 144
A6: 10:00 | B6: 4 | C6: 7 | D6: 13 | E6: 7 | F6: 7 | G6: 2 | H6: 6 | I6: 6 | J6: 2 | K6: 6 | L6: 6 | M6: 8 | N6: 1 | O6: 3 | P6: 7 | Q6: 4 | R6: 7 | S6: 7 | T6: 11 | U6: 7 | V6: 6 | W6: 5 | X6: 3 | Y6: 5 | Z6: 7 | AA6: 5 | AB6: 3 | AC6: 4 | AD6: 9 | AE6: 1 | AG6: =SUM(B6:AF6) -> 169
A7: 11:00 | B7: 9 | C7: 8 | D7: 11 | E7: 8 | F7: 4 | G7: 6 | H7: 8 | I7: 7 | J7: 4 | K7: 8 | L7: 13 | M7: 11 | N7: 7 | O7: 3 | P7: 7 | Q7: 8 | R7: 13 | S7: 8 | T7: 10 | U7: 6 | V7: 3 | W7: 2 | X7: 6 | Y7: 8 | Z7: 9 | AA7: 7 | AB7: 6 | AC7: 3 | AD7: 7 | AE7: 2 | AG7: =SUM(B7:AF7) -> 212
A8: 12:00 | B8: 5 | C8: 9 | D8: 7 | E8: 6 | F8: 6 | G8: 4 | H8: 4 | I8: 4 | J8: 1 | K8: 10 | L8: 15 | M8: 11 | N8: 10 | O8: 4 | P8: 10 | Q8: 3 | R8: 13 | S8: 9 | T8: 8 | U8: 4 | V8: 3 | W8: 5 | X8: 4 | Y8: 13 | Z8: 15 | AA8: 6 | AB8: 7 | AC8: 6 | AD8: 3 | AE8: 3 | AG8: =SUM(B8:AF8) -> 208
A9: 13:00 | B9: 8 | C9: 12 | D9: 17 | E9: 16 | F9: 10 | G9: 7 | H9: 6 | I9: 6 | J9: 5 | K9: 9 | L9: 6 | M9: 4 | N9: 5 | O9: 7 | P9: 3 | Q9: 3 | R9: 9 | S9: 12 | T9: 5 | U9: 5 | V9: 4 | W9: 3 | X9: 12 | Y9: 2 | Z9: 8 | AA9: 2 | AB9: 1 | AD9: 5 | AE9: 4 | AG9: =SUM(B9:AF9) -> 196
A10: 14:00 | C10: 10 | D10: 8 | E10: 11 | F10: 5 | H10: 5 | I10: 3 | J10: 8 | K10: 18 | L10: 5 | M10: 5 | N10: 10 | O10: 6 | P10: 1 | Q10: 5 | R10: 9 | S10: 4 | T10: 2 | U10: 8 | V10: 8 | W10: 5 | X10: 9 | Y10: 10 | Z10: 11 | AA10: 8 | AB10: 1 | AC10: 2 | AD10: 4 | AE10: 6 | AG10: =SUM(B10:AF10) -> 187
A11: 15:00 | B11: 2 | C11: 12 | D11: 6 | E11: 15 | F11: 3 | G11: 8 | H11: 6 | I11: 3 | J11: 4 | K11: 7 | L11: 11 | M11: 5 | N11: 6 | O11: 7 | P11: 9 | Q11: 3 | R11: 7 | S11: 18 | T11: 7 | U11: 5 | V11: 3 | W11: 3 | X11: 2 | Y11: 7 | Z11: 9 | AA11: 5 | AB11: 7 | AC11: 8 | AD11: 4 | AE11: 5 | AG11: =SUM(B11:AF11) -> 197
A12: 16:00 | B12: 2 | C12: 15 | D12: 8 | E12: 7 | F12: 5 | G12: 7 | H12: 4 | I12: 12 | J12: 9 | K12: 12 | L12: 11 | M12: 8 | N12: 14 | O12: 10 | P12: 5 | Q12: 6 | R12: 9 | S12: 9 | T12: 11 | U12: 7 | V12: 3 | W12: 3 | X12: 11 | Y12: 8 | Z12: 6 | AA12: 2 | AB12: 8 | AC12: 2 | AD12: 8 | AE12: 10 | AG12: =SUM(B12:AF12) -> 232
A13: 17:00 | B13: 31 | C13: 11 | D13: 4 | E13: 9 | F13: 45 | G13: 38 | H13: 30 | I13: 33 | J13: 36 | K13: 16 | L13: 5 | M13: 28 | N13: 38 | O13: 34 | P13: 36 | Q13: 40 | R13: 10 | S13: 9 | T13: 35 | U13: 24 | V13: 28 | W13: 34 | X13: 27 | Y13: 12 | Z13: 9 | AA13: 41 | AB13: 35 | AC13: 33 | AD13: 40 | AE13: 13 | AG13: =SUM(B13:AF13) -> 784
A14: 18:00 | B14: 13 | C14: 18 | D14: 10 | E14: 5 | F14: 13 | G14: 14 | H14: 18 | I14: 6 | J14: 9 | K14: 11 | L14: 12 | M14: 14 | N14: 15 | O14: 24 | P14: 4 | Q14: 14 | R14: 11 | S14: 10 | T14: 20 | U14: 12 | V14: 12 | W14: 19 | X14: 17 | Y14: 15 | Z14: 11 | AA14: 20 | AB14: 13 | AC14: 12 | AD14: 13 | AE14: 9 | AG14: =SUM(B14:AF14) -> 394
A15: 19:00 | B15: 8 | C15: 10 | D15: 11 | E15: 5 | F15: 11 | G15: 12 | H15: 16 | I15: 9 | J15: 9 | K15: 7 | L15: 10 | M15: 15 | N15: 17 | O15: 13 | P15: 9 | Q15: 5 | R15: 9 | S15: 9 | T15: 17 | U15: 9 | V15: 6 | W15: 3 | X15: 7 | Y15: 12 | Z15: 9 | AA15: 9 | AB15: 10 | AC15: 16 | AD15: 8 | AE15: 10 | AG15: =SUM(B15:AF15) -> 301
A16: 20:00 | B16: 13 | C16: 5 | D16: 13 | E16: 3 | F16: 13 | G16: 7 | H16: 3 | I16: 9 | J16: 10 | K16: 9 | L16: 6 | M16: 9 | N16: 11 | O16: 8 | P16: 8 | Q16: 15 | R16: 3 | S16: 12 | T16: 8 | U16: 8 | V16: 7 | W16: 10 | X16: 4 | Y16: 8 | Z16: 5 | AA16: 7 | AB16: 5 | AC16: 15 | AD16: 8 | AE16: 9 | AG16: =SUM(B16:AF16) -> 251
A17: 21:00 | B17: 5 | C17: 5 | D17: 8 | E17: 3 | F17: 9 | G17: 2 | H17: 9 | I17: 6 | J17: 11 | K17: 10 | L17: 12 | M17: 5 | N17: 5 | O17: 7 | P17: 12 | Q17: 8 | R17: 3 | S17: 7 | T17: 10 | U17: 3 | V17: 5 | W17: 5 | X17: 10 | Y17: 3 | Z17: 4 | AA17: 10 | AB17: 2 | AC17: 11 | AD17: 7 | AE17: 4 | AG17: =SUM(B17:AF17) -> 201
A18: 22:00 | B18: 5 | C18: 7 | D18: 9 | E18: 4 | F18: 5 | G18: 3 | H18: 3 | I18: 3 | J18: 5 | K18: 3 | L18: 5 | M18: 4 | N18: 4 | O18: 6 | P18: 9 | Q18: 6 | R18: 3 | S18: 2 | T18: 5 | U18: 6 | V18: 2 | W18: 3 | X18: 3 | Y18: 2 | Z18: 4 | AA18: 8 | AB18: 4 | AC18: 3 | AD18: 3 | AG18: =SUM(B18:AF18) -> 129
A19: 23:00 | B19: 6 | C19: 3 | D19: 4 | E19: 4 | F19: 3 | G19: 3 | H19: 4 | I19: 4 | J19: 5 | K19: 2 | L19: 3 | M19: 3 | N19: 5 | O19: 5 | P19: 8 | Q19: 10 | R19: 2 | S19: 2 | T19: 3 | U19: 5 | V19: 1 | W19: 5 | X19: 2 | Z19: 8 | AA19: 4 | AB19: 1 | AC19: 2 | AD19: 3 | AE19: 2 | AG19: =SUM(B19:AF19) -> 112
A20: 00:00 | B20: 4 | C20: 5 | E20: 1 | F20: 3 | G20: 2 | H20: 1 | I20: 2 | J20: 2 | K20: 1 | L20: 3 | M20: 4 | N20: 5 | O20: 4 | P20: 3 | Q20: 3 | R20: 1 | S20: 2 | T20: 1 | U20: 8 | V20: 1 | W20: 1 | X20: 2 | Y20: 5 | Z20: 10 | AA20: 1 | AB20: 2 | AC20: 1 | AD20: 2 | AE20: 2 | AG20: =SUM(B20:AF20) -> 82
A21: 01:00 | B21: 2 | C21: 4 | E21: 2 | G21: 2 | H21: 1 | I21: 2 | K21: 4 | L21: 2 | M21: 3 | N21: 1 | O21: 3 | P21: 3 | Q21: 3 | R21: 1 | T21: 2 | U21: 2 | X21: 4 | Z21: 1 | AA21: 4 | AC21: 2 | AD21: 1 | AE21: 3 | AG21: =SUM(B21:AF21) -> 52
A22: 02:00 | B22: 2 | C22: 3 | D22: 2 | F22: 2 | G22: 2 | I22: 1 | J22: 1 | K22: 3 | L22: 1 | M22: 2 | N22: 2 | P22: 3 | Q22: 2 | U22: 2 | Y22: 1 | Z22: 2 | AA22: 2 | AD22: 1 | AG22: =SUM(B22:AF22) -> 34
A23: 03:00 | B23: 2 | C23: 1 | G23: 2 | I23: 1 | J23: 5 | K23: 1 | N23: 2 | O23: 1 | R23: 2 | S23: 1 | U23: 1 | V23: 1 | W23: 1 | X23: 1 | Z23: 2 | AB23: 2 | AC23: 1 | AD23: 3 | AE23: 1 | AG23: =SUM(B23:AF23) -> 31
A24: 04:00 | C24: 2 | E24: 1 | G24: 3 | K24: 1 | O24: 1 | P24: 1 | Q24: 4 | V24: 1 | AA24: 1 | AE24: 1 | AG24: =SUM(B24:AF24) -> 16
A25: 05:00 | B25: 2 | C25: 2 | E25: 1 | G25: 1 | H25: 3 | K25: 1 | M25: 2 | N25: 1 | O25: 2 | P25: 1 | R25: 1 | T25: 1 | V25: 1 | X25: 2 | Y25: 3 | AA25: 2 | AD25: 1 | AG25: =SUM(B25:AF25) -> 27
A26: 06:00 | B26: 2 | C26: 1 | E26: 2 | F26: 2 | G26: 1 | I26: 1 | M26: 2 | N26: 1 | P26: 1 | Q26: 1 | X26: 1 | Y26: 1 | Z26: 1 | AA26: 1 | AB26: 3 | AD26: 1 | AE26: 1 | AG26: =SUM(B26:AF26) -> 23
A27: 07:00 | C27: 2 | D27: 3 | E27: 1 | F27: 2 | I27: 1 | L27: 4 | N27: 1 | P27: 2 | V27: 1 | X27: 2 | Y27: 3 | Z27: 1 | AC27: 2 | AD27: 2 | AG27: =SUM(B27:AF27) -> 27
A28: Total de atendidos | B28: =SUM(B29:B52) -> 117 | C28: =SUM(C29:C52) -> 153 | D28: =SUM(D29:D52) -> 133 | E28: =SUM(E29:E52) -> 127 | F28: =SUM(F29:F52) -> 149 | G28: =SUM(G29:G52) -> 125 | H28: =SUM(H29:H52) -> 130 | I28: =SUM(I29:I52) -> 124 | ... AF28: =SUM(AF29:AF52) -> 0 | AG28: =SUM(B28:AF28) -> 3879
A29: 08:00 | B29: 1 | D29: 2 | E29: 4 | F29: 6 | G29: 1 | H29: 3 | I29: 2 | K29: 4 | L29: 5 | M29: 1 | N29: 1 | O29: 3 | P29: 1 | S29: 2 | T29: 6 | V29: 1 | W29: 3 | Y29: 1 | AB29: 2 | AC29: 6 | AD29: 2 | AE29: 1 | AG29: =SUM(B29:AF29) -> 58
A30: 09:00 | C30: 4 | D30: 3 | E30: 13 | F30: 3 | G30: 3 | H30: 6 | I30: 2 | J30: 3 | K30: 4 | L30: 7 | M30: 7 | N30: 4 | O30: 1 | P30: 3 | Q30: 1 | R30: 9 | S30: 2 | T30: 3 | U30: 6 | V30: 1 | W30: 2 | X30: 2 | Y30: 8 | Z30: 7 | AA30: 5 | AB30: 1 | AC30: 3 | AD30: 4 | AE30: 1 | AG30: =SUM(B30:AF30) -> 118
A31: 10:00 | B31: 4 | C31: 7 | D31: 8 | E31: 8 | F31: 4 | G31: 2 | H31: 5 | I31: 4 | J31: 5 | K31: 8 | L31: 10 | M31: 8 | N31: 3 | O31: 2 | P31: 2 | Q31: 7 | R31: 12 | S31: 5 | T31: 10 | U31: 5 | V31: 7 | W31: 2 | X31: 5 | Y31: 2 | Z31: 6 | AA31: 4 | AB31: 4 | AC31: 3 | AD31: 4 | AE31: 1 | AG31: =SUM(B31:AF31) -> 157
A32: 11:00 | B32: 6 | C32: 6 | D32: 8 | E32: 7 | F32: 5 | G32: 3 | H32: 8 | I32: 7 | J32: 2 | K32: 8 | L32: 10 | M32: 1 | N32: 3 | O32: 4 | P32: 6 | Q32: 3 | R32: 4 | S32: 12 | T32: 4 | U32: 5 | V32: 4 | W32: 5 | X32: 5 | Y32: 8 | Z32: 9 | AA32: 3 | AB32: 3 | AC32: 3 | AD32: 5 | AE32: 2 | AG32: =SUM(B32:AF32) -> 159
A33: 12:00 | B33: 8 | C33: 9 | D33: 9 | E33: 5 | F33: 8 | G33: 5 | H33: 4 | I33: 6 | J33: 4 | K33: 7 | L33: 11 | M33: 9 | N33: 5 | O33: 2 | P33: 5 | Q33: 5 | R33: 9 | S33: 6 | T33: 9 | U33: 5 | V33: 4 | W33: 4 | X33: 5 | Y33: 7 | Z33: 8 | AA33: 3 | AB33: 5 | AC33: 4 | AD33: 7 | AE33: 3 | AG33: =SUM(B33:AF33) -> 181
A34: 13:00 | B34: 2 | C34: 8 | D34: 6 | E34: 11 | F34: 2 | G34: 4 | H34: 2 | I34: 6 | J34: 3 | K34: 9 | L34: 7 | M34: 9 | N34: 3 | O34: 3 | P34: 4 | Q34: 4 | R34: 10 | S34: 11 | T34: 6 | U34: 4 | V34: 3 | W34: 3 | X34: 2 | Y34: 5 | Z34: 12 | AA34: 6 | AB34: 4 | AC34: 4 | AD34: 2 | AE34: 4 | AG34: =SUM(B34:AF34) -> 159
A35: 14:00 | B35: 5 | C35: 12 | D35: 9 | E35: 12 | F35: 9 | G35: 5 | H35: 9 | I35: 3 | J35: 2 | K35: 7 | L35: 10 | M35: 7 | N35: 11 | O35: 5 | P35: 3 | Q35: 5 | R35: 13 | S35: 9 | T35: 7 | U35: 4 | V35: 7 | W35: 4 | X35: 14 | Y35: 7 | Z35: 5 | AA35: 3 | AB35: 2 | AC35: 1 | AD35: 5 | AE35: 5 | AG35: =SUM(B35:AF35) -> 200
A36: 15:00 | B36: 3 | C36: 9 | D36: 9 | E36: 16 | F36: 7 | G36: 7 | H36: 5 | I36: 5 | J36: 3 | K36: 14 | L36: 6 | M36: 6 | N36: 12 | O36: 4 | P36: 7 | Q36: 6 | R36: 12 | S36: 8 | T36: 4 | U36: 8 | V36: 3 | W36: 4 | X36: 6 | Y36: 8 | Z36: 9 | AA36: 7 | AB36: 3 | AC36: 6 | AD36: 3 | AE36: 5 | AG36: =SUM(B36:AF36) -> 205
A37: 16:00 | B37: 2 | C37: 15 | D37: 12 | E37: 11 | F37: 3 | G37: 3 | H37: 4 | I37: 6 | J37: 4 | K37: 13 | L37: 12 | M37: 7 | N37: 7 | O37: 11 | P37: 7 | Q37: 3 | R37: 6 | S37: 10 | T37: 6 | U37: 5 | V37: 1 | W37: 2 | X37: 3 | Y37: 10 | Z37: 8 | AA37: 5 | AB37: 6 | AC37: 4 | AD37: 5 | AE37: 9 | AG37: =SUM(B37:AF37) -> 200
A38: 17:00 | B38: 9 | C38: 10 | D38: 5 | E38: 6 | F38: 12 | G38: 8 | H38: 8 | I38: 14 | J38: 14 | K38: 13 | L38: 10 | M38: 5 | N38: 11 | O38: 8 | P38: 7 | Q38: 11 | R38: 9 | S38: 9 | T38: 5 | U38: 10 | V38: 7 | W38: 5 | X38: 5 | Y38: 6 | Z38: 7 | AA38: 5 | AB38: 6 | AC38: 6 | AD38: 6 | AE38: 11 | AG38: =SUM(B38:AF38) -> 248
A39: 18:00 | B39: 15 | C39: 18 | D39: 11 | E39: 6 | F39: 17 | G39: 16 | H39: 17 | I39: 17 | J39: 19 | K39: 15 | L39: 9 | M39: 16 | N39: 14 | O39: 15 | P39: 14 | Q39: 17 | R39: 11 | S39: 10 | T39: 20 | U39: 12 | V39: 12 | W39: 18 | X39: 15 | Y39: 13 | Z39: 13 | AA39: 16 | AB39: 16 | AC39: 14 | AD39: 11 | AE39: 9 | AG39: =SUM(B39:AF39) -> 426
A40: 19:00 | B40: 17 | C40: 10 | D40: 9 | E40: 2 | F40: 18 | G40: 18 | H40: 19 | I40: 18 | J40: 21 | K40: 8 | L40: 9 | M40: 15 | N40: 19 | O40: 21 | P40: 13 | Q40: 19 | R40: 8 | S40: 9 | T40: 21 | U40: 21 | V40: 21 | W40: 18 | X40: 20 | Y40: 15 | Z40: 14 | AA40: 18 | AB40: 21 | AC40: 20 | AD40: 20 | AE40: 9 | AG40: =SUM(B40:AF40) -> 471
A41: 20:00 | B41: 12 | C41: 9 | D41: 10 | E41: 6 | F41: 24 | G41: 19 | H41: 19 | I41: 12 | J41: 15 | K41: 10 | L41: 7 | M41: 17 | N41: 25 | O41: 21 | P41: 12 | Q41: 15 | R41: 7 | S41: 9 | T41: 24 | U41: 10 | V41: 9 | W41: 13 | X41: 17 | Y41: 7 | Z41: 5 | AA41: 14 | AB41: 11 | AC41: 18 | AD41: 19 | AE41: 9 | AG41: =SUM(B41:AF41) -> 405
A42: 21:00 | B42: 7 | C42: 5 | D42: 11 | E42: 4 | F42: 10 | G42: 11 | H42: 6 | I42: 5 | J42: 10 | K42: 10 | L42: 9 | M42: 12 | N42: 15 | O42: 10 | P42: 13 | Q42: 8 | R42: 4 | S42: 17 | T42: 13 | U42: 7 | V42: 9 | W42: 12 | X42: 6 | Y42: 9 | Z42: 4 | AA42: 18 | AB42: 9 | AC42: 15 | AD42: 12 | AE42: 4 | AG42: =SUM(B42:AF42) -> 285
A43: 22:00 | B43: 5 | C43: 4 | D43: 8 | E43: 4 | F43: 10 | G43: 2 | H43: 7 | I43: 5 | J43: 9 | K43: 4 | L43: 10 | M43: 5 | N43: 6 | O43: 10 | P43: 11 | Q43: 14 | R43: 2 | S43: 2 | T43: 8 | U43: 7 | V43: 4 | W43: 4 | X43: 6 | Y43: 3 | Z43: 4 | AA43: 14 | AB43: 6 | AC43: 11 | AD43: 7 | AG43: =SUM(B43:AF43) -> 192
A44: 23:00 | B44: 5 | C44: 7 | D44: 8 | E44: 2 | F44: 3 | G44: 6 | H44: 3 | I44: 2 | J44: 5 | K44: 2 | L44: 2 | M44: 6 | N44: 3 | O44: 4 | P44: 8 | Q44: 8 | R44: 3 | S44: 1 | T44: 6 | U44: 4 | V44: 2 | W44: 6 | X44: 2 | Z44: 2 | AA44: 4 | AB44: 2 | AC44: 2 | AD44: 1 | AE44: 2 | AG44: =SUM(B44:AF44) -> 111
A45: 00:00 | B45: 4 | C45: 3 | D45: 1 | E45: 2 | F45: 4 | G45: 1 | H45: 2 | I45: 3 | J45: 3 | K45: 2 | L45: 4 | M45: 5 | N45: 7 | O45: 6 | P45: 5 | Q45: 7 | R45: 1 | S45: 3 | T45: 1 | U45: 7 | V45: 1 | W45: 1 | X45: 2 | Y45: 4 | Z45: 4 | AA45: 2 | AB45: 1 | AC45: 1 | AD45: 2 | AE45: 2 | AG45: =SUM(B45:AF45) -> 91
A46: 01:00 | B46: 3 | C46: 6 | E46: 3 | G46: 3 | H46: 1 | I46: 3 | K46: 2 | L46: 2 | M46: 3 | N46: 1 | O46: 3 | P46: 4 | Q46: 4 | R46: 1 | T46: 2 | U46: 4 | V46: 1 | X46: 2 | Y46: 1 | Z46: 3 | AA46: 4 | AB46: 1 | AC46: 2 | AD46: 3 | AE46: 3 | AG46: =SUM(B46:AF46) -> 65
A47: 02:00 | B47: 2 | C47: 3 | D47: 2 | F47: 2 | G47: 2 | I47: 1 | J47: 1 | K47: 4 | L47: 1 | M47: 1 | N47: 2 | O47: 1 | P47: 3 | Q47: 2 | U47: 2 | X47: 3 | Y47: 1 | Z47: 1 | AD47: 1 | AG47: =SUM(B47:AF47) -> 35
A48: 03:00 | B48: 3 | G48: 2 | J48: 5 | K48: 2 | N48: 2 | O48: 1 | P48: 1 | Q48: 1 | R48: 2 | S48: 1 | U48: 1 | W48: 1 | Z48: 1 | AA48: 2 | AB48: 2 | AD48: 1 | AE48: 1 | AG48: =SUM(B48:AF48) -> 29
A49: 04:00 | C49: 3 | E49: 1 | G49: 1 | I49: 1 | M49: 1 | O49: 1 | P49: 1 | Q49: 2 | V49: 2 | Z49: 1 | AA49: 1 | AC49: 1 | AD49: 2 | AE49: 1 | AG49: =SUM(B49:AF49) -> 19
A50: 05:00 | C50: 2 | E50: 1 | G50: 2 | H50: 2 | J50: 2 | K50: 1 | M50: 2 | O50: 2 | Q50: 2 | R50: 1 | T50: 1 | X50: 2 | Y50: 3 | AD50: 1 | AG50: =SUM(B50:AF50) -> 24
A51: 06:00 | B51: 4 | C51: 1 | F51: 1 | G51: 1 | I51: 1 | K51: 1 | N51: 2 | P51: 1 | Q51: 1 | X51: 1 | Y51: 1 | AA51: 3 | AE51: 1 | AG51: =SUM(B51:AF51) -> 19
A52: 07:00 | C52: 2 | D52: 2 | E52: 3 | F52: 1 | I52: 1 | M52: 2 | P52: 2 | X52: 2 | Y52: 1 | Z52: 1 | AB52: 1 | AC52: 2 | AD52: 2 | AG52: =SUM(B52:AF52) -> 22
A53: Total de NSP | B53: =SUM(B54:B77) -> 9 | C53: =SUM(C54:C77) -> 6 | D53: =SUM(D54:D77) -> 5 | E53: =SUM(E54:E77) -> 5 | F53: =SUM(F54:F77) -> 7 | G53: =SUM(G54:G77) -> 6 | H53: =SUM(H54:H77) -> 7 | I53: =SUM(I54:I77) -> 2 | ... AF53: =SUM(AF54:AF77) -> 0 | AG53: =SUM(B53:AF53) -> 235
A54: 08:00 | C54: 1 | M54: 1 | AG54: =SUM(B54:AF54) -> 2
A55: 09:00 | E55: 2 | N55: 1 | O55: 2 | Q55: 1 | S55: 1 | Y55: 1 | AG55: =SUM(B55:AF55) -> 8
A56: 10:00 | M56: 1 | AD56: 1 | AG56: =SUM(B56:AF56) -> 2
A57: 11:00 | C57: 1 | G57: 1 | M57: 2 | P57: 1 | R57: 1 | Y57: 1 | Z57: 1 | AC57: 2 | AG57: =SUM(B57:AF57) -> 10
A58: 12:00 | P58: 1 | Q58: 1 | AG58: =SUM(B58:AF58) -> 2
A59: 13:00 | D59: 2 | E59: 1 | N59: 2 | O59: 2 | P59: 1 | T59: 1 | U59: 1 | X59: 1 | Y59: 1 | Z59: 2 | AA59: 1 | AD59: 1 | AG59: =SUM(B59:AF59) -> 16
A60: 14:00 | M60: 1 | O60: 2 | Q60: 2 | R60: 1 | V60: 1 | X60: 1 | Z60: 1 | AG60: =SUM(B60:AF60) -> 9
A61: 15:00 | C61: 2 | K61: 1 | P61: 1 | AA61: 1 | AD61: 1 | AE61: 1 | AG61: =SUM(B61:AF61) -> 7
A62: 16:00 | F62: 1 | M62: 1 | N62: 1 | O62: 1 | Q62: 1 | R62: 1 | S62: 1 | Z62: 3 | AB62: 1 | AG62: =SUM(B62:AF62) -> 11
A63: 17:00 | B63: 2 | F63: 1 | K63: 1 | O63: 2 | P63: 1 | Q63: 1 | R63: 1 | S63: 2 | X63: 4 | Y63: 1 | AA63: 1 | AB63: 1 | AC63: 2 | AG63: =SUM(B63:AF63) -> 20
A64: 18:00 | E64: 2 | F64: 1 | G64: 3 | H64: 2 | I64: 1 | J64: 2 | N64: 1 | P64: 2 | R64: 1 | T64: 1 | U64: 1 | W64: 1 | AB64: 1 | AC64: 1 | AD64: 3 | AE64: 1 | AG64: =SUM(B64:AF64) -> 24
A65: 19:00 | B65: 3 | D65: 1 | F65: 2 | H65: 3 | J65: 2 | K65: 2 | L65: 2 | M65: 1 | N65: 1 | O65: 4 | P65: 1 | Q65: 2 | T65: 2 | W65: 3 | X65: 2 | Y65: 1 | AA65: 1 | AB65: 1 | AC65: 1 | AD65: 4 | AE65: 3 | AG65: =SUM(B65:AF65) -> 42
A66: 20:00 | B66: 1 | C66: 1 | D66: 1 | F66: 1 | G66: 1 | H66: 1 | I66: 1 | M66: 3 | N66: 4 | O66: 2 | P66: 4 | T66: 5 | W66: 1 | Y66: 1 | Z66: 1 | AA66: 6 | AC66: 2 | AD66: 2 | AG66: =SUM(B66:AF66) -> 38
A67: 21:00 | B67: 2 | F67: 1 | K67: 1 | N67: 3 | O67: 1 | P67: 1 | T67: 3 | Y67: 1 | AA67: 3 | AB67: 1 | AG67: =SUM(B67:AF67) -> 17
A68: 22:00 | D68: 1 | S68: 1 | AB68: 1 | AC68: 1 | AD68: 1 | AG68: =SUM(B68:AF68) -> 5
A69: 23:00 | AG69: =SUM(B69:AF69) -> 0
A70: 00:00 | C70: 1 | J70: 1 | Z70: 10 | AA70: 1 | AG70: =SUM(B70:AF70) -> 13
A71: 01:00 | B71: 1 | Z71: 1 | AG71: =SUM(B71:AF71) -> 2
A72: 02:00 | AG72: =SUM(B72:AF72) -> 0
A73: 03:00 | X73: 1 | Z73: 1 | AG73: =SUM(B73:AF73) -> 2
A74: 04:00 | G74: 1 | AG74: =SUM(B74:AF74) -> 1
A75: 05:00 | H75: 1 | V75: 1 | AG75: =SUM(B75:AF75) -> 2
A76: 06:00 | AB76: 2 | AG76: =SUM(B76:AF76) -> 2
A77: 07:00 | AG77: =SUM(B77:AF77) -> 0
A78: TOTAL PACIENTES INSCRITOS | B78: =SUM(B79:B80) -> 126 | C78: =SUM(C79:C80) -> 159 | D78: =SUM(D79:D80) -> 137 | E78: =SUM(E79:E80) -> 132 | F78: =SUM(F79:F80) -> 156 | G78: =SUM(G79:G80) -> 131 | H78: =SUM(H79:H80) -> 137 | I78: =SUM(I79:I80) -> 126 | ... AF78: =SUM(AF79:AF80) -> 0 | AG78: =SUM(B78:AF78) -> 4111
A79: SAR | B79: =SUM(B4:B27)-B80 -> 126 | C79: =SUM(C4:C27)-C80 -> 159 | D79: =SUM(D4:D27)-D80 -> 137 | E79: =SUM(E4:E27)-E80 -> 132 | F79: =SUM(F4:F27)-F80 -> 108 | G79: =SUM(G4:G27)-G80 -> 92 | H79: =SUM(H4:H27)-H80 -> 88 | I79: =SUM(I4:I27)-I80 -> 126 | ... AF79: =SUM(AF4:AF27)-AF80 -> 0 | AG79: =SUM(B79:AF79) -> 3317
A80: PAR | D80: 0 | E80: 0 | F80: =SUM(F4:F12) -> 48 | G80: =SUM(G4:G12) -> 39 | H80: =SUM(H4:H12) -> 49 | K80: 0 | L80: 0 | M80: =SUM(M4:M12) -> 64 | N80: =SUM(N4:N12) -> 61 | O80: =SUM(O4:O12) -> 46 | R80: =SUM(R4:R12) -> 83 | S80: =SUM(S4:S12) -> 77 | T80: =SUM(T4:T12) -> 66 | U80: =SUM(U4:U12) -> 49 | V80: =SUM(V4:V12) -> 35 | Y80: =SUM(Y4:Y12) -> 62 | AA80: =SUM(AA4:AA12) -> 41 | AB80: =SUM(AB4:AB12) -> 37 | AC80: =SUM(AC4:AC12) -> 37 | AF80: =SUM(AF4:AF12) -> 0 | AG80: =SUM(B80:AF80) -> 794
A81: TOTAL NSP | B81: =SUM(B82:B83) -> 9 | C81: =SUM(C82:C83) -> 6 | D81: =SUM(D82:D83) -> 5 | E81: =SUM(E82:E83) -> 5 | F81: =SUM(F82:F83) -> 7 | G81: =SUM(G82:G83) -> 6 | H81: =SUM(H82:H83) -> 7 | I81: =SUM(I82:I83) -> 2 | ... AF81: =SUM(AF82:AF83) -> 0 | AG81: =SUM(B81:AF81) -> 235 | AH81: =IF(AG81<>AG53,"*","")
A82: PAR | B82: =SUM(B54:B62) -> 0 | F82: =SUM(F54:F62) -> 1 | G82: =SUM(G54:G62) -> 1 | H82: =SUM(H54:H62) -> 0 | I82: =SUM(I54:I62) -> 0 | J82: =SUM(J54:J62) -> 0 | M82: =SUM(M54:M62) -> 6 | N82: =SUM(N54:N62) -> 4 | O82: =SUM(O54:O62) -> 7 | P82: =SUM(P54:P62) -> 4 | Q82: =SUM(Q54:Q62) -> 5 | T82: =SUM(T54:T62) -> 1 | U82: =SUM(U54:U62) -> 1 | V82: =SUM(V54:V62) -> 1 | W82: =SUM(W54:W62) -> 0 | X82: =SUM(X54:X62) -> 2 | AA82: =SUM(AA54:AA62) -> 2 | AB82: =SUM(AB54:AB62) -> 1 | AC82: =SUM(AC54:AC62) -> 2 | AD82: =SUM(AD54:AD62) -> 3 | AE82: =SUM(AE54:AE62) -> 1 | AF82: =SUM(AF54:AF62) -> 0 | AG82: =SUM(B82:AF82) -> 42
A83: SAR | B83: =SUM(B54:B77)-B82 -> 9 | C83: =SUM(C54:C77)-C82 -> 6 | D83: =SUM(D54:D77)-D82 -> 5 | E83: =SUM(E54:E77)-E82 -> 5 | F83: =SUM(F54:F77)-F82 -> 6 | G83: =SUM(G54:G77)-G82 -> 5 | H83: =SUM(H54:H77)-H82 -> 7 | I83: =SUM(I54:I77)-I82 -> 2 | ... AF83: =SUM(AF54:AF77)-AF82 -> 0 | AG83: =SUM(B83:AF83) -> 193
A84: NSP PEDIATR. / ADULTOS | B84: =SUM(B85:B86) -> 9 | C84: =SUM(C85:C86) -> 6 | D84: =SUM(D85:D86) -> 5 | E84: =SUM(E85:E86) -> 5 | F84: =SUM(F85:F86) -> 7 | G84: =SUM(G85:G86) -> 6 | H84: =SUM(H85:H86) -> 7 | I84: =SUM(I85:I86) -> 2 | ... AF84: =SUM(AF85:AF86) -> 0 | AG84: =SUM(B84:AF84) -> 235 | AH84: =IF(AG84<>AG82+AG83,"*","") | AI84: NSP
A85: NSP PEDIATRICOS (<15 AÑOS) | B85: 3 | C85: 0 | D85: 0 | E85: 1 | F85: 1 | G85: 1 | H85: 0 | I85: 0 | J85: 0 | K85: 2 | L85: 0 | M85: 1 | N85: 2 | O85: 3 | P85: 0 | Q85: 0 | R85: 0 | S85: 1 | T85: 4 | U85: 0 | V85: 0 | W85: 1 | X85: 1 | Y85: 1 | Z85: 0 | AA85: 0 | AB85: 1 | AC85: 1 | AD85: 3 | AE85: 0 | AG85: =SUM(B85:AF85) -> 27
A86: NSP ADULTOS | B86: 6 | C86: 6 | D86: 5 | E86: 4 | F86: 6 | G86: 5 | H86: 7 | I86: 2 | J86: 5 | K86: 3 | L86: 2 | M86: 9 | N86: 11 | O86: 13 | P86: 13 | Q86: 8 | R86: 5 | S86: 4 | T86: 8 | U86: 2 | V86: 2 | W86: 4 | X86: 8 | Y86: 6 | Z86: 20 | AA86: 14 | AB86: 7 | AC86: 8 | AD86: 10 | AE86: 5 | AG86: =SUM(B86:AF86) -> 208
A87: NSP CATEGORIZACION | B87: =SUM(B88:B92) -> 9 | C87: =SUM(C88:C92) -> 6 | D87: =SUM(D88:D92) -> 5 | E87: =SUM(E88:E92) -> 5 | F87: =SUM(F88:F92) -> 7 | G87: =SUM(G88:G92) -> 6 | H87: =SUM(H88:H92) -> 7 | I87: =SUM(I88:I92) -> 2 | ... AF87: =SUM(AF88:AF92) -> 0 | AG87: =SUM(B87:AF87) -> 235 | AH87: =IF(AG87<>AG84,"*","")
A88: SIN CATEGORIZACIÓN nsp | B88: 4 | C88: 4 | D88: 2 | E88: 3 | F88: 6 | G88: 3 | H88: 3 | I88: 2 | J88: 2 | K88: 4 | L88: 2 | M88: 6 | N88: 8 | O88: 9 | P88: 5 | Q88: 3 | R88: 3 | S88: 1 | T88: 6 | U88: 2 | V88: 2 | W88: 3 | X88: 6 | Z88: 15 | AA88: 5 | AB88: 3 | AC88: 5 | AD88: 9 | AE88: 3 | AG88: =SUM(B88:AF88) -> 129
A89: C2 | AG89: =SUM(B89:AF89) -> 0
A90: C3 | C90: 1 | D90: 1 | E90: 1 | G90: 1 | H90: 1 | N90: 1 | O90: 1 | AB90: 1 | AG90: =SUM(B90:AF90) -> 8
A91: C4 | B91: 3 | C91: 1 | D91: 2 | E91: 1 | F91: 1 | G91: 2 | H91: 2 | J91: 3 | K91: 1 | N91: 3 | O91: 3 | P91: 5 | Q91: 3 | R91: 1 | S91: 2 | T91: 2 | X91: 1 | Y91: 5 | Z91: 1 | AA91: 8 | AB91: 3 | AC91: 1 | AD91: 3 | AE91: 1 | AG91: =SUM(B91:AF91) -> 58
A92: C5 | B92: 2 | H92: 1 | M92: 4 | N92: 1 | O92: 3 | P92: 3 | Q92: 2 | R92: 1 | S92: 2 | T92: 4 | W92: 2 | X92: 2 | Y92: 2 | Z92: 4 | AA92: 1 | AB92: 1 | AC92: 3 | AD92: 1 | AE92: 1 | AG92: =SUM(B92:AF92) -> 40
A93: TOTAL PACIENTES ATENDIDOS | B93: =+B94+B100 -> 117 | C93: =+C94+C100 -> 153 | D93: =+D94+D100 -> 133 | E93: =+E94+E100 -> 127 | F93: =+F94+F100 -> 149 | G93: =+G94+G100 -> 125 | H93: =+H94+H100 -> 130 | I93: =+I94+I100 -> 124 | ... AF93: =+AF94+AF100 -> 0 | AG93: =SUM(B93:AF93) -> 3879 | AH93: =IF(AG93<>AG28,"*","")
A94: Menor 15 años | B94: =SUM(B95:B99) -> 2 | C94: =SUM(C95:C99) -> 13 | D94: =SUM(D95:D99) -> 11 | E94: =SUM(E95:E99) -> 7 | F94: =SUM(F95:F99) -> 14 | G94: =SUM(G95:G99) -> 6 | H94: =SUM(H95:H99) -> 9 | I94: =SUM(I95:I99) -> 6 | ... AF94: =SUM(AF95:AF99) -> 0 | AG94: =SUM(B94:AF94) -> 286
A95: Menor 1 Año | C95: 1 | D95: 1 | K95: 1 | N95: 2 | O95: 1 | T95: 2 | U95: 2 | AB95: 1 | AE95: 1 | AG95: =SUM(B95:AF95) -> 12
A96: 1 Año | C96: 1 | F96: 1 | H96: 1 | J96: 1 | K96: 3 | M96: 1 | N96: 1 | O96: 1 | Q96: 1 | T96: 2 | U96: 1 | W96: 1 | Z96: 1 | AA96: 1 | AB96: 1 | AC96: 1 | AD96: 1 | AE96: 2 | AG96: =SUM(B96:AF96) -> 22
A97: 2 - 4 | C97: 2 | D97: 1 | E97: 1 | H97: 1 | I97: 1 | K97: 2 | L97: 2 | M97: 1 | N97: 5 | O97: 2 | Q97: 2 | S97: 3 | T97: 2 | U97: 2 | V97: 1 | W97: 2 | X97: 2 | Z97: 1 | AB97: 1 | AC97: 2 | AG97: =SUM(B97:AF97) -> 36
A98: 5 - 9 | B98: 1 | C98: 6 | D98: 4 | E98: 3 | F98: 5 | G98: 2 | H98: 4 | I98: 1 | J98: 6 | K98: 5 | L98: 6 | M98: 6 | N98: 5 | O98: 5 | P98: 2 | Q98: 5 | R98: 5 | S98: 2 | T98: 6 | U98: 4 | V98: 3 | W98: 5 | X98: 3 | Y98: 3 | Z98: 2 | AA98: 3 | AB98: 2 | AC98: 1 | AD98: 3 | AE98: 2 | AG98: =SUM(B98:AF98) -> 110
A99: 10 - 14 | B99: 1 | C99: 3 | D99: 5 | E99: 3 | F99: 8 | G99: 4 | H99: 3 | I99: 4 | J99: 4 | K99: 6 | L99: 3 | M99: 4 | N99: 4 | O99: 4 | P99: 4 | Q99: 2 | R99: 1 | S99: 5 | T99: 4 | U99: 3 | V99: 1 | W99: 5 | X99: 2 | Y99: 1 | Z99: 5 | AA99: 2 | AB99: 4 | AC99: 6 | AD99: 4 | AE99: 1 | AG99: =SUM(B99:AF99) -> 106
A100: Mayor de 15 años | B100: =SUM(B101:B115) -> 115 | C100: =SUM(C101:C115) -> 140 | D100: =SUM(D101:D115) -> 122 | E100: =SUM(E101:E115) -> 120 | F100: =SUM(F101:F115) -> 135 | G100: =SUM(G101:G115) -> 119 | H100: =SUM(H101:H115) -> 121 | I100: =SUM(I101:I115) -> 118 | ... AF100: =SUM(AF101:AF115) -> 0 | AG100: =SUM(B100:AF100) -> 3593
A101: 15 - 19 | B101: 6 | C101: 9 | D101: 4 | E101: 9 | F101: 9 | G101: 6 | H101: 9 | I101: 6 | J101: 12 | K101: 12 | L101: 7 | M101: 9 | N101: 9 | O101: 14 | P101: 9 | Q101: 7 | R101: 10 | S101: 9 | T101: 6 | U101: 12 | V101: 3 | W101: 8 | X101: 12 | Y101: 8 | Z101: 9 | AA101: 8 | AB101: 5 | AC101: 7 | AD101: 8 | AE101: 4 | AG101: =SUM(B101:AF101) -> 246
...

Sheet MAYO
A2: MAYO | B2: 1 | C2: =+B2+1 -> 2 | D2: =+C2+1 -> 3 | E2: =+D2+1 -> 4 | F2: =+E2+1 -> 5 | G2: =+F2+1 -> 6 | H2: =+G2+1 -> 7 | I2: =+H2+1 -> 8 | J2: =+I2+1 -> 9 | ... AA2: =+Z2+1 -> 26 | AB2: 27 | AC2: =+AB2+1 -> 28 | AD2: 29 | AE2: 30 | AF2: 31 | AG2: TOTAL
A3: Total de Inscritos | B3: =SUM(B4:B27) -> 117 | C3: =SUM(C4:C27) -> 111 | D3: =SUM(D4:D27) -> 135 | E3: =SUM(E4:E27) -> 140 | F3: =SUM(F4:F27) -> 118 | G3: =SUM(G4:G27) -> 139 | H3: =SUM(H4:H27) -> 106 | I3: =SUM(I4:I27) -> 140 | ... AF3: =SUM(AF4:AF27) -> 159 | AG3: =SUM(B3:AF3) -> 4600
A4: 08:00 | B4: 5 | C4: 7 | D4: 3 | E4: 1 | F4: 3 | G4: 1 | H4: 1 | I4: 5 | J4: 1 | K4: 10 | L4: 3 | M4: 1 | O4: 3 | P4: 5 | Q4: 9 | R4: 8 | S4: 2 | T4: 3 | U4: 4 | V4: 6 | W4: 1 | X4: 8 | Y4: 8 | Z4: 6 | AA4: 11 | AB4: 7 | AC4: 3 | AD4: 8 | AE4: 2 | AF4: 5 | AG4: =SUM(B4:AF4) -> 140
A5: 09:00 | B5: 3 | C5: 2 | D5: 5 | E5: 2 | F5: 1 | G5: 4 | H5: 4 | I5: 5 | J5: 4 | K5: 6 | L5: 3 | M5: 5 | N5: 8 | O5: 7 | P5: 5 | Q5: 6 | R5: 6 | S5: 7 | T5: 11 | U5: 3 | V5: 4 | W5: 10 | X5: 9 | Y5: 10 | Z5: 6 | AA5: 4 | AB5: 6 | AC5: 7 | AD5: 5 | AE5: 5 | AF5: 7 | AG5: =SUM(B5:AF5) -> 170
A6: 10:00 | B6: 9 | C6: 3 | D6: 5 | E6: 1 | F6: 2 | G6: 3 | H6: 6 | I6: 11 | J6: 3 | K6: 2 | L6: 2 | M6: 4 | N6: 5 | O6: 7 | P6: 6 | Q6: 1 | R6: 6 | S6: 9 | T6: 9 | U6: 9 | V6: 6 | W6: 7 | X6: 6 | Y6: 11 | Z6: 6 | AA6: 4 | AB6: 4 | AC6: 4 | AD6: 11 | AE6: 6 | AF6: 5 | AG6: =SUM(B6:AF6) -> 173
A7: 11:00 | B7: 9 | C7: 9 | D7: 12 | E7: 7 | F7: 3 | G7: 4 | H7: 8 | I7: 11 | J7: 8 | K7: 2 | L7: 2 | M7: 3 | N7: 4 | O7: 2 | P7: 10 | Q7: 14 | R7: 8 | S7: 10 | T7: 7 | U7: 8 | V7: 6 | W7: 12 | X7: 15 | Y7: 11 | Z7: 7 | AA7: 11 | AB7: 7 | AC7: 5 | AD7: 11 | AE7: 9 | AF7: 14 | AG7: =SUM(B7:AF7) -> 249
A8: 12:00 | B8: 10 | C8: 4 | D8: 8 | E8: 5 | F8: 3 | G8: 3 | H8: 4 | I8: 6 | J8: 15 | K8: 7 | L8: 2 | M8: 2 | N8: 6 | O8: 7 | P8: 14 | Q8: 10 | R8: 5 | S8: 10 | T8: 6 | U8: 10 | V8: 17 | W8: 15 | X8: 12 | Y8: 13 | Z8: 1 | AA8: 7 | AB8: 8 | AC8: 2 | AD8: 14 | AE8: 19 | AF8: 4 | AG8: =SUM(B8:AF8) -> 249
A9: 13:00 | B9: 10 | C9: 8 | D9: 4 | E9: 7 | G9: 3 | H9: 1 | I9: 8 | J9: 9 | L9: 2 | M9: 5 | N9: 5 | O9: 10 | P9: 8 | Q9: 6 | R9: 15 | S9: 4 | T9: 1 | U9: 8 | V9: 13 | W9: 7 | X9: 20 | Y9: 12 | Z9: 2 | AA9: 10 | AB9: 9 | AC9: 4 | AD9: 19 | AE9: 14 | AF9: 9 | AG9: =SUM(B9:AF9) -> 233
A10: 14:00 | B10: 7 | C10: 3 | D10: 7 | E10: 3 | F10: 4 | G10: 1 | H10: 1 | I10: 10 | J10: 5 | K10: 8 | L10: 8 | M10: 6 | N10: 6 | O10: 3 | P10: 9 | Q10: 9 | R10: 4 | S10: 2 | T10: 6 | U10: 7 | V10: 13 | W10: 11 | X10: 16 | Y10: 7 | Z10: 11 | AA10: 5 | AB10: 1 | AC10: 1 | AD10: 12 | AE10: 9 | AF10: 2 | AG10: =SUM(B10:AF10) -> 197
A11: 15:00 | B11: 8 | C11: 12 | D11: 3 | E11: 3 | F11: 9 | G11: 2 | H11: 6 | I11: 6 | J11: 7 | K11: 7 | L11: 9 | M11: 6 | N11: 3 | O11: 8 | P11: 9 | Q11: 13 | R11: 8 | S11: 6 | T11: 6 | U11: 11 | V11: 12 | W11: 19 | X11: 12 | Y11: 6 | Z11: 8 | AA11: 4 | AB11: 5 | AC11: 4 | AD11: 16 | AE11: 14 | AF11: 5 | AG11: =SUM(B11:AF11) -> 247
A12: 16:00 | B12: 6 | C12: 15 | D12: 9 | E12: 12 | F12: 2 | G12: 6 | H12: 7 | I12: 11 | J12: 8 | K12: 9 | L12: 2 | M12: 9 | N12: 5 | O12: 6 | P12: 18 | Q12: 11 | R12: 20 | S12: 8 | T12: 6 | U12: 5 | V12: 12 | W12: 14 | X12: 12 | Y12: 12 | Z12: 9 | AA12: 6 | AB12: 6 | AC12: 15 | AD12: 16 | AE12: 10 | AF12: 11 | AG12: =SUM(B12:AF12) -> 298
A13: 17:00 | B13: 5 | C13: 9 | D13: 31 | E13: 34 | F13: 36 | G13: 42 | H13: 23 | I13: 13 | J13: 11 | K13: 29 | L13: 31 | M13: 27 | N13: 36 | O13: 22 | P13: 8 | Q13: 14 | R13: 44 | S13: 31 | T13: 29 | U13: 37 | V13: 8 | W13: 13 | X13: 12 | Y13: 65 | Z13: 47 | AA13: 50 | AB13: 34 | AC13: 33 | AD13: 7 | AE13: 10 | AF13: 38 | AG13: =SUM(B13:AF13) -> 829
A14: 18:00 | B14: 9 | C14: 10 | D14: 10 | E14: 13 | F14: 9 | G14: 10 | H14: 8 | I14: 11 | J14: 6 | K14: 9 | L14: 23 | M14: 15 | N14: 16 | O14: 15 | P14: 10 | Q14: 14 | R14: 18 | S14: 15 | T14: 14 | U14: 14 | V14: 9 | W14: 11 | X14: 20 | Y14: 17 | Z14: 20 | AA14: 13 | AB14: 16 | AC14: 18 | AD14: 16 | AE14: 8 | AF14: 11 | AG14: =SUM(B14:AF14) -> 408
A15: 19:00 | B15: 6 | C15: 5 | D15: 10 | E15: 10 | F15: 13 | G15: 15 | H15: 6 | I15: 6 | J15: 9 | K15: 12 | L15: 12 | M15: 10 | N15: 10 | O15: 10 | P15: 3 | Q15: 12 | R15: 15 | S15: 6 | T15: 9 | U15: 12 | V15: 6 | W15: 6 | X15: 15 | Y15: 9 | Z15: 6 | AA15: 14 | AB15: 5 | AC15: 13 | AD15: 13 | AE15: 12 | AF15: 7 | AG15: =SUM(B15:AF15) -> 297
A16: 20:00 | B16: 3 | C16: 3 | D16: 9 | E16: 10 | F16: 12 | G16: 8 | H16: 8 | I16: 7 | J16: 8 | K16: 10 | L16: 7 | M16: 8 | N16: 9 | O16: 8 | P16: 9 | Q16: 7 | R16: 11 | S16: 8 | T16: 6 | U16: 6 | V16: 13 | W16: 10 | X16: 8 | Y16: 12 | Z16: 5 | AA16: 15 | AB16: 14 | AC16: 9 | AD16: 7 | AE16: 11 | AF16: 14 | AG16: =SUM(B16:AF16) -> 275
A17: 21:00 | B17: 7 | C17: 4 | D17: 3 | E17: 11 | F17: 9 | G17: 5 | H17: 4 | I17: 9 | J17: 5 | K17: 10 | L17: 3 | M17: 9 | N17: 8 | O17: 6 | P17: 5 | Q17: 9 | R17: 6 | S17: 6 | T17: 5 | U17: 7 | V17: 8 | W17: 7 | X17: 4 | Y17: 13 | Z17: 7 | AA17: 7 | AB17: 10 | AC17: 8 | AD17: 10 | AE17: 6 | AF17: 5 | AG17: =SUM(B17:AF17) -> 216
A18: 22:00 | B18: 4 | C18: 4 | D18: 4 | E18: 7 | F18: 5 | G18: 12 | H18: 8 | J18: 3 | K18: 9 | L18: 6 | M18: 8 | N18: 9 | O18: 5 | P18: 4 | Q18: 5 | R18: 7 | S18: 5 | T18: 4 | U18: 6 | V18: 4 | W18: 4 | X18: 6 | Y18: 5 | Z18: 7 | AA18: 4 | AB18: 7 | AC18: 3 | AD18: 5 | AE18: 5 | AF18: 4 | AG18: =SUM(B18:AF18) -> 169
A19: 23:00 | B19: 3 | C19: 1 | D19: 4 | E19: 3 | F19: 2 | G19: 8 | H19: 2 | I19: 1 | J19: 10 | K19: 4 | L19: 2 | M19: 1 | N19: 7 | O19: 3 | P19: 4 | Q19: 6 | R19: 4 | S19: 1 | T19: 3 | V19: 3 | W19: 4 | X19: 4 | Y19: 7 | Z19: 7 | AA19: 7 | AB19: 2 | AC19: 6 | AD19: 2 | AE19: 5 | AF19: 3 | AG19: =SUM(B19:AF19) -> 119
A20: 00:00 | B20: 4 | C20: 6 | D20: 3 | E20: 1 | F20: 2 | G20: 2 | H20: 2 | I20: 5 | J20: 5 | K20: 2 | M20: 3 | N20: 7 | O20: 1 | P20: 1 | Q20: 6 | R20: 2 | S20: 3 | T20: 7 | U20: 3 | V20: 2 | W20: 1 | X20: 2 | Y20: 1 | Z20: 3 | AA20: 4 | AB20: 2 | AC20: 6 | AD20: 2 | AE20: 3 | AF20: 3 | AG20: =SUM(B20:AF20) -> 94
A21: 01:00 | B21: 4 | C21: 1 | D21: 3 | G21: 3 | I21: 3 | K21: 1 | M21: 2 | N21: 1 | O21: 5 | P21: 3 | Q21: 1 | S21: 4 | T21: 1 | U21: 1 | V21: 2 | W21: 5 | Y21: 2 | Z21: 3 | AA21: 3 | AB21: 2 | AC21: 2 | AD21: 2 | AE21: 1 | AF21: 5 | AG21: =SUM(B21:AF21) -> 60
A22: 02:00 | B22: 1 | C22: 1 | E22: 2 | F22: 2 | G22: 3 | I22: 4 | J22: 1 | L22: 2 | M22: 1 | N22: 3 | P22: 2 | R22: 2 | T22: 4 | X22: 1 | Y22: 1 | Z22: 1 | AA22: 5 | AC22: 5 | AF22: 3 | AG22: =SUM(B22:AF22) -> 44
A23: 03:00 | B23: 1 | E23: 2 | G23: 2 | H23: 2 | I23: 3 | J23: 1 | K23: 1 | L23: 1 | N23: 1 | O23: 1 | P23: 1 | Q23: 1 | S23: 2 | U23: 1 | W23: 4 | X23: 2 | AB23: 2 | AC23: 2 | AD23: 1 | AE23: 1 | AF23: 1 | AG23: =SUM(B23:AF23) -> 33
A24: 04:00 | E24: 2 | G24: 2 | I24: 2 | J24: 1 | L24: 1 | M24: 2 | N24: 1 | O24: 2 | P24: 2 | Q24: 1 | S24: 1 | U24: 3 | W24: 3 | X24: 3 | Y24: 1 | AA24: 1 | AB24: 1 | AC24: 2 | AG24: =SUM(B24:AF24) -> 31
A25: 05:00 | C25: 1 | E25: 3 | J25: 4 | L25: 1 | V25: 2 | W25: 1 | X25: 2 | Z25: 2 | AA25: 1 | AB25: 1 | AE25: 1 | AF25: 2 | AG25: =SUM(B25:AF25) -> 21
A26: 06:00 | C26: 1 | D26: 1 | F26: 1 | H26: 3 | I26: 2 | L26: 1 | P26: 2 | Q26: 1 | U26: 1 | X26: 1 | Z26: 2 | AB26: 1 | AC26: 1 | AE26: 1 | AF26: 1 | AG26: =SUM(B26:AF26) -> 20
A27: 07:00 | B27: 3 | C27: 2 | D27: 1 | E27: 1 | H27: 2 | I27: 1 | K27: 1 | M27: 1 | P27: 2 | Q27: 1 | S27: 1 | T27: 1 | U27: 2 | V27: 5 | X27: 1 | AB27: 1 | AC27: 1 | AD27: 1 | AG27: =SUM(B27:AF27) -> 28
A28: Total de atendidos | B28: =SUM(B29:B52) -> 114 | C28: =SUM(C29:C52) -> 110 | D28: =SUM(D29:D52) -> 127 | E28: =SUM(E29:E52) -> 137 | F28: =SUM(F29:F52) -> 110 | G28: =SUM(G29:G52) -> 132 | H28: =SUM(H29:H52) -> 103 | I28: =SUM(I29:I52) -> 136 | ... AF28: =SUM(AF29:AF52) -> 154 | AG28: =SUM(B28:AF28) -> 4360
A29: 08:00 | B29: 2 | C29: 2 | D29: 1 | E29: 1 | G29: 1 | H29: 2 | I29: 1 | J29: 1 | K29: 3 | M29: 1 | O29: 3 | P29: 1 | Q29: 4 | R29: 2 | S29: 1 | U29: 5 | V29: 7 | X29: 5 | Y29: 5 | Z29: 2 | AA29: 2 | AB29: 1 | AC29: 1 | AD29: 4 | AE29: 1 | AF29: 3 | AG29: =SUM(B29:AF29) -> 62
A30: 09:00 | B30: 6 | C30: 6 | D30: 6 | E30: 2 | F30: 3 | G30: 4 | H30: 1 | I30: 6 | J30: 3 | K30: 9 | L30: 4 | M30: 3 | N30: 1 | O30: 2 | P30: 4 | Q30: 8 | R30: 10 | S30: 6 | T30: 7 | U30: 3 | V30: 5 | W30: 4 | X30: 7 | Y30: 6 | Z30: 6 | AA30: 10 | AB30: 9 | AC30: 6 | AD30: 4 | AE30: 4 | AF30: 4 | AG30: =SUM(B30:AF30) -> 159
A31: 10:00 | B31: 5 | C31: 3 | D31: 4 | E31: 1 | F31: 3 | H31: 4 | I31: 8 | J31: 2 | K31: 4 | L31: 3 | M31: 4 | N31: 9 | O31: 7 | P31: 7 | Q31: 3 | R31: 5 | S31: 6 | T31: 10 | U31: 6 | V31: 6 | W31: 8 | X31: 7 | Y31: 10 | Z31: 5 | AA31: 6 | AC31: 3 | AD31: 8 | AE31: 5 | AF31: 9 | AG31: =SUM(B31:AF31) -> 161
A32: 11:00 | B32: 7 | C32: 7 | D32: 8 | E32: 4 | G32: 7 | H32: 7 | I32: 7 | J32: 5 | K32: 3 | L32: 1 | M32: 3 | N32: 3 | O32: 5 | P32: 7 | Q32: 10 | R32: 5 | S32: 6 | T32: 9 | U32: 7 | V32: 6 | W32: 8 | X32: 11 | Y32: 11 | Z32: 6 | AA32: 4 | AB32: 7 | AC32: 2 | AD32: 6 | AE32: 11 | AF32: 5 | AG32: =SUM(B32:AF32) -> 188
A33: 12:00 | B33: 6 | C33: 6 | D33: 10 | E33: 7 | F33: 6 | G33: 3 | H33: 6 | I33: 6 | J33: 8 | K33: 4 | L33: 3 | M33: 3 | N33: 7 | O33: 3 | P33: 7 | Q33: 12 | R33: 7 | S33: 4 | T33: 4 | U33: 8 | V33: 7 | W33: 9 | X33: 11 | Y33: 5 | Z33: 5 | AA33: 10 | AB33: 5 | AC33: 6 | AD33: 15 | AE33: 11 | AF33: 6 | AG33: =SUM(B33:AF33) -> 210
A34: 13:00 | B34: 7 | C34: 6 | D34: 3 | E34: 6 | G34: 3 | H34: 3 | I34: 7 | J34: 16 | K34: 4 | L34: 1 | M34: 2 | N34: 5 | O34: 4 | P34: 9 | Q34: 5 | R34: 5 | S34: 6 | T34: 5 | U34: 9 | V34: 13 | W34: 10 | X34: 9 | Y34: 13 | Z34: 2 | AA34: 6 | AB34: 4 | AC34: 2 | AD34: 13 | AE34: 16 | AF34: 6 | AG34: =SUM(B34:AF34) -> 200
A35: 14:00 | B35: 12 | C35: 3 | D35: 4 | E35: 4 | F35: 2 | G35: 1 | H35: 1 | I35: 10 | J35: 6 | K35: 3 | L35: 4 | M35: 7 | N35: 5 | O35: 8 | P35: 10 | Q35: 6 | R35: 8 | S35: 2 | T35: 5 | U35: 7 | V35: 18 | W35: 8 | X35: 14 | Y35: 11 | Z35: 6 | AA35: 7 | AB35: 10 | AC35: 4 | AD35: 11 | AE35: 14 | AF35: 7 | AG35: =SUM(B35:AF35) -> 218
A36: 15:00 | B36: 7 | C36: 9 | D36: 7 | E36: 2 | F36: 10 | G36: 1 | H36: 3 | I36: 9 | J36: 5 | K36: 6 | L36: 6 | M36: 3 | N36: 4 | O36: 6 | P36: 10 | Q36: 10 | R36: 11 | S36: 9 | T36: 3 | U36: 6 | V36: 8 | W36: 14 | X36: 16 | Y36: 6 | Z36: 5 | AA36: 8 | AB36: 6 | AD36: 10 | AE36: 8 | AF36: 7 | AG36: =SUM(B36:AF36) -> 215
A37: 16:00 | B37: 7 | C37: 14 | D37: 3 | E37: 8 | G37: 5 | H37: 4 | I37: 10 | J37: 8 | K37: 4 | L37: 7 | M37: 8 | N37: 4 | O37: 4 | P37: 14 | Q37: 11 | R37: 11 | S37: 6 | T37: 5 | U37: 9 | V37: 15 | W37: 16 | X37: 14 | Y37: 10 | Z37: 7 | AA37: 7 | AB37: 5 | AC37: 5 | AD37: 15 | AE37: 13 | AF37: 3 | AG37: =SUM(B37:AF37) -> 252
A38: 17:00 | B38: 6 | C38: 9 | D38: 7 | E38: 11 | F38: 7 | G38: 9 | H38: 7 | I38: 15 | J38: 9 | K38: 7 | L38: 10 | M38: 4 | N38: 5 | O38: 3 | P38: 5 | Q38: 12 | R38: 9 | S38: 8 | T38: 6 | U38: 8 | V38: 12 | W38: 16 | X38: 16 | Y38: 3 | Z38: 4 | AA38: 13 | AB38: 12 | AC38: 13 | AD38: 13 | AE38: 8 | AF38: 8 | AG38: =SUM(B38:AF38) -> 275
A39: 18:00 | B39: 11 | C39: 12 | D39: 12 | E39: 18 | F39: 16 | G39: 17 | H39: 11 | I39: 11 | J39: 7 | K39: 13 | L39: 8 | M39: 19 | N39: 16 | O39: 14 | P39: 13 | Q39: 16 | R39: 19 | S39: 19 | T39: 11 | U39: 15 | V39: 6 | W39: 9 | X39: 15 | Y39: 24 | Z39: 23 | AA39: 18 | AB39: 14 | AC39: 24 | AD39: 14 | AE39: 12 | AF39: 21 | AG39: =SUM(B39:AF39) -> 458
A40: 19:00 | B40: 8 | C40: 7 | D40: 16 | E40: 17 | F40: 17 | G40: 19 | H40: 14 | I40: 8 | J40: 8 | K40: 16 | L40: 23 | M40: 21 | N40: 21 | O40: 17 | P40: 8 | Q40: 13 | R40: 22 | S40: 18 | T40: 21 | U40: 19 | V40: 9 | W40: 13 | X40: 16 | Y40: 19 | Z40: 23 | AA40: 22 | AB40: 16 | AC40: 17 | AD40: 17 | AE40: 8 | AF40: 21 | AG40: =SUM(B40:AF40) -> 494
A41: 20:00 | B41: 5 | C41: 4 | D41: 22 | E41: 18 | F41: 13 | G41: 18 | H41: 12 | I41: 7 | J41: 10 | K41: 17 | L41: 16 | M41: 12 | N41: 14 | O41: 15 | P41: 10 | Q41: 11 | R41: 18 | S41: 15 | T41: 13 | U41: 22 | V41: 11 | W41: 4 | X41: 19 | Y41: 19 | Z41: 18 | AA41: 18 | AB41: 20 | AC41: 21 | AD41: 8 | AE41: 10 | AF41: 12 | AG41: =SUM(B41:AF41) -> 432
A42: 21:00 | B42: 3 | C42: 4 | D42: 5 | E42: 13 | F42: 8 | G42: 11 | H42: 7 | I42: 7 | J42: 4 | K42: 15 | L42: 12 | M42: 8 | N42: 13 | O42: 8 | P42: 10 | Q42: 3 | R42: 12 | S42: 4 | T42: 9 | U42: 5 | V42: 9 | W42: 13 | X42: 3 | Y42: 13 | Z42: 13 | AA42: 12 | AB42: 11 | AC42: 11 | AD42: 8 | AE42: 6 | AF42: 16 | AG42: =SUM(B42:AF42) -> 276
A43: 22:00 | B43: 6 | C43: 6 | D43: 6 | E43: 7 | F43: 14 | G43: 9 | H43: 7 | I43: 4 | J43: 5 | K43: 11 | L43: 7 | M43: 13 | N43: 12 | O43: 11 | P43: 3 | Q43: 9 | R43: 16 | S43: 11 | T43: 5 | U43: 8 | V43: 4 | W43: 6 | X43: 7 | Y43: 22 | Z43: 11 | AA43: 12 | AB43: 9 | AC43: 7 | AD43: 8 | AE43: 9 | AF43: 8 | AG43: =SUM(B43:AF43) -> 273
A44: 23:00 | B44: 4 | C44: 1 | D44: 5 | E44: 6 | F44: 5 | G44: 10 | H44: 5 | I44: 1 | J44: 6 | K44: 4 | L44: 2 | M44: 1 | N44: 5 | O44: 3 | P44: 5 | Q44: 4 | R44: 9 | S44: 1 | T44: 4 | U44: 2 | V44: 7 | W44: 3 | X44: 4 | Y44: 5 | Z44: 8 | AA44: 6 | AB44: 3 | AC44: 4 | AD44: 3 | AE44: 5 | AF44: 3 | AG44: =SUM(B44:AF44) -> 134
A45: 00:00 | B45: 4 | C45: 4 | D45: 1 | E45: 3 | F45: 2 | G45: 3 | H45: 2 | I45: 3 | J45: 5 | K45: 4 | L45: 1 | M45: 4 | N45: 2 | O45: 3 | P45: 1 | Q45: 7 | R45: 1 | S45: 4 | T45: 3 | U45: 2 | W45: 2 | X45: 2 | Y45: 3 | Z45: 3 | AA45: 6 | AB45: 3 | AC45: 7 | AD45: 2 | AE45: 3 | AG45: =SUM(B45:AF45) -> 90
A46: 01:00 | B46: 4 | C46: 2 | D46: 4 | F46: 1 | G46: 3 | H46: 1 | I46: 4 | J46: 5 | K46: 1 | M46: 2 | N46: 7 | O46: 6 | P46: 2 | Q46: 3 | R46: 2 | S46: 3 | T46: 4 | U46: 2 | V46: 3 | W46: 2 | X46: 2 | Y46: 3 | Z46: 3 | AA46: 3 | AB46: 3 | AC46: 4 | AD46: 3 | AE46: 2 | AF46: 7 | AG46: =SUM(B46:AF46) -> 91
A47: 02:00 | B47: 2 | C47: 2 | D47: 1 | E47: 1 | F47: 1 | G47: 4 | I47: 5 | J47: 1 | L47: 1 | N47: 6 | P47: 3 | R47: 2 | S47: 1 | T47: 4 | W47: 4 | X47: 1 | Z47: 2 | AA47: 3 | AC47: 5 | AD47: 1 | AF47: 4 | AG47: =SUM(B47:AF47) -> 54
A48: 03:00 | E48: 1 | F48: 1 | G48: 2 | H48: 2 | I48: 1 | K48: 1 | L48: 2 | M48: 1 | P48: 1 | S48: 1 | U48: 1 | W48: 1 | X48: 2 | Y48: 1 | AA48: 1 | AB48: 1 | AC48: 2 | AD48: 1 | AG48: =SUM(B48:AF48) -> 23
A49: 04:00 | B49: 1 | E49: 3 | G49: 1 | I49: 3 | J49: 3 | L49: 1 | M49: 2 | N49: 2 | O49: 3 | P49: 1 | Q49: 2 | S49: 2 | U49: 2 | W49: 6 | X49: 3 | AA49: 1 | AB49: 1 | AC49: 2 | AF49: 1 | AG49: =SUM(B49:AF49) -> 40
A50: 05:00 | E50: 2 | G50: 1 | I50: 1 | J50: 3 | L50: 1 | P50: 1 | U50: 1 | V50: 1 | X50: 2 | Y50: 1 | AB50: 1 | AG50: =SUM(B50:AF50) -> 15
A51: 06:00 | C51: 2 | D51: 1 | E51: 1 | F51: 1 | H51: 3 | I51: 1 | L51: 1 | Q51: 1 | V51: 1 | Z51: 3 | AA51: 1 | AB51: 2 | AE51: 2 | AF51: 2 | AG51: =SUM(B51:AF51) -> 22
A52: 07:00 | B52: 1 | C52: 1 | D52: 1 | E52: 1 | H52: 1 | I52: 1 | M52: 1 | P52: 3 | T52: 1 | U52: 1 | X52: 1 | Z52: 1 | AB52: 1 | AC52: 2 | AF52: 1 | AG52: =SUM(B52:AF52) -> 18
A53: Total de NSP | B53: =SUM(B54:B77) -> 3 | C53: =SUM(C54:C77) -> 1 | D53: =SUM(D54:D77) -> 8 | E53: =SUM(E54:E77) -> 3 | F53: =SUM(F54:F77) -> 8 | G53: =SUM(G54:G77) -> 7 | H53: =SUM(H54:H77) -> 3 | I53: =SUM(I54:I77) -> 4 | ... AF53: =SUM(AF54:AF77) -> 5 | AG53: =SUM(B53:AF53) -> 240
A54: 08:00 | C54: 1 | P54: 1 | AB54: 1 | AD54: 1 | AG54: =SUM(B54:AF54) -> 4
A55: 09:00 | H55: 1 | I55: 2 | O55: 1 | P55: 1 | Q55: 1 | W55: 1 | AC55: 1 | AG55: =SUM(B55:AF55) -> 8
A56: 10:00 | S56: 1 | T56: 1 | AG56: =SUM(B56:AF56) -> 2
A57: 11:00 | H57: 1 | K57: 1 | Q57: 1 | W57: 1 | AA57: 1 | AD57: 1 | AF57: 1 | AG57: =SUM(B57:AF57) -> 7
A58: 12:00 | I58: 1 | M58: 1 | P58: 1 | Q58: 1 | W58: 1 | X58: 1 | Y58: 1 | AD58: 1 | AG58: =SUM(B58:AF58) -> 8
A59: 13:00 | D59: 1 | U59: 1 | Y59: 3 | AD59: 3 | AF59: 1 | AG59: =SUM(B59:AF59) -> 9
A60: 14:00 | F60: 1 | I60: 1 | J60: 1 | V60: 1 | Y60: 2 | AG60: =SUM(B60:AF60) -> 6
A61: 15:00 | J61: 2 | M61: 1 | N61: 2 | Q61: 1 | S61: 1 | W61: 2 | AD61: 2 | AE61: 1 | AG61: =SUM(B61:AF61) -> 12
A62: 16:00 | B62: 3 | D62: 1 | O62: 1 | P62: 1 | R62: 1 | S62: 1 | T62: 1 | U62: 1 | V62: 1 | W62: 2 | X62: 1 | Y62: 1 | AB62: 1 | AC62: 2 | AD62: 2 | AG62: =SUM(B62:AF62) -> 20
A63: 17:00 | F63: 1 | G63: 2 | H63: 1 | L63: 2 | M63: 1 | O63: 1 | R63: 1 | S63: 2 | T63: 1 | U63: 1 | AB63: 2 | AC63: 2 | AG63: =SUM(B63:AF63) -> 17
A64: 18:00 | F64: 4 | G64: 2 | K64: 1 | M64: 1 | N64: 1 | R64: 6 | S64: 2 | U64: 4 | W64: 1 | Y64: 2 | Z64: 1 | AA64: 1 | AD64: 1 | AG64: =SUM(B64:AF64) -> 27
A65: 19:00 | F65: 2 | G65: 1 | K65: 3 | L65: 3 | N65: 5 | O65: 1 | P65: 1 | R65: 2 | T65: 2 | U65: 2 | X65: 2 | Y65: 9 | Z65: 7 | AC65: 1 | AD65: 2 | AE65: 2 | AF65: 2 | AG65: =SUM(B65:AF65) -> 47
A66: 20:00 | D66: 5 | E66: 1 | K66: 3 | L66: 3 | M66: 2 | R66: 1 | S66: 1 | T66: 3 | Y66: 3 | AA66: 1 | AB66: 3 | AF66: 1 | AG66: =SUM(B66:AF66) -> 27
A67: 21:00 | E67: 1 | O67: 1 | R67: 3 | Y67: 5 | Z67: 2 | AA67: 6 | AG67: =SUM(B67:AF67) -> 18
A68: 22:00 | K68: 2 | L68: 1 | O68: 1 | Q68: 1 | R68: 1 | U68: 1 | Y68: 3 | AG68: =SUM(B68:AF68) -> 10
A69: 23:00 | G69: 2 | J69: 1 | Y69: 2 | AG69: =SUM(B69:AF69) -> 5
A70: 00:00 | D70: 1 | Q70: 2 | Y70: 2 | AG70: =SUM(B70:AF70) -> 5
A71: 01:00 | T71: 1 | V71: 1 | AD71: 1 | AG71: =SUM(B71:AF71) -> 3
A72: 02:00 | N72: 1 | AA72: 1 | AG72: =SUM(B72:AF72) -> 2
A73: 03:00 | E73: 1 | AG73: =SUM(B73:AF73) -> 1
A74: 04:00 | AE74: 1 | AG74: =SUM(B74:AF74) -> 1
A75: 05:00 | AG75: =SUM(B75:AF75) -> 0
A76: 06:00 | AG76: =SUM(B76:AF76) -> 0
A77: 07:00 | W77: 1 | AG77: =SUM(B77:AF77) -> 1
A78: TOTAL PACIENTES INSCRITOS | B78: =SUM(B79:B80) -> 117 | C78: =SUM(C79:C80) -> 111 | D78: =SUM(D79:D80) -> 135 | E78: =SUM(E79:E80) -> 140 | F78: =SUM(F79:F80) -> 118 | G78: =SUM(G79:G80) -> 139 | H78: =SUM(H79:H80) -> 106 | I78: =SUM(I79:I80) -> 140 | ... AF78: =SUM(AF79:AF80) -> 159 | AG78: =SUM(B78:AF78) -> 4600
A79: SAR | B79: =SUM(B4:B27)-B80 -> 117 | C79: =SUM(C4:C27)-C80 -> 111 | D79: =SUM(D4:D27)-D80 -> 135 | E79: =SUM(E4:E27)-E80 -> 140 | F79: =SUM(F4:F27)-F80 -> 91 | G79: =SUM(G4:G27)-G80 -> 112 | H79: =SUM(H4:H27)-H80 -> 68 | I79: =SUM(I4:I27)-I80 -> 140 | ... AF79: =SUM(AF4:AF27)-AF80 -> 97 | AG79: =SUM(B79:AF79) -> 3713
A80: PAR | D80: 0 | E80: 0 | F80: =SUM(F4:F12) -> 27 | G80: =SUM(G4:G12) -> 27 | H80: =SUM(H4:H12) -> 38 | K80: 0 | L80: 0 | M80: =SUM(M4:M12) -> 41 | N80: =SUM(N4:N12) -> 42 | O80: =SUM(O4:O12) -> 53 | R80: =SUM(R4:R12) -> 80 | S80: =SUM(S4:S12) -> 58 | T80: =SUM(T4:T12) -> 55 | U80: =SUM(U4:U12) -> 65 | V80: =SUM(V4:V12) -> 89 | Y80: =SUM(Y4:Y12) -> 90 | AA80: =SUM(AA4:AA12) -> 62 | AB80: =SUM(AB4:AB12) -> 53 | AC80: =SUM(AC4:AC12) -> 45 | AF80: =SUM(AF4:AF12) -> 62 | AG80: =SUM(B80:AF80) -> 887
A81: TOTAL NSP | B81: =SUM(B82:B83) -> 3 | C81: =SUM(C82:C83) -> 1 | D81: =SUM(D82:D83) -> 8 | E81: =SUM(E82:E83) -> 3 | F81: =SUM(F82:F83) -> 8 | G81: =SUM(G82:G83) -> 7 | H81: =SUM(H82:H83) -> 3 | I81: =SUM(I82:I83) -> 4 | ... AF81: =SUM(AF82:AF83) -> 5 | AG81: =SUM(B81:AF81) -> 240 | AH81: =IF(AG81<>AG53,"*","")
A82: PAR | D82: =SUM(D54:D62) -> 2 | E82: =SUM(E54:E62) -> 0 | F82: =SUM(F54:F62) -> 1 | G82: =SUM(G54:G62) -> 0 | H82: =SUM(H54:H62) -> 2 | K82: =SUM(K54:K62) -> 1 | L82: =SUM(L54:L62) -> 0 | M82: =SUM(M54:M62) -> 2 | N82: =SUM(N54:N62) -> 2 | O82: =SUM(O54:O62) -> 2 | R82: =SUM(R54:R62) -> 1 | S82: =SUM(S54:S62) -> 3 | T82: =SUM(T54:T62) -> 2 | U82: =SUM(U54:U62) -> 2 | Y82: =SUM(Y54:Y62) -> 7 | Z82: =SUM(Z54:Z62) -> 0 | AA82: =SUM(AA54:AA62) -> 1 | AB82: =SUM(AB54:AB62) -> 2 | AC82: =SUM(AC54:AC62) -> 3 | AF82: =SUM(AF54:AF62) -> 2 | AG82: =SUM(B82:AF82) -> 35
A83: SAR | B83: =SUM(B54:B77)-B82 -> 3 | C83: =SUM(C54:C77)-C82 -> 1 | D83: =SUM(D54:D77)-D82 -> 6 | E83: =SUM(E54:E77)-E82 -> 3 | F83: =SUM(F54:F77)-F82 -> 7 | G83: =SUM(G54:G77)-G82 -> 7 | H83: =SUM(H54:H77)-H82 -> 1 | I83: =SUM(I54:I77)-I82 -> 4 | ... AF83: =SUM(AF54:AF77)-AF82 -> 3 | AG83: =SUM(B83:AF83) -> 205
A84: NSP PEDIATR. / ADULTOS | B84: =SUM(B85:B86) -> 3 | C84: =SUM(C85:C86) -> 1 | D84: =SUM(D85:D86) -> 8 | E84: =SUM(E85:E86) -> 3 | F84: =SUM(F85:F86) -> 8 | G84: =SUM(G85:G86) -> 7 | H84: =SUM(H85:H86) -> 3 | I84: =SUM(I85:I86) -> 4 | ... AF84: =SUM(AF85:AF86) -> 5 | AG84: =SUM(B84:AF84) -> 240 | AH84: =IF(AG84<>AG82+AG83,"*","") | AI84: NSP
A85: NSP PEDIATRICOS (<15 AÑOS) | B85: 0 | C85: 0 | D85: 0 | E85: 1 | F85: 1 | G85: 1 | H85: 0 | I85: 0 | J85: 0 | K85: 0 | L85: 3 | M85: 0 | N85: 0 | O85: 1 | P85: 0 | Q85: 1 | R85: 2 | S85: 0 | T85: 0 | U85: 0 | V85: 0 | W85: 2 | X85: 1 | Y85: 3 | Z85: 1 | AA85: 0 | AB85: 0 | AC85: 0 | AD85: 2 | AE85: 0 | AF85: 0 | AG85: =SUM(B85:AF85) -> 19
A86: NSP ADULTOS | B86: 3 | C86: 1 | D86: 8 | E86: 2 | F86: 7 | G86: 6 | H86: 3 | I86: 4 | J86: 4 | K86: 10 | L86: 6 | M86: 6 | N86: 9 | O86: 5 | P86: 5 | Q86: 6 | R86: 13 | S86: 8 | T86: 9 | U86: 10 | V86: 3 | W86: 7 | X86: 3 | Y86: 30 | Z86: 9 | AA86: 10 | AB86: 7 | AC86: 6 | AD86: 12 | AE86: 4 | AF86: 5 | AG86: =SUM(B86:AF86) -> 221
A87: NSP CATEGORIZACION | B87: =SUM(B88:B92) -> 3 | C87: =SUM(C88:C92) -> 1 | D87: =SUM(D88:D92) -> 8 | E87: =SUM(E88:E92) -> 3 | F87: =SUM(F88:F92) -> 8 | G87: =SUM(G88:G92) -> 7 | H87: =SUM(H88:H92) -> 3 | I87: =SUM(I88:I92) -> 4 | ... AF87: =SUM(AF88:AF92) -> 5 | AG87: =SUM(B87:AF87) -> 240 | AH87: =IF(AG87<>AG84,"*","")
A88: SIN CATEGORIZACIÓN nsp | D88: 4 | E88: 1 | F88: 6 | G88: 5 | H88: 3 | I88: 2 | J88: 1 | K88: 3 | L88: 3 | M88: 5 | N88: 3 | O88: 2 | P88: 2 | Q88: 4 | R88: 7 | S88: 5 | T88: 4 | U88: 7 | V88: 1 | W88: 5 | Y88: 19 | Z88: 4 | AA88: 9 | AB88: 4 | AC88: 5 | AD88: 7 | AE88: 4 | AF88: 2 | AG88: =SUM(B88:AF88) -> 127
A89: C2 | AG89: =SUM(B89:AF89) -> 0
A90: C3 | J90: 1 | K90: 1 | R90: 3 | T90: 1 | AG90: =SUM(B90:AF90) -> 6
A91: C4 | B91: 1 | C91: 1 | D91: 2 | E91: 1 | F91: 2 | G91: 1 | I91: 2 | J91: 2 | K91: 2 | L91: 5 | M91: 1 | N91: 3 | O91: 4 | Q91: 2 | R91: 1 | S91: 2 | T91: 3 | U91: 1 | V91: 1 | W91: 1 | X91: 1 | Y91: 11 | Z91: 6 | AB91: 2 | AC91: 1 | AD91: 6 | AF91: 2 | AG91: =SUM(B91:AF91) -> 67
A92: C5 | B92: 2 | D92: 2 | E92: 1 | G92: 1 | K92: 4 | L92: 1 | N92: 3 | P92: 3 | Q92: 1 | R92: 4 | S92: 1 | T92: 1 | U92: 2 | V92: 1 | W92: 3 | X92: 3 | Y92: 3 | AA92: 1 | AB92: 1 | AD92: 1 | AF92: 1 | AG92: =SUM(B92:AF92) -> 40
A93: TOTAL PACIENTES ATENDIDOS | B93: =+B94+B100 -> 114 | C93: =+C94+C100 -> 110 | D93: =+D94+D100 -> 127 | E93: =+E94+E100 -> 137 | F93: =+F94+F100 -> 110 | G93: =+G94+G100 -> 132 | H93: =+H94+H100 -> 103 | I93: =+I94+I100 -> 136 | ... AF93: =+AF94+AF100 -> 154 | AG93: =SUM(B93:AF93) -> 4360 | AH93: =IF(AG93<>AG28,"*","")
A94: Menor 15 años | B94: =SUM(B95:B99) -> 6 | C94: =SUM(C95:C99) -> 4 | D94: =SUM(D95:D99) -> 9 | E94: =SUM(E95:E99) -> 9 | F94: =SUM(F95:F99) -> 7 | G94: =SUM(G95:G99) -> 6 | H94: =SUM(H95:H99) -> 6 | I94: =SUM(I95:I99) -> 11 | ... AF94: =SUM(AF95:AF99) -> 7 | AG94: =SUM(B94:AF94) -> 261
A95: Menor 1 Año | B95: 1 | J95: 1 | O95: 1 | P95: 1 | S95: 1 | X95: 1 | AG95: =SUM(B95:AF95) -> 6
A96: 1 Año | I96: 1 | J96: 1 | K96: 1 | M96: 1 | O96: 1 | U96: 1 | V96: 3 | W96: 1 | X96: 2 | AD96: 1 | AG96: =SUM(B96:AF96) -> 13
A97: 2 - 4 | C97: 1 | D97: 1 | E97: 1 | G97: 2 | H97: 1 | I97: 1 | K97: 1 | L97: 1 | O97: 1 | P97: 2 | Q97: 2 | R97: 2 | U97: 1 | V97: 2 | W97: 3 | X97: 1 | Y97: 1 | AA97: 3 | AB97: 3 | AC97: 2 | AD97: 4 | AG97: =SUM(B97:AF97) -> 36
A98: 5 - 9 | B98: 1 | C98: 2 | E98: 4 | F98: 3 | G98: 2 | H98: 2 | I98: 5 | J98: 2 | K98: 4 | L98: 1 | N98: 3 | P98: 1 | Q98: 8 | R98: 2 | S98: 2 | T98: 4 | U98: 2 | V98: 3 | W98: 7 | X98: 8 | Z98: 1 | AA98: 2 | AC98: 1 | AD98: 4 | AE98: 3 | AF98: 2 | AG98: =SUM(B98:AF98) -> 79
A99: 10 - 14 | B99: 4 | C99: 1 | D99: 8 | E99: 4 | F99: 4 | G99: 2 | H99: 3 | I99: 4 | J99: 3 | K99: 3 | L99: 4 | M99: 6 | N99: 6 | O99: 3 | P99: 3 | Q99: 3 | R99: 6 | S99: 11 | T99: 2 | U99: 2 | V99: 2 | W99: 5 | X99: 5 | Y99: 2 | Z99: 4 | AA99: 7 | AB99: 2 | AC99: 3 | AD99: 5 | AE99: 5 | AF99: 5 | AG99: =SUM(B99:AF99) -> 127
A100: Mayor de 15 años | B100: =SUM(B101:B115) -> 108 | C100: =SUM(C101:C115) -> 106 | D100: =SUM(D101:D115) -> 118 | E100: =SUM(E101:E115) -> 128 | F100: =SUM(F101:F115) -> 103 | G100: =SUM(G101:G115) -> 126 | H100: =SUM(H101:H115) -> 97 | I100: =SUM(I101:I115) -> 125 | ... AF100: =SUM(AF101:AF115) -> 147 | AG100: =SUM(B100:AF100) -> 4099
A101: 15 - 19 | B101: 15 | C101: 9 | D101: 11 | E101: 8 | F101: 3 | G101: 8 | H101: 5 | I101: 2 | J101: 7 | K101: 7 | L101: 6 | M101: 5 | N101: 6 | O101: 4 | P101: 10 | Q101: 4 | R101: 5 | S101: 10 | T101: 7 | U101: 8 | V101: 17 | W101: 6 | X101: 7 | Y101: 16 | Z101: 6 | AA101: 14 | AB101: 13 | AC101: 8 | AD101: 10 | AE101: 11 | AF101: 9 | AG101: =SUM(B101:AF101) -> 257
...

Sheet JUNIO
A2: JUNIO | B2: 1 | C2: =+B2+1 -> 2 | D2: =+C2+1 -> 3 | E2: =+D2+1 -> 4 | F2: =+E2+1 -> 5 | G2: =+F2+1 -> 6 | H2: =+G2+1 -> 7 | I2: =+H2+1 -> 8 | J2: =+I2+1 -> 9 | ... AA2: =+Z2+1 -> 26 | AB2: 27 | AC2: =+AB2+1 -> 28 | AD2: 29 | AE2: 30 | AF2: 31 | AG2: TOTAL
A3: Total de Inscritos | B3: =SUM(B4:B27) -> 152 | C3: =SUM(C4:C27) -> 144 | D3: =SUM(D4:D27) -> 172 | E3: =SUM(E4:E27) -> 177 | F3: =SUM(F4:F27) -> 149 | G3: =SUM(G4:G27) -> 153 | H3: =SUM(H4:H27) -> 179 | I3: =SUM(I4:I27) -> 149 | ... AF3: =SUM(AF4:AF27) -> 0 | AG3: =SUM(B3:AF3) -> 4530
A4: 08:00 | B4: 4 | C4: 1 | D4: 9 | E4: 4 | F4: 5 | G4: 6 | H4: 4 | I4: 4 | J4: 4 | K4: 4 | L4: 3 | M4: 4 | N4: 6 | O4: 5 | P4: 5 | Q4: 6 | R4: 3 | S4: 6 | T4: 4 | U4: 4 | V4: 2 | W4: 9 | X4: 9 | Y4: 3 | Z4: 7 | AA4: 3 | AB4: 5 | AC4: 4 | AD4: 3 | AE4: 2 | AG4: =SUM(B4:AF4) -> 138
A5: 09:00 | B5: 3 | C5: 3 | D5: 13 | E5: 6 | F5: 9 | G5: 9 | H5: 8 | I5: 6 | J5: 10 | K5: 4 | L5: 6 | M5: 7 | N5: 7 | O5: 5 | P5: 1 | Q5: 6 | R5: 6 | S5: 4 | T5: 6 | U5: 7 | V5: 8 | W5: 8 | X5: 1 | Y5: 6 | Z5: 2 | AA5: 4 | AB5: 8 | AC5: 7 | AD5: 7 | AE5: 7 | AG5: =SUM(B5:AF5) -> 184
A6: 10:00 | B6: 7 | C6: 3 | D6: 5 | E6: 6 | F6: 13 | G6: 8 | H6: 6 | I6: 5 | J6: 7 | K6: 6 | L6: 2 | M6: 15 | N6: 7 | O6: 7 | P6: 5 | Q6: 5 | R6: 2 | S6: 1 | T6: 11 | U6: 5 | V6: 11 | W6: 14 | X6: 7 | Y6: 6 | Z6: 5 | AA6: 11 | AB6: 3 | AC6: 5 | AD6: 6 | AE6: 8 | AG6: =SUM(B6:AF6) -> 202
A7: 11:00 | B7: 7 | C7: 4 | D7: 7 | E7: 7 | F7: 9 | G7: 10 | H7: 14 | I7: 8 | J7: 11 | K7: 6 | L7: 2 | M7: 13 | N7: 11 | O7: 2 | P7: 4 | Q7: 5 | R7: 3 | S7: 8 | T7: 8 | U7: 9 | V7: 5 | W7: 11 | X7: 12 | Y7: 4 | Z7: 9 | AA7: 5 | AB7: 9 | AC7: 7 | AD7: 9 | AE7: 7 | AG7: =SUM(B7:AF7) -> 226
A8: 12:00 | B8: 5 | C8: 9 | D8: 6 | E8: 8 | F8: 7 | G8: 12 | H8: 7 | I8: 8 | J8: 2 | K8: 13 | L8: 3 | M8: 13 | N8: 12 | O8: 14 | P8: 5 | Q8: 8 | R8: 7 | S8: 4 | T8: 18 | U8: 9 | V8: 11 | W8: 9 | X8: 9 | Y8: 10 | Z8: 6 | AA8: 10 | AB8: 7 | AC8: 7 | AD8: 4 | AE8: 6 | AG8: =SUM(B8:AF8) -> 249
A9: 13:00 | B9: 3 | C9: 7 | D9: 1 | E9: 5 | F9: 12 | G9: 9 | H9: 5 | I9: 4 | K9: 4 | L9: 5 | M9: 21 | N9: 11 | O9: 3 | P9: 1 | Q9: 5 | R9: 7 | S9: 2 | T9: 8 | U9: 8 | V9: 11 | W9: 7 | X9: 3 | Y9: 7 | Z9: 5 | AA9: 10 | AB9: 10 | AC9: 5 | AD9: 5 | AE9: 2 | AG9: =SUM(B9:AF9) -> 186
A10: 14:00 | B10: 7 | C10: 10 | D10: 4 | E10: 5 | F10: 9 | G10: 8 | H10: 5 | I10: 7 | K10: 2 | L10: 4 | M10: 9 | N10: 9 | O10: 11 | P10: 5 | Q10: 9 | R10: 7 | S10: 2 | T10: 8 | U10: 8 | V10: 12 | W10: 7 | X10: 4 | Y10: 1 | Z10: 2 | AA10: 7 | AB10: 6 | AC10: 12 | AD10: 2 | AE10: 2 | AG10: =SUM(B10:AF10) -> 184
A11: 15:00 | B11: 6 | C11: 4 | D11: 9 | E11: 6 | F11: 13 | G11: 10 | H11: 6 | I11: 5 | J11: 3 | K11: 9 | L11: 11 | M11: 12 | N11: 14 | O11: 6 | P11: 3 | Q11: 10 | R11: 3 | S11: 4 | T11: 8 | U11: 13 | V11: 17 | W11: 8 | X11: 7 | Y11: 4 | Z11: 5 | AA11: 20 | AB11: 14 | AC11: 15 | AD11: 7 | AE11: 4 | AG11: =SUM(B11:AF11) -> 256
A12: 16:00 | B12: 7 | C12: 11 | D12: 7 | E12: 8 | F12: 10 | G12: 11 | H12: 8 | I12: 15 | J12: 6 | K12: 4 | L12: 8 | M12: 12 | N12: 15 | O12: 6 | P12: 8 | Q12: 6 | R12: 5 | S12: 6 | T12: 14 | U12: 6 | V12: 16 | W12: 5 | X12: 7 | Y12: 7 | Z12: 4 | AA12: 11 | AB12: 8 | AC12: 17 | AD12: 9 | AE12: 6 | AG12: =SUM(B12:AF12) -> 263
A13: 17:00 | B13: 44 | C13: 27 | D13: 39 | E13: 44 | F13: 8 | G13: 14 | H13: 41 | I13: 47 | J13: 35 | K13: 47 | L13: 33 | M13: 15 | N13: 12 | O13: 51 | P13: 24 | Q13: 35 | R13: 36 | S13: 27 | T13: 14 | U13: 13 | V13: 13 | W13: 48 | X13: 33 | Y13: 27 | Z13: 59 | AA13: 10 | AB13: 13 | AC13: 9 | AD13: 42 | AE13: 30 | AG13: =SUM(B13:AF13) -> 890
A14: 18:00 | B14: 19 | C14: 13 | D14: 13 | E14: 10 | F14: 12 | G14: 18 | H14: 16 | I14: 5 | J14: 12 | K14: 11 | L14: 15 | M14: 9 | N14: 4 | O14: 20 | P14: 8 | Q14: 12 | R14: 13 | S14: 20 | T14: 10 | U14: 8 | V14: 13 | W14: 16 | X14: 16 | Y14: 16 | Z14: 9 | AA14: 17 | AB14: 11 | AC14: 17 | AD14: 11 | AE14: 14 | AG14: =SUM(B14:AF14) -> 388
A15: 19:00 | B15: 9 | C15: 11 | D15: 13 | E15: 13 | F15: 6 | G15: 7 | H15: 13 | I15: 9 | J15: 16 | K15: 8 | L15: 10 | M15: 9 | N15: 10 | O15: 14 | P15: 5 | Q15: 10 | R15: 12 | S15: 9 | T15: 6 | U15: 6 | V15: 12 | W15: 10 | X15: 19 | Y15: 7 | Z15: 8 | AA15: 12 | AB15: 6 | AC15: 7 | AD15: 14 | AE15: 12 | AG15: =SUM(B15:AF15) -> 303
A16: 20:00 | B16: 5 | C16: 11 | D16: 15 | E16: 9 | F16: 7 | G16: 10 | H16: 11 | I16: 4 | J16: 8 | K16: 13 | L16: 3 | M16: 13 | N16: 17 | O16: 7 | P16: 9 | Q16: 12 | R16: 8 | S16: 12 | T16: 8 | U16: 8 | V16: 7 | W16: 8 | X16: 9 | Y16: 6 | Z16: 12 | AA16: 7 | AB16: 5 | AC16: 9 | AD16: 10 | AE16: 6 | AG16: =SUM(B16:AF16) -> 269
A17: 21:00 | B17: 7 | C17: 6 | D17: 6 | E17: 11 | F17: 9 | G17: 4 | H17: 13 | I17: 5 | J17: 10 | K17: 2 | L17: 10 | M17: 4 | N17: 4 | O17: 12 | P17: 15 | Q17: 5 | R17: 8 | S17: 15 | T17: 7 | U17: 3 | V17: 6 | W17: 10 | X17: 8 | Y17: 4 | Z17: 2 | AA17: 6 | AB17: 10 | AC17: 7 | AD17: 10 | AE17: 8 | AG17: =SUM(B17:AF17) -> 227
A18: 22:00 | B18: 3 | C18: 9 | D18: 6 | E18: 11 | F18: 11 | G18: 5 | H18: 8 | I18: 6 | J18: 11 | K18: 4 | L18: 6 | M18: 7 | N18: 4 | O18: 3 | P18: 8 | Q18: 5 | R18: 6 | S18: 2 | T18: 8 | U18: 6 | V18: 4 | W18: 5 | X18: 4 | Y18: 4 | Z18: 3 | AA18: 2 | AB18: 3 | AC18: 7 | AD18: 5 | AE18: 3 | AG18: =SUM(B18:AF18) -> 169
A19: 23:00 | B19: 5 | C19: 6 | D19: 5 | E19: 2 | F19: 1 | G19: 3 | H19: 4 | I19: 3 | J19: 5 | K19: 4 | L19: 6 | M19: 4 | N19: 1 | O19: 2 | P19: 3 | Q19: 4 | R19: 1 | S19: 2 | T19: 5 | U19: 6 | V19: 5 | W19: 7 | X19: 2 | Y19: 5 | Z19: 2 | AA19: 3 | AB19: 2 | AC19: 5 | AD19: 5 | AE19: 1 | AG19: =SUM(B19:AF19) -> 109
A20: 00:00 | B20: 3 | C20: 3 | D20: 2 | E20: 8 | F20: 5 | G20: 5 | H20: 4 | I20: 1 | J20: 2 | K20: 1 | L20: 1 | M20: 3 | N20: 7 | O20: 3 | P20: 5 | Q20: 4 | R20: 1 | T20: 4 | U20: 1 | V20: 4 | Y20: 7 | Z20: 3 | AA20: 3 | AC20: 2 | AD20: 3 | AG20: =SUM(B20:AF20) -> 85
A21: 01:00 | B21: 3 | C21: 1 | D21: 2 | E21: 1 | F21: 1 | H21: 2 | I21: 1 | J21: 1 | K21: 1 | L21: 3 | N21: 1 | O21: 3 | P21: 3 | Q21: 2 | R21: 3 | S21: 1 | T21: 2 | V21: 2 | W21: 1 | Y21: 2 | Z21: 1 | AB21: 2 | AC21: 2 | AD21: 3 | AG21: =SUM(B21:AF21) -> 44
A22: 02:00 | B22: 1 | C22: 2 | D22: 1 | E22: 4 | H22: 1 | I22: 2 | K22: 3 | L22: 2 | N22: 2 | O22: 1 | Q22: 2 | R22: 1 | U22: 3 | X22: 1 | Y22: 1 | Z22: 1 | AB22: 2 | AD22: 2 | AE22: 2 | AG22: =SUM(B22:AF22) -> 34
A23: 03:00 | D23: 3 | E23: 1 | G23: 2 | H23: 1 | K23: 2 | L23: 2 | M23: 1 | O23: 1 | R23: 2 | S23: 1 | U23: 3 | W23: 1 | X23: 1 | Z23: 3 | AA23: 2 | AE23: 3 | AG23: =SUM(B23:AF23) -> 29
A24: 04:00 | C24: 1 | E24: 3 | G24: 1 | I24: 2 | K24: 1 | M24: 2 | N24: 1 | O24: 1 | P24: 1 | Q24: 1 | R24: 1 | U24: 1 | W24: 2 | X24: 2 | Y24: 1 | Z24: 1 | AA24: 1 | AC24: 1 | AD24: 1 | AG24: =SUM(B24:AF24) -> 25
A25: 05:00 | B25: 1 | C25: 1 | D25: 2 | E25: 2 | H25: 1 | I25: 2 | L25: 2 | R25: 1 | T25: 2 | U25: 2 | W25: 1 | Y25: 1 | AA25: 1 | AC25: 1 | AD25: 2 | AG25: =SUM(B25:AF25) -> 22
A26: 06:00 | B26: 1 | C26: 1 | D26: 3 | E26: 1 | L26: 2 | M26: 5 | N26: 1 | O26: 1 | R26: 1 | S26: 1 | U26: 2 | X26: 2 | AE26: 3 | AG26: =SUM(B26:AF26) -> 24
A27: 07:00 | B27: 2 | D27: 1 | E27: 2 | F27: 2 | G27: 1 | H27: 1 | K27: 1 | L27: 3 | N27: 1 | T27: 1 | U27: 1 | X27: 1 | Y27: 1 | AA27: 2 | AB27: 1 | AD27: 2 | AE27: 1 | AG27: =SUM(B27:AF27) -> 24
A28: Total de atendidos | B28: =SUM(B29:B52) -> 145 | C28: =SUM(C29:C52) -> 137 | D28: =SUM(D29:D52) -> 169 | E28: =SUM(E29:E52) -> 164 | F28: =SUM(F29:F52) -> 144 | G28: =SUM(G29:G52) -> 149 | H28: =SUM(H29:H52) -> 164 | I28: =SUM(I29:I52) -> 139 | ... AF28: =SUM(AF29:AF52) -> 0 | AG28: =SUM(B28:AF28) -> 4348
A29: 08:00 | B29: 2 | D29: 3 | E29: 3 | F29: 4 | G29: 2 | H29: 1 | I29: 3 | J29: 1 | L29: 3 | M29: 3 | N29: 3 | O29: 1 | P29: 4 | R29: 1 | T29: 1 | U29: 1 | V29: 2 | W29: 4 | X29: 1 | Y29: 2 | Z29: 2 | AA29: 3 | AB29: 3 | AC29: 2 | AD29: 1 | AG29: =SUM(B29:AF29) -> 56
A30: 09:00 | B30: 4 | C30: 3 | D30: 9 | E30: 4 | F30: 6 | G30: 11 | H30: 7 | I30: 4 | J30: 7 | K30: 6 | L30: 4 | M30: 4 | N30: 3 | O30: 7 | P30: 1 | Q30: 8 | R30: 5 | S30: 6 | T30: 6 | U30: 6 | V30: 5 | W30: 8 | X30: 8 | Y30: 5 | Z30: 6 | AA30: 3 | AB30: 5 | AC30: 4 | AD30: 8 | AE30: 4 | AG30: =SUM(B30:AF30) -> 167
A31: 10:00 | B31: 4 | C31: 1 | D31: 14 | E31: 4 | F31: 8 | G31: 8 | H31: 5 | I31: 7 | J31: 10 | K31: 7 | L31: 3 | M31: 10 | N31: 12 | O31: 5 | P31: 3 | Q31: 4 | R31: 3 | S31: 2 | T31: 10 | U31: 5 | V31: 11 | W31: 6 | X31: 3 | Y31: 8 | Z31: 3 | AA31: 6 | AB31: 6 | AC31: 7 | AD31: 7 | AE31: 11 | AG31: =SUM(B31:AF31) -> 193
A32: 11:00 | B32: 6 | C32: 5 | D32: 3 | E32: 9 | F32: 10 | G32: 10 | H32: 7 | I32: 7 | J32: 5 | K32: 2 | M32: 10 | N32: 8 | O32: 4 | P32: 6 | Q32: 6 | R32: 5 | S32: 8 | T32: 9 | U32: 8 | V32: 7 | W32: 8 | X32: 8 | Y32: 2 | Z32: 8 | AA32: 11 | AB32: 8 | AC32: 5 | AD32: 4 | AE32: 7 | AG32: =SUM(B32:AF32) -> 196
A33: 12:00 | B33: 8 | C33: 6 | D33: 8 | E33: 4 | F33: 7 | G33: 10 | H33: 7 | I33: 7 | J33: 7 | K33: 7 | L33: 5 | M33: 13 | N33: 15 | O33: 7 | P33: 6 | Q33: 6 | S33: 5 | T33: 10 | U33: 9 | V33: 6 | W33: 6 | X33: 15 | Y33: 7 | Z33: 5 | AA33: 4 | AB33: 9 | AC33: 5 | AD33: 7 | AE33: 3 | AG33: =SUM(B33:AF33) -> 214
A34: 13:00 | B34: 5 | C34: 2 | D34: 4 | E34: 3 | F34: 15 | G34: 10 | I34: 2 | J34: 4 | K34: 1 | L34: 2 | M34: 15 | N34: 9 | O34: 10 | Q34: 5 | R34: 5 | S34: 2 | T34: 13 | U34: 10 | V34: 11 | W34: 4 | X34: 3 | Y34: 10 | Z34: 6 | AA34: 9 | AB34: 9 | AC34: 9 | AD34: 1 | AE34: 6 | AG34: =SUM(B34:AF34) -> 185
A35: 14:00 | B35: 2 | C35: 10 | D35: 3 | E35: 5 | F35: 9 | G35: 5 | H35: 7 | I35: 7 | K35: 9 | L35: 3 | M35: 5 | N35: 8 | O35: 2 | P35: 3 | Q35: 6 | R35: 9 | S35: 3 | T35: 8 | U35: 3 | V35: 10 | W35: 8 | X35: 5 | Y35: 3 | Z35: 3 | AA35: 14 | AB35: 7 | AC35: 7 | AD35: 3 | AE35: 2 | AG35: =SUM(B35:AF35) -> 169
A36: 15:00 | B36: 8 | C36: 9 | D36: 4 | E36: 6 | F36: 5 | G36: 10 | H36: 5 | I36: 6 | J36: 2 | K36: 9 | L36: 9 | M36: 19 | N36: 16 | O36: 10 | P36: 4 | Q36: 10 | R36: 4 | S36: 4 | T36: 10 | U36: 13 | V36: 15 | W36: 11 | X36: 7 | Y36: 2 | Z36: 3 | AA36: 2 | AB36: 8 | AC36: 16 | AD36: 13 | AE36: 2 | AG36: =SUM(B36:AF36) -> 242
A37: 16:00 | B37: 8 | C37: 5 | D37: 8 | E37: 1 | F37: 12 | G37: 7 | H37: 7 | I37: 4 | J37: 3 | K37: 5 | L37: 7 | M37: 17 | N37: 11 | O37: 7 | P37: 3 | Q37: 10 | R37: 6 | S37: 4 | T37: 13 | U37: 10 | V37: 20 | W37: 5 | X37: 4 | Y37: 6 | Z37: 4 | AA37: 26 | AB37: 11 | AC37: 13 | AD37: 3 | AE37: 6 | AG37: =SUM(B37:AF37) -> 246
A38: 17:00 | B38: 6 | C38: 9 | D38: 7 | E38: 10 | F38: 13 | G38: 15 | H38: 8 | I38: 12 | J38: 7 | K38: 7 | L38: 9 | M38: 8 | N38: 14 | O38: 6 | P38: 10 | Q38: 3 | R38: 11 | S38: 10 | T38: 8 | U38: 10 | V38: 10 | W38: 7 | X38: 5 | Y38: 9 | Z38: 4 | AA38: 6 | AB38: 13 | AC38: 14 | AD38: 10 | AE38: 6 | AG38: =SUM(B38:AF38) -> 267
A39: 18:00 | B39: 15 | C39: 19 | D39: 25 | E39: 25 | F39: 10 | G39: 20 | H39: 22 | I39: 23 | J39: 14 | K39: 19 | L39: 13 | M39: 15 | N39: 8 | O39: 17 | P39: 21 | Q39: 16 | R39: 15 | S39: 19 | T39: 19 | U39: 11 | V39: 11 | W39: 20 | X39: 19 | Y39: 14 | Z39: 25 | AA39: 16 | AB39: 13 | AC39: 20 | AD39: 15 | AE39: 14 | AG39: =SUM(B39:AF39) -> 513
A40: 19:00 | B40: 24 | C40: 19 | D40: 17 | E40: 18 | F40: 5 | G40: 11 | H40: 23 | I40: 22 | J40: 22 | K40: 18 | L40: 17 | M40: 11 | N40: 9 | O40: 25 | P40: 9 | Q40: 24 | R40: 19 | S40: 21 | T40: 5 | U40: 4 | V40: 15 | W40: 25 | X40: 25 | Y40: 23 | Z40: 24 | AA40: 16 | AB40: 5 | AC40: 10 | AD40: 26 | AE40: 21 | AG40: =SUM(B40:AF40) -> 513
A41: 20:00 | B41: 17 | C41: 15 | D41: 21 | E41: 18 | F41: 11 | G41: 6 | H41: 16 | I41: 15 | J41: 18 | K41: 23 | L41: 14 | M41: 9 | N41: 8 | O41: 22 | P41: 9 | Q41: 19 | R41: 17 | S41: 16 | T41: 5 | U41: 9 | V41: 8 | W41: 21 | X41: 14 | Y41: 8 | Z41: 16 | AA41: 10 | AB41: 7 | AC41: 6 | AD41: 15 | AE41: 16 | AG41: =SUM(B41:AF41) -> 409
A42: 21:00 | B42: 12 | C42: 8 | D42: 15 | E42: 14 | F42: 4 | G42: 8 | H42: 18 | I42: 4 | J42: 14 | K42: 15 | L42: 15 | M42: 9 | N42: 13 | O42: 15 | P42: 7 | Q42: 9 | R42: 12 | S42: 11 | T42: 11 | U42: 6 | V42: 6 | W42: 17 | X42: 13 | Y42: 8 | Z42: 12 | AA42: 7 | AB42: 9 | AC42: 8 | AD42: 13 | AE42: 9 | AG42: =SUM(B42:AF42) -> 322
A43: 22:00 | B43: 7 | C43: 10 | D43: 6 | E43: 9 | F43: 10 | G43: 5 | H43: 15 | I43: 5 | J43: 11 | K43: 3 | L43: 7 | M43: 6 | N43: 3 | O43: 10 | P43: 12 | Q43: 7 | R43: 9 | S43: 7 | T43: 5 | U43: 5 | V43: 5 | W43: 9 | X43: 7 | Y43: 3 | Z43: 2 | AA43: 3 | AB43: 4 | AC43: 4 | AD43: 9 | AE43: 5 | AG43: =SUM(B43:AF43) -> 203
A44: 23:00 | B44: 5 | C44: 5 | D44: 7 | E44: 8 | F44: 8 | G44: 3 | H44: 3 | I44: 1 | J44: 8 | K44: 7 | L44: 6 | M44: 6 | N44: 3 | O44: 4 | P44: 6 | Q44: 3 | R44: 3 | S44: 4 | T44: 2 | U44: 4 | V44: 7 | W44: 6 | X44: 4 | Y44: 4 | Z44: 3 | AA44: 2 | AB44: 2 | AC44: 7 | AD44: 6 | AE44: 1 | AG44: =SUM(B44:AF44) -> 138
A45: 00:00 | B45: 2 | C45: 5 | D45: 2 | E45: 5 | F45: 4 | G45: 4 | H45: 7 | I45: 3 | J45: 4 | L45: 5 | M45: 4 | N45: 4 | O45: 1 | P45: 6 | Q45: 3 | T45: 8 | U45: 3 | V45: 3 | W45: 3 | X45: 2 | Y45: 7 | Z45: 2 | AA45: 3 | AC45: 2 | AD45: 2 | AE45: 1 | AG45: =SUM(B45:AF45) -> 95
A46: 01:00 | B46: 4 | C46: 1 | D46: 2 | E46: 5 | F46: 3 | G46: 1 | H46: 2 | I46: 1 | J46: 2 | K46: 1 | L46: 1 | M46: 1 | N46: 4 | O46: 5 | P46: 4 | Q46: 4 | R46: 4 | S46: 1 | T46: 4 | U46: 1 | V46: 1 | W46: 1 | Y46: 4 | Z46: 3 | AA46: 1 | AB46: 2 | AC46: 3 | AD46: 5 | AG46: =SUM(B46:AF46) -> 71
A47: 02:00 | B47: 2 | D47: 2 | E47: 3 | H47: 1 | I47: 1 | K47: 3 | L47: 4 | N47: 1 | O47: 1 | Q47: 1 | T47: 2 | U47: 1 | V47: 2 | Y47: 1 | Z47: 2 | AB47: 2 | AD47: 2 | AE47: 1 | AG47: =SUM(B47:AF47) -> 32
A48: 03:00 | C48: 2 | D48: 3 | E48: 2 | G48: 2 | I48: 1 | K48: 2 | M48: 1 | O48: 1 | Q48: 1 | U48: 3 | X48: 2 | Z48: 3 | AA48: 2 | AE48: 3 | AG48: =SUM(B48:AF48) -> 28
A49: 04:00 | C49: 1 | E49: 2 | H49: 1 | I49: 2 | K49: 2 | L49: 2 | N49: 1 | O49: 1 | P49: 1 | Q49: 1 | R49: 1 | U49: 3 | W49: 2 | X49: 2 | Y49: 1 | Z49: 1 | AA49: 1 | AC49: 1 | AE49: 1 | AG49: =SUM(B49:AF49) -> 27
A50: 05:00 | B50: 1 | D50: 1 | E50: 3 | G50: 1 | H50: 1 | I50: 1 | M50: 2 | R50: 1 | T50: 1 | U50: 1 | Y50: 1 | AC50: 1 | AD50: 1 | AG50: =SUM(B50:AF50) -> 16
A51: 06:00 | C51: 2 | D51: 4 | E51: 1 | I51: 1 | L51: 3 | M51: 2 | N51: 1 | O51: 1 | R51: 2 | S51: 1 | T51: 1 | U51: 3 | W51: 1 | X51: 1 | AA51: 1 | AD51: 2 | AE51: 2 | AG51: =SUM(B51:AF51) -> 29
A52: 07:00 | B52: 3 | D52: 1 | E52: 2 | H52: 1 | L52: 2 | M52: 2 | U52: 1 | X52: 2 | AD52: 1 | AE52: 2 | AG52: =SUM(B52:AF52) -> 17
A53: Total de NSP | B53: =SUM(B54:B77) -> 7 | C53: =SUM(C54:C77) -> 7 | D53: =SUM(D54:D77) -> 3 | E53: =SUM(E54:E77) -> 13 | F53: =SUM(F54:F77) -> 5 | G53: =SUM(G54:G77) -> 4 | H53: =SUM(H54:H77) -> 15 | I53: =SUM(I54:I77) -> 10 | ... AF53: =SUM(AF54:AF77) -> 0 | AG53: =SUM(B53:AF53) -> 182
A54: 08:00 | H54: 1 | K54: 1 | AG54: =SUM(B54:AF54) -> 2
A55: 09:00 | L55: 3 | Q55: 1 | AG55: =SUM(B55:AF55) -> 4
A56: 10:00 | O56: 1 | AG56: =SUM(B56:AF56) -> 1
A57: 11:00 | G57: 1 | H57: 1 | AG57: =SUM(B57:AF57) -> 2
A58: 12:00 | E58: 5 | F58: 1 | M58: 2 | U58: 1 | W58: 1 | Z58: 2 | AG58: =SUM(B58:AF58) -> 12
A59: 13:00 | F59: 1 | M59: 1 | Q59: 1 | W59: 1 | Y59: 1 | AA59: 1 | AG59: =SUM(B59:AF59) -> 6
A60: 14:00 | F60: 1 | P60: 1 | V60: 1 | AB60: 1 | AG60: =SUM(B60:AF60) -> 4
A61: 15:00 | C61: 2 | D61: 2 | F61: 1 | H61: 4 | I61: 1 | V61: 1 | W61: 3 | AG61: =SUM(B61:AF61) -> 14
A62: 16:00 | C62: 1 | H62: 4 | I62: 1 | M62: 2 | V62: 1 | AE62: 1 | AG62: =SUM(B62:AF62) -> 10
A63: 17:00 | E63: 1 | G63: 1 | I63: 1 | N63: 1 | P63: 1 | S63: 1 | V63: 1 | W63: 2 | Z63: 1 | AG63: =SUM(B63:AF63) -> 10
A64: 18:00 | C64: 2 | E64: 1 | G64: 1 | I64: 2 | J64: 1 | L64: 1 | O64: 1 | Q64: 1 | X64: 2 | Z64: 2 | AD64: 1 | AG64: =SUM(B64:AF64) -> 15
A65: 19:00 | B65: 7 | E65: 3 | F65: 1 | I65: 3 | J65: 1 | K65: 1 | O65: 6 | Q65: 2 | W65: 3 | X65: 4 | Y65: 1 | Z65: 6 | AD65: 4 | AE65: 2 | AG65: =SUM(B65:AF65) -> 44
A66: 20:00 | D66: 1 | E66: 1 | H66: 1 | J66: 1 | K66: 1 | L66: 3 | O66: 4 | W66: 2 | X66: 1 | AD66: 1 | AE66: 1 | AG66: =SUM(B66:AF66) -> 17
A67: 21:00 | C67: 1 | E67: 2 | G67: 1 | H67: 4 | J67: 1 | L67: 1 | N67: 1 | O67: 3 | P67: 1 | R67: 2 | T67: 1 | U67: 1 | W67: 1 | Z67: 1 | AB67: 1 | AD67: 1 | AG67: =SUM(B67:AF67) -> 23
A68: 22:00 | C68: 1 | I68: 2 | O68: 1 | Q68: 1 | R68: 1 | S68: 1 | W68: 1 | AC68: 1 | AG68: =SUM(B68:AF68) -> 9
A69: 23:00 | K69: 1 | AC69: 1 | AD69: 1 | AG69: =SUM(B69:AF69) -> 3
A70: 00:00 | AG70: =SUM(B70:AF70) -> 0
A71: 01:00 | AG71: =SUM(B71:AF71) -> 0
A72: 02:00 | N72: 1 | R72: 1 | AG72: =SUM(B72:AF72) -> 2
A73: 03:00 | R73: 1 | W73: 1 | AG73: =SUM(B73:AF73) -> 2
A74: 04:00 | S74: 1 | AG74: =SUM(B74:AF74) -> 1
A75: 05:00 | AG75: =SUM(B75:AF75) -> 0
A76: 06:00 | M76: 1 | AG76: =SUM(B76:AF76) -> 1
A77: 07:00 | AG77: =SUM(B77:AF77) -> 0
A78: TOTAL PACIENTES INSCRITOS | B78: =SUM(B79:B80) -> 152 | C78: =SUM(C79:C80) -> 144 | D78: =SUM(D79:D80) -> 172 | E78: =SUM(E79:E80) -> 177 | F78: =SUM(F79:F80) -> 149 | G78: =SUM(G79:G80) -> 153 | H78: =SUM(H79:H80) -> 179 | I78: =SUM(I79:I80) -> 149 | ... AF78: =SUM(AF79:AF80) -> 0 | AG78: =SUM(B78:AF78) -> 4530
A79: SAR | B79: =SUM(B4:B27)-B80 -> 152 | C79: =SUM(C4:C27)-C80 -> 144 | D79: =SUM(D4:D27)-D80 -> 172 | E79: =SUM(E4:E27)-E80 -> 177 | F79: =SUM(F4:F27)-F80 -> 62 | G79: =SUM(G4:G27)-G80 -> 70 | H79: =SUM(H4:H27)-H80 -> 116 | I79: =SUM(I4:I27)-I80 -> 149 | ... AF79: =SUM(AF4:AF27)-AF80 -> 0 | AG79: =SUM(B79:AF79) -> 3435
A80: PAR | D80: 0 | E80: 0 | F80: =SUM(F4:F12) -> 87 | G80: =SUM(G4:G12) -> 83 | H80: =SUM(H4:H12) -> 63 | K80: 0 | L80: 0 | M80: =SUM(M4:M12) -> 106 | N80: =SUM(N4:N12) -> 92 | O80: =SUM(O4:O12) -> 59 | R80: =SUM(R4:R12) -> 43 | S80: =SUM(S4:S12) -> 37 | T80: =SUM(T4:T12) -> 85 | U80: =SUM(U4:U12) -> 69 | V80: =SUM(V4:V12) -> 93 | Y80: =SUM(Y4:Y12) -> 48 | AA80: =SUM(AA4:AA12) -> 81 | AB80: =SUM(AB4:AB12) -> 70 | AC80: =SUM(AC4:AC12) -> 79 | AF80: =SUM(AF4:AF12) -> 0 | AG80: =SUM(B80:AF80) -> 1095
A81: TOTAL NSP | B81: =SUM(B82:B83) -> 7 | C81: =SUM(C82:C83) -> 7 | D81: =SUM(D82:D83) -> 3 | E81: =SUM(E82:E83) -> 13 | F81: =SUM(F82:F83) -> 5 | G81: =SUM(G82:G83) -> 4 | H81: =SUM(H82:H83) -> 15 | I81: =SUM(I82:I83) -> 10 | ... AF81: =SUM(AF82:AF83) -> 0 | AG81: =SUM(B81:AF81) -> 182 | AH81: =IF(AG81<>AG53,"*","")
A82: PAR | B82: =SUM(B54:B62) -> 0 | C82: =SUM(C54:C62) -> 3 | D82: =SUM(D54:D62) -> 2 | E82: =SUM(E54:E62) -> 5 | H82: =SUM(H54:H62) -> 10 | I82: =SUM(I54:I62) -> 2 | J82: =SUM(J54:J62) -> 0 | K82: =SUM(K54:K62) -> 1 | L82: =SUM(L54:L62) -> 3 | O82: =SUM(O54:O62) -> 1 | P82: =SUM(P54:P62) -> 1 | Q82: =SUM(Q54:Q62) -> 2 | R82: =SUM(R54:R62) -> 0 | S82: =SUM(S54:S62) -> 0 | V82: =SUM(V54:V62) -> 3 | W82: =SUM(W54:W62) -> 5 | X82: =SUM(X54:X62) -> 0 | Y82: =SUM(Y54:Y62) -> 1 | Z82: =SUM(Z54:Z62) -> 2 | AD82: =SUM(AD54:AD62) -> 0 | AE82: =SUM(AE54:AE62) -> 1 | AF82: =SUM(AF54:AF62) -> 0 | AG82: =SUM(B82:AF82) -> 42
A83: SAR | B83: =SUM(B54:B77)-B82 -> 7 | C83: =SUM(C54:C77)-C82 -> 4 | D83: =SUM(D54:D77)-D82 -> 1 | E83: =SUM(E54:E77)-E82 -> 8 | F83: =SUM(F54:F77)-F82 -> 5 | G83: =SUM(G54:G77)-G82 -> 4 | H83: =SUM(H54:H77)-H82 -> 5 | I83: =SUM(I54:I77)-I82 -> 8 | ... AF83: =SUM(AF54:AF77)-AF82 -> 0 | AG83: =SUM(B83:AF83) -> 140
A84: NSP PEDIATR. / ADULTOS | B84: =SUM(B85:B86) -> 7 | C84: =SUM(C85:C86) -> 7 | D84: =SUM(D85:D86) -> 3 | E84: =SUM(E85:E86) -> 13 | F84: =SUM(F85:F86) -> 5 | G84: =SUM(G85:G86) -> 4 | H84: =SUM(H85:H86) -> 15 | I84: =SUM(I85:I86) -> 10 | ... AF84: =SUM(AF85:AF86) -> 0 | AG84: =SUM(B84:AF84) -> 182 | AH84: =IF(AG84<>AG82+AG83,"*","") | AI84: NSP
A85: NSP PEDIATRICOS (<15 AÑOS) | B85: 0 | C85: 1 | D85: 1 | E85: 0 | F85: 1 | G85: 2 | H85: 0 | I85: 1 | J85: 0 | K85: 0 | L85: 2 | M85: 0 | N85: 0 | O85: 1 | P85: 0 | Q85: 0 | R85: 0 | S85: 0 | T85: 0 | U85: 0 | V85: 0 | W85: 2 | X85: 1 | Y85: 0 | Z85: 1 | AA85: 0 | AB85: 0 | AC85: 0 | AD85: 2 | AE85: 0 | AG85: =SUM(B85:AF85) -> 15
A86: NSP ADULTOS | B86: 7 | C86: 6 | D86: 2 | E86: 13 | F86: 4 | G86: 2 | H86: 15 | I86: 9 | J86: 4 | K86: 4 | L86: 6 | M86: 6 | N86: 3 | O86: 15 | P86: 3 | Q86: 6 | R86: 5 | S86: 3 | T86: 1 | U86: 2 | V86: 4 | W86: 13 | X86: 6 | Y86: 2 | Z86: 11 | AA86: 1 | AB86: 2 | AC86: 2 | AD86: 6 | AE86: 4 | AG86: =SUM(B86:AF86) -> 167
A87: NSP CATEGORIZACION | B87: =SUM(B88:B92) -> 7 | C87: =SUM(C88:C92) -> 7 | D87: =SUM(D88:D92) -> 3 | E87: =SUM(E88:E92) -> 13 | F87: =SUM(F88:F92) -> 5 | G87: =SUM(G88:G92) -> 4 | H87: =SUM(H88:H92) -> 15 | I87: =SUM(I88:I92) -> 10 | ... AF87: =SUM(AF88:AF92) -> 0 | AG87: =SUM(B87:AF87) -> 182 | AH87: =IF(AG87<>AG84,"*","")
A88: SIN CATEGORIZACIÓN nsp | B88: 3 | C88: 4 | D88: 2 | E88: 7 | F88: 4 | G88: 1 | H88: 7 | I88: 4 | J88: 3 | K88: 2 | L88: 1 | M88: 3 | N88: 1 | O88: 5 | P88: 2 | Q88: 1 | R88: 3 | U88: 1 | W88: 4 | X88: 4 | Y88: 1 | Z88: 7 | AA88: 1 | AB88: 2 | AC88: 1 | AD88: 4 | AE88: 2 | AG88: =SUM(B88:AF88) -> 80
A89: C2 | AG89: =SUM(B89:AF89) -> 0
A90: C3 | V90: 1 | AG90: =SUM(B90:AF90) -> 1
A91: C4 | C91: 3 | D91: 1 | E91: 5 | F91: 1 | G91: 3 | H91: 6 | I91: 6 | J91: 1 | K91: 2 | L91: 4 | M91: 1 | N91: 1 | O91: 4 | P91: 1 | Q91: 4 | S91: 3 | T91: 1 | V91: 3 | W91: 8 | X91: 2 | Z91: 5 | AC91: 1 | AD91: 2 | AE91: 1 | AG91: =SUM(B91:AF91) -> 69
A92: C5 | B92: 4 | E92: 1 | H92: 2 | L92: 3 | M92: 2 | N92: 1 | O92: 7 | Q92: 1 | R92: 2 | U92: 1 | W92: 3 | X92: 1 | Y92: 1 | AD92: 2 | AE92: 1 | AG92: =SUM(B92:AF92) -> 32
A93: TOTAL PACIENTES ATENDIDOS | B93: =+B94+B100 -> 145 | C93: =+C94+C100 -> 137 | D93: =+D94+D100 -> 169 | E93: =+E94+E100 -> 164 | F93: =+F94+F100 -> 144 | G93: =+G94+G100 -> 149 | H93: =+H94+H100 -> 164 | I93: =+I94+I100 -> 139 | ... AF93: =+AF94+AF100 -> 0 | AG93: =SUM(B93:AF93) -> 4348 | AH93: =IF(AG93<>AG28,"*","")
A94: Menor 15 años | B94: =SUM(B95:B99) -> 13 | C94: =SUM(C95:C99) -> 8 | D94: =SUM(D95:D99) -> 17 | E94: =SUM(E95:E99) -> 13 | F94: =SUM(F95:F99) -> 12 | G94: =SUM(G95:G99) -> 10 | H94: =SUM(H95:H99) -> 16 | I94: =SUM(I95:I99) -> 7 | ... AF94: =SUM(AF95:AF99) -> 0 | AG94: =SUM(B94:AF94) -> 312
A95: Menor 1 Año | D95: 3 | I95: 1 | N95: 1 | T95: 2 | U95: 2 | X95: 1 | AB95: 1 | AG95: =SUM(B95:AF95) -> 11
A96: 1 Año | B96: 1 | C96: 1 | D96: 2 | E96: 1 | F96: 2 | G96: 1 | H96: 2 | K96: 1 | M96: 1 | N96: 2 | P96: 3 | Q96: 2 | S96: 1 | V96: 1 | X96: 1 | Y96: 1 | Z96: 2 | AB96: 1 | AC96: 2 | AE96: 1 | AG96: =SUM(B96:AF96) -> 29
A97: 2 - 4 | B97: 1 | C97: 2 | D97: 3 | E97: 7 | F97: 4 | G97: 1 | H97: 1 | I97: 3 | J97: 2 | L97: 2 | M97: 5 | N97: 2 | O97: 1 | P97: 2 | R97: 2 | T97: 1 | U97: 3 | V97: 1 | W97: 1 | X97: 1 | Y97: 2 | Z97: 2 | AA97: 2 | AB97: 2 | AD97: 1 | AE97: 1 | AG97: =SUM(B97:AF97) -> 55
A98: 5 - 9 | B98: 5 | C98: 2 | D98: 4 | E98: 3 | F98: 2 | G98: 2 | H98: 7 | I98: 1 | J98: 5 | K98: 3 | L98: 3 | M98: 2 | N98: 6 | O98: 1 | P98: 2 | Q98: 3 | R98: 2 | S98: 5 | T98: 4 | U98: 6 | V98: 5 | W98: 2 | X98: 1 | Y98: 3 | Z98: 3 | AA98: 4 | AB98: 2 | AC98: 4 | AE98: 3 | AG98: =SUM(B98:AF98) -> 95
A99: 10 - 14 | B99: 6 | C99: 3 | D99: 5 | E99: 2 | F99: 4 | G99: 6 | H99: 6 | I99: 2 | J99: 6 | K99: 3 | L99: 2 | M99: 2 | N99: 7 | O99: 4 | P99: 4 | Q99: 5 | R99: 2 | S99: 4 | T99: 2 | U99: 6 | V99: 6 | W99: 4 | X99: 4 | Y99: 1 | Z99: 8 | AA99: 5 | AB99: 4 | AC99: 2 | AD99: 3 | AE99: 4 | AG99: =SUM(B99:AF99) -> 122
A100: Mayor de 15 años | B100: =SUM(B101:B115) -> 132 | C100: =SUM(C101:C115) -> 129 | D100: =SUM(D101:D115) -> 152 | E100: =SUM(E101:E115) -> 151 | F100: =SUM(F101:F115) -> 132 | G100: =SUM(G101:G115) -> 139 | H100: =SUM(H101:H115) -> 148 | I100: =SUM(I101:I115) -> 132 | ... AF100: =SUM(AF101:AF115) -> 0 | AG100: =SUM(B100:AF100) -> 4036
A101: 15 - 19 | B101: 7 | C101: 8 | D101: 16 | E101: 10 | F101: 9 | G101: 6 | H101: 11 | I101: 9 | J101: 8 | K101: 9 | L101: 7 | M101: 8 | N101: 11 | O101: 8 | P101: 7 | Q101: 8 | R101: 4 | S101: 5 | T101: 11 | U101: 5 | V101: 6 | W101: 13 | X101: 12 | Y101: 8 | Z101: 5 | AA101: 11 | AB101: 10 | AC101: 4 | AD101: 9 | AE101: 11 | AG101: =SUM(B101:AF101) -> 256
...

Sheet JULIO
A2: JULIO | B2: 1 | C2: =+B2+1 -> 2 | D2: =+C2+1 -> 3 | E2: =+D2+1 -> 4 | F2: =+E2+1 -> 5 | G2: =+F2+1 -> 6 | H2: =+G2+1 -> 7 | I2: =+H2+1 -> 8 | J2: =+I2+1 -> 9 | ... AA2: =+Z2+1 -> 26 | AB2: 27 | AC2: =+AB2+1 -> 28 | AD2: 29 | AE2: 30 | AF2: 31 | AG2: TOTAL
A3: Total de Inscritos | B3: =SUM(B4:B27) -> 129 | C3: =SUM(C4:C27) -> 110 | D3: =SUM(D4:D27) -> 178 | E3: =SUM(E4:E27) -> 122 | F3: =SUM(F4:F27) -> 139 | G3: =SUM(G4:G27) -> 146 | H3: =SUM(H4:H27) -> 147 | I3: =SUM(I4:I27) -> 126 | ... AF3: =SUM(AF4:AF27) -> 160 | AG3: =SUM(B3:AF3) -> 4477
A4: 08:00 | B4: 2 | C4: 2 | D4: 3 | E4: 2 | F4: 7 | G4: 3 | H4: 3 | I4: 5 | J4: 2 | K4: 9 | L4: 4 | M4: 1 | N4: 4 | O4: 2 | P4: 1 | Q4: 10 | R4: 3 | S4: 2 | T4: 7 | U4: 3 | V4: 1 | W4: 2 | X4: 4 | Y4: 2 | Z4: 2 | AA4: 3 | AB4: 2 | AC4: 1 | AD4: 3 | AE4: 2 | AF4: 3 | AG4: =SUM(B4:AF4) -> 100
A5: 09:00 | B5: 5 | C5: 4 | D5: 7 | E5: 1 | F5: 6 | G5: 4 | H5: 4 | I5: 7 | J5: 1 | K5: 3 | L5: 6 | M5: 1 | N5: 1 | O5: 4 | P5: 3 | Q5: 7 | R5: 7 | S5: 6 | T5: 8 | U5: 3 | V5: 6 | W5: 3 | X5: 1 | Y5: 9 | Z5: 7 | AA5: 3 | AB5: 3 | AC5: 3 | AD5: 5 | AE5: 1 | AF5: 9 | AG5: =SUM(B5:AF5) -> 138
A6: 10:00 | B6: 8 | C6: 6 | D6: 8 | E6: 4 | F6: 7 | G6: 5 | H6: 3 | I6: 3 | J6: 7 | K6: 9 | L6: 3 | M6: 2 | N6: 6 | O6: 4 | Q6: 7 | R6: 12 | S6: 5 | T6: 3 | U6: 9 | V6: 3 | W6: 3 | X6: 4 | Y6: 8 | Z6: 7 | AA6: 7 | AB6: 2 | AC6: 6 | AD6: 7 | AE6: 1 | AF6: 9 | AG6: =SUM(B6:AF6) -> 168
A7: 11:00 | B7: 2 | C7: 4 | D7: 12 | E7: 8 | F7: 5 | G7: 6 | H7: 6 | I7: 2 | J7: 4 | K7: 8 | L7: 10 | M7: 6 | N7: 6 | O7: 3 | P7: 4 | Q7: 15 | R7: 15 | S7: 8 | T7: 6 | U7: 3 | V7: 4 | W7: 3 | X7: 6 | Y7: 7 | Z7: 14 | AA7: 3 | AB7: 6 | AC7: 5 | AD7: 1 | AE7: 2 | AF7: 15 | AG7: =SUM(B7:AF7) -> 199
A8: 12:00 | B8: 6 | C8: 6 | D8: 16 | E8: 10 | F8: 6 | G8: 5 | H8: 3 | I8: 9 | J8: 1 | K8: 9 | L8: 12 | M8: 5 | N8: 1 | O8: 5 | P8: 6 | Q8: 17 | R8: 18 | S8: 14 | T8: 9 | U8: 6 | V8: 6 | W8: 5 | X8: 6 | Y8: 15 | Z8: 12 | AA8: 8 | AB8: 7 | AC8: 11 | AD8: 4 | AE8: 2 | AF8: 7 | AG8: =SUM(B8:AF8) -> 247
A9: 13:00 | B9: 3 | C9: 2 | D9: 16 | E9: 7 | F9: 3 | G9: 2 | H9: 3 | I9: 5 | J9: 4 | K9: 4 | L9: 4 | M9: 3 | N9: 2 | O9: 3 | P9: 5 | Q9: 7 | R9: 22 | S9: 12 | T9: 7 | U9: 3 | W9: 4 | X9: 6 | Y9: 5 | Z9: 5 | AA9: 7 | AB9: 6 | AC9: 2 | AD9: 4 | AE9: 1 | AF9: 11 | AG9: =SUM(B9:AF9) -> 168
A10: 14:00 | B10: 5 | C10: 4 | D10: 11 | E10: 7 | F10: 3 | G10: 7 | H10: 7 | I10: 3 | K10: 6 | L10: 10 | M10: 3 | N10: 2 | O10: 1 | P10: 1 | Q10: 3 | R10: 11 | S10: 4 | T10: 3 | U10: 4 | V10: 2 | W10: 2 | X10: 9 | Y10: 10 | Z10: 6 | AA10: 3 | AB10: 6 | AC10: 2 | AD10: 2 | AE10: 4 | AF10: 14 | AG10: =SUM(B10:AF10) -> 155
A11: 15:00 | B11: 2 | C11: 2 | D11: 16 | E11: 10 | F11: 4 | H11: 3 | I11: 6 | J11: 3 | K11: 8 | L11: 7 | M11: 1 | N11: 4 | O11: 3 | P11: 1 | Q11: 11 | R11: 10 | S11: 18 | T11: 6 | U11: 3 | V11: 12 | W11: 6 | X11: 3 | Y11: 9 | Z11: 10 | AA11: 5 | AB11: 4 | AC11: 6 | AD11: 5 | AE11: 1 | AF11: 10 | AG11: =SUM(B11:AF11) -> 189
A12: 16:00 | B12: 6 | C12: 2 | D12: 19 | E12: 11 | F12: 5 | G12: 9 | H12: 7 | I12: 4 | J12: 7 | K12: 10 | L12: 15 | M12: 5 | N12: 2 | O12: 4 | P12: 2 | Q12: 17 | R12: 5 | S12: 10 | T12: 6 | U12: 9 | V12: 4 | W12: 5 | X12: 7 | Y12: 8 | Z12: 12 | AA12: 1 | AB12: 8 | AC12: 2 | AD12: 3 | AE12: 3 | AF12: 13 | AG12: =SUM(B12:AF12) -> 221
A13: 17:00 | B13: 35 | C13: 31 | D13: 21 | E13: 7 | F13: 21 | G13: 37 | H13: 39 | I13: 31 | J13: 25 | K13: 15 | L13: 5 | M13: 48 | N13: 35 | O13: 29 | P13: 28 | Q13: 8 | R13: 14 | S13: 21 | T13: 49 | U13: 43 | V13: 34 | W13: 37 | X13: 35 | Y13: 14 | Z13: 16 | AA13: 41 | AB13: 43 | AC13: 38 | AD13: 36 | AE13: 42 | AF13: 12 | AG13: =SUM(B13:AF13) -> 890
A14: 18:00 | B14: 14 | C14: 7 | D14: 12 | E14: 11 | F14: 21 | G14: 12 | H14: 14 | I14: 16 | J14: 9 | K14: 10 | L14: 7 | M14: 11 | N14: 17 | O14: 15 | P14: 15 | Q14: 11 | R14: 15 | S14: 10 | T14: 20 | U14: 22 | V14: 17 | W14: 23 | X14: 14 | Y14: 9 | Z14: 6 | AA14: 20 | AB14: 20 | AC14: 14 | AD14: 10 | AE14: 16 | AF14: 6 | AG14: =SUM(B14:AF14) -> 424
A15: 19:00 | B15: 13 | C15: 9 | D15: 3 | E15: 15 | F15: 10 | G15: 16 | H15: 15 | I15: 8 | J15: 8 | K15: 4 | L15: 3 | M15: 13 | N15: 5 | O15: 10 | P15: 10 | Q15: 7 | R15: 5 | S15: 10 | T15: 13 | U15: 14 | V15: 17 | W15: 13 | X15: 16 | Y15: 9 | Z15: 6 | AA15: 11 | AB15: 19 | AC15: 9 | AD15: 16 | AE15: 8 | AF15: 9 | AG15: =SUM(B15:AF15) -> 324
A16: 20:00 | B16: 8 | C16: 7 | D16: 12 | E16: 1 | F16: 9 | G16: 10 | H16: 8 | I16: 10 | J16: 5 | K16: 7 | L16: 9 | M16: 7 | N16: 9 | O16: 11 | P16: 13 | Q16: 7 | R16: 8 | S16: 15 | T16: 12 | U16: 13 | V16: 13 | W16: 11 | X16: 13 | Y16: 6 | Z16: 9 | AA16: 15 | AB16: 12 | AC16: 14 | AD16: 9 | AE16: 7 | AF16: 8 | AG16: =SUM(B16:AF16) -> 298
A17: 21:00 | B17: 3 | C17: 3 | D17: 9 | E17: 4 | F17: 17 | G17: 4 | H17: 8 | I17: 7 | J17: 8 | K17: 6 | L17: 8 | M17: 3 | N17: 8 | O17: 5 | P17: 16 | Q17: 5 | R17: 11 | S17: 17 | T17: 9 | U17: 8 | V17: 9 | W17: 6 | X17: 11 | Y17: 3 | Z17: 13 | AA17: 12 | AB17: 10 | AC17: 15 | AD17: 18 | AE17: 7 | AF17: 8 | AG17: =SUM(B17:AF17) -> 271
A18: 22:00 | B18: 8 | C18: 5 | D18: 2 | E18: 9 | F18: 7 | G18: 7 | H18: 5 | I18: 2 | J18: 2 | K18: 2 | L18: 8 | M18: 8 | N18: 2 | O18: 4 | P18: 15 | Q18: 9 | R18: 10 | S18: 6 | T18: 8 | U18: 10 | V18: 9 | W18: 8 | X18: 5 | Y18: 12 | Z18: 14 | AA18: 11 | AB18: 8 | AC18: 12 | AD18: 5 | AE18: 6 | AF18: 5 | AG18: =SUM(B18:AF18) -> 224
A19: 23:00 | B19: 2 | C19: 6 | D19: 5 | E19: 5 | F19: 1 | G19: 7 | H19: 8 | I19: 3 | J19: 3 | K19: 3 | L19: 8 | M19: 3 | N19: 2 | O19: 5 | P19: 7 | Q19: 2 | R19: 6 | S19: 7 | T19: 4 | U19: 4 | V19: 4 | W19: 5 | X19: 6 | Y19: 5 | Z19: 5 | AA19: 6 | AB19: 10 | AC19: 9 | AD19: 5 | AE19: 5 | AF19: 3 | AG19: =SUM(B19:AF19) -> 154
A20: 00:00 | B20: 1 | C20: 6 | D20: 2 | E20: 2 | F20: 1 | G20: 3 | H20: 2 | I20: 3 | J20: 2 | K20: 2 | L20: 1 | M20: 1 | N20: 3 | O20: 4 | P20: 2 | Q20: 4 | R20: 5 | S20: 1 | T20: 1 | U20: 3 | V20: 6 | W20: 3 | X20: 4 | Y20: 4 | Z20: 2 | AA20: 4 | AC20: 2 | AD20: 7 | AE20: 4 | AF20: 3 | AG20: =SUM(B20:AF20) -> 88
A21: 01:00 | C21: 1 | D21: 1 | E21: 3 | F21: 4 | G21: 2 | H21: 3 | J21: 4 | K21: 1 | M21: 1 | N21: 3 | O21: 3 | P21: 1 | Q21: 8 | R21: 1 | S21: 2 | T21: 3 | W21: 2 | X21: 4 | Y21: 3 | Z21: 1 | AA21: 3 | AB21: 3 | AC21: 2 | AD21: 3 | AE21: 1 | AF21: 2 | AG21: =SUM(B21:AF21) -> 65
