Workbook

Sheet CONSOLIDADO
A2: MES | B2: ENERO | C2: FEBRERO | D2: MARZO | E2: ABRIL | F2: MAYO | G2: JUNIO | H2: JULIO | I2: AGOSTO | J2: SEPTIEMBRE | K2: OCTUBRE | L2: NOVIEMBRE | M2: DICIEMBRE | N2: TOTAL
A3: Total de Inscritos | B3: =+ENERO!$AG3 -> 6791 | C3: =+FEBRERO!$AG3 -> 5643 | D3: =+MARZO!$AG3 -> 8086 | E3: =+ABRIL!$AG3 -> 7514 | F3: =+MAYO!$AG3 -> 8107 | G3: =+JUNIO!$AG3 -> 5854 | H3: =+Julio!$AG3 -> 5599 | I3: =+agosto!$AG3 -> 6783 | J3: =+septiembre!$AG3 -> 7200 | K3: =+OCTUBRE!$AG3 -> 8467 | L3: =+NOVIEMBRE!$AG3 -> 7348 | M3: =+DICIEMBRE!$AG3 -> 6844 | N3: =SUM(B3:M3) -> 84236
A4: 08:00 | B4: =+ENERO!$AG4 -> 272 | C4: =+FEBRERO!$AG4 -> 234 | D4: =+MARZO!$AG4 -> 420 | E4: =+ABRIL!$AG4 -> 411 | F4: =+MAYO!$AG4 -> 431 | G4: =+JUNIO!$AG4 -> 278 | H4: =+Julio!$AG4 -> 249 | I4: =+agosto!$AG4 -> 322 | J4: =+septiembre!$AG4 -> 328 | K4: =+OCTUBRE!$AG4 -> 507 | L4: =+NOVIEMBRE!$AG4 -> 406 | M4: =+DICIEMBRE!$AG4 -> 341 | N4: =SUM(B4:M4) -> 4199
A5: 09:00 | B5: =+ENERO!$AG5 -> 357 | C5: =+FEBRERO!$AG5 -> 310 | D5: =+MARZO!$AG5 -> 534 | E5: =+ABRIL!$AG5 -> 444 | F5: =+MAYO!$AG5 -> 509 | G5: =+JUNIO!$AG5 -> 355 | H5: =+Julio!$AG5 -> 319 | I5: =+agosto!$AG5 -> 404 | J5: =+septiembre!$AG5 -> 418 | K5: =+OCTUBRE!$AG5 -> 546 | L5: =+NOVIEMBRE!$AG5 -> 443 | M5: =+DICIEMBRE!$AG5 -> 372 | N5: =SUM(B5:M5) -> 5011
A6: 10:00 | B6: =+ENERO!$AG6 -> 406 | C6: =+FEBRERO!$AG6 -> 335 | D6: =+MARZO!$AG6 -> 538 | E6: =+ABRIL!$AG6 -> 549 | F6: =+MAYO!$AG6 -> 552 | G6: =+JUNIO!$AG6 -> 417 | H6: =+Julio!$AG6 -> 376 | I6: =+agosto!$AG6 -> 451 | J6: =+septiembre!$AG6 -> 491 | K6: =+OCTUBRE!$AG6 -> 589 | L6: =+NOVIEMBRE!$AG6 -> 507 | M6: =+DICIEMBRE!$AG6 -> 463 | N6: =SUM(B6:M6) -> 5674
A7: 11:00 | B7: =+ENERO!$AG7 -> 448 | C7: =+FEBRERO!$AG7 -> 311 | D7: =+MARZO!$AG7 -> 535 | E7: =+ABRIL!$AG7 -> 569 | F7: =+MAYO!$AG7 -> 611 | G7: =+JUNIO!$AG7 -> 436 | H7: =+Julio!$AG7 -> 373 | I7: =+agosto!$AG7 -> 475 | J7: =+septiembre!$AG7 -> 488 | K7: =+OCTUBRE!$AG7 -> 603 | L7: =+NOVIEMBRE!$AG7 -> 507 | M7: =+DICIEMBRE!$AG7 -> 428 | N7: =SUM(B7:M7) -> 5784
A8: 12:00 | B8: =+ENERO!$AG8 -> 430 | C8: =+FEBRERO!$AG8 -> 347 | D8: =+MARZO!$AG8 -> 502 | E8: =+ABRIL!$AG8 -> 515 | F8: =+MAYO!$AG8 -> 543 | G8: =+JUNIO!$AG8 -> 381 | H8: =+Julio!$AG8 -> 365 | I8: =+agosto!$AG8 -> 418 | J8: =+septiembre!$AG8 -> 466 | K8: =+OCTUBRE!$AG8 -> 544 | L8: =+NOVIEMBRE!$AG8 -> 509 | M8: =+DICIEMBRE!$AG8 -> 444 | N8: =SUM(B8:M8) -> 5464
A9: 13:00 | B9: =+ENERO!$AG9 -> 303 | C9: =+FEBRERO!$AG9 -> 283 | D9: =+MARZO!$AG9 -> 417 | E9: =+ABRIL!$AG9 -> 382 | F9: =+MAYO!$AG9 -> 454 | G9: =+JUNIO!$AG9 -> 329 | H9: =+Julio!$AG9 -> 334 | I9: =+agosto!$AG9 -> 410 | J9: =+septiembre!$AG9 -> 423 | K9: =+OCTUBRE!$AG9 -> 468 | L9: =+NOVIEMBRE!$AG9 -> 365 | M9: =+DICIEMBRE!$AG9 -> 345 | N9: =SUM(B9:M9) -> 4513
A10: 14:00 | B10: =+ENERO!$AG10 -> 322 | C10: =+FEBRERO!$AG10 -> 293 | D10: =+MARZO!$AG10 -> 429 | E10: =+ABRIL!$AG10 -> 419 | F10: =+MAYO!$AG10 -> 531 | G10: =+JUNIO!$AG10 -> 358 | H10: =+Julio!$AG10 -> 333 | I10: =+agosto!$AG10 -> 435 | J10: =+septiembre!$AG10 -> 425 | K10: =+OCTUBRE!$AG10 -> 474 | L10: =+NOVIEMBRE!$AG10 -> 415 | M10: =+DICIEMBRE!$AG10 -> 375 | N10: =SUM(B10:M10) -> 4809
A11: 15:00 | B11: =+ENERO!$AG11 -> 412 | C11: =+FEBRERO!$AG11 -> 329 | D11: =+MARZO!$AG11 -> 461 | E11: =+ABRIL!$AG11 -> 465 | F11: =+MAYO!$AG11 -> 525 | G11: =+JUNIO!$AG11 -> 447 | H11: =+Julio!$AG11 -> 426 | I11: =+agosto!$AG11 -> 518 | J11: =+septiembre!$AG11 -> 497 | K11: =+OCTUBRE!$AG11 -> 543 | L11: =+NOVIEMBRE!$AG11 -> 423 | M11: =+DICIEMBRE!$AG11 -> 380 | N11: =SUM(B11:M11) -> 5426
A12: 16:00 | B12: =+ENERO!$AG12 -> 518 | C12: =+FEBRERO!$AG12 -> 422 | D12: =+MARZO!$AG12 -> 632 | E12: =+ABRIL!$AG12 -> 593 | F12: =+MAYO!$AG12 -> 617 | G12: =+JUNIO!$AG12 -> 412 | H12: =+Julio!$AG12 -> 459 | I12: =+agosto!$AG12 -> 527 | J12: =+septiembre!$AG12 -> 556 | K12: =+OCTUBRE!$AG12 -> 555 | L12: =+NOVIEMBRE!$AG12 -> 529 | M12: =+DICIEMBRE!$AG12 -> 442 | N12: =SUM(B12:M12) -> 6262
A13: 17:00 | B13: =+ENERO!$AG13 -> 523 | C13: =+FEBRERO!$AG13 -> 434 | D13: =+MARZO!$AG13 -> 567 | E13: =+ABRIL!$AG13 -> 616 | F13: =+MAYO!$AG13 -> 647 | G13: =+JUNIO!$AG13 -> 445 | H13: =+Julio!$AG13 -> 427 | I13: =+agosto!$AG13 -> 495 | J13: =+septiembre!$AG13 -> 502 | K13: =+OCTUBRE!$AG13 -> 613 | L13: =+NOVIEMBRE!$AG13 -> 548 | M13: =+DICIEMBRE!$AG13 -> 533 | N13: =SUM(B13:M13) -> 6350
A14: 18:00 | B14: =+ENERO!$AG14 -> 399 | C14: =+FEBRERO!$AG14 -> 366 | D14: =+MARZO!$AG14 -> 533 | E14: =+ABRIL!$AG14 -> 523 | F14: =+MAYO!$AG14 -> 505 | G14: =+JUNIO!$AG14 -> 350 | H14: =+Julio!$AG14 -> 346 | I14: =+agosto!$AG14 -> 445 | J14: =+septiembre!$AG14 -> 440 | K14: =+OCTUBRE!$AG14 -> 481 | L14: =+NOVIEMBRE!$AG14 -> 408 | M14: =+DICIEMBRE!$AG14 -> 392 | N14: =SUM(B14:M14) -> 5188
... A80: PAR | B80: =+ENERO!$AG80 -> 1866 | C80: =+FEBRERO!$AG80 -> 1526 | D80: =+MARZO!$AG80 -> 2438 | E80: =+ABRIL!$AG80 -> 2200 | F80: =+MAYO!$AG80 -> 2204 | G80: =+JUNIO!$AG80 -> 1803 | H80: =+Julio!$AG80 -> 1751 | I80: =+agosto!$AG80 -> 2003 | J80: =+septiembre!$AG80 -> 2096 | K80: =+OCTUBRE!$AG80 -> 2472 | L80: =+NOVIEMBRE!$AG80 -> 0 | M80: =+DICIEMBRE!$AG80 -> 0 | N80: =SUM(B80:M80) -> 20359
A81: TOTAL NSP | B81: =+ENERO!$AG81 -> 576 | C81: =+FEBRERO!$AG81 -> 396 | D81: =+MARZO!$AG81 -> 996 | E81: =+ABRIL!$AG81 -> 910 | F81: =+MAYO!$AG81 -> 1341 | G81: =+JUNIO!$AG81 -> 544 | H81: =+Julio!$AG81 -> 461 | I81: =+agosto!$AG81 -> 703 | J81: =+septiembre!$AG81 -> 766 | K81: =+OCTUBRE!$AG81 -> 1486 | L81: =+NOVIEMBRE!$AG81 -> 1170 | M81: =+DICIEMBRE!$AG81 -> 590 | N81: =SUM(B81:M81) -> 9939 | O81: =IF(N81<>N53,"*","") -> *
A82: PAR | B82: =+ENERO!$AG82 -> 196 | C82: =+FEBRERO!$AG82 -> 152 | D82: =+MARZO!$AG82 -> 402 | E82: =+ABRIL!$AG82 -> 373 | F82: =+MAYO!$AG82 -> 483 | G82: =+JUNIO!$AG82 -> 198 | H82: =+Julio!$AG82 -> 161 | I82: =+agosto!$AG82 -> 285 | J82: =+septiembre!$AG82 -> 303 | K82: =+OCTUBRE!$AG82 -> 384 | L82: =+NOVIEMBRE!$AG82 -> 259 | M82: =+DICIEMBRE!$AG82 -> 200 | N82: =SUM(B82:M82) -> 3396
A83: SAR | B83: =+ENERO!$AG83 -> 380 | C83: =+FEBRERO!$AG83 -> 244 | D83: =+MARZO!$AG83 -> 594 | E83: =+ABRIL!$AG83 -> 537 | F83: =+MAYO!$AG83 -> 858 | G83: =+JUNIO!$AG83 -> 346 | H83: =+Julio!$AG83 -> 300 | I83: =+agosto!$AG83 -> 418 | J83: =+septiembre!$AG83 -> 463 | K83: =+OCTUBRE!$AG83 -> 1112 | L83: =+NOVIEMBRE!$AG83 -> 911 | M83: =+DICIEMBRE!$AG83 -> 390 | N83: =SUM(B83:M83) -> 6553
A84: NSP PEDIATR. / ADULTOS | B84: =+ENERO!$AG84 -> 576 | C84: =+FEBRERO!$AG84 -> 396 | D84: =+MARZO!$AG84 -> 996 | E84: =+ABRIL!$AG84 -> 910 | F84: =+MAYO!$AG84 -> 1341 | G84: =+JUNIO!$AG84 -> 544 | H84: =+Julio!$AG84 -> 461 | I84: =+agosto!$AG84 -> 703 | J84: =+septiembre!$AG84 -> 766 | K84: =+OCTUBRE!$AG84 -> 1496 | L84: =+NOVIEMBRE!$AG84 -> 1170 | M84: =+DICIEMBRE!$AG84 -> 590 | N84: =SUM(B84:M84) -> 9949 | O84: =IF(N84<>N82+N83,"*","") | P84: NSP
A85: NSP PEDIATRICOS (<15 AÑOS) | B85: =+ENERO!$AG85 -> 102 | C85: =+FEBRERO!$AG85 -> 68 | D85: =+MARZO!$AG85 -> 231 | E85: =+ABRIL!$AG85 -> 242 | F85: =+MAYO!$AG85 -> 400 | G85: =+JUNIO!$AG85 -> 94 | H85: =+Julio!$AG85 -> 64 | I85: =+agosto!$AG85 -> 136 | J85: =+septiembre!$AG85 -> 160 | K85: =+OCTUBRE!$AG85 -> 355 | L85: =+NOVIEMBRE!$AG85 -> 285 | M85: =+DICIEMBRE!$AG85 -> 116 | N85: =SUM(B85:M85) -> 2253
A86: NSP ADULTOS | B86: =+ENERO!$AG86 -> 474 | C86: =+FEBRERO!$AG86 -> 328 | D86: =+MARZO!$AG86 -> 765 | E86: =+ABRIL!$AG86 -> 668 | F86: =+MAYO!$AG86 -> 941 | G86: =+JUNIO!$AG86 -> 450 | H86: =+Julio!$AG86 -> 397 | I86: =+agosto!$AG86 -> 567 | J86: =+septiembre!$AG86 -> 606 | K86: =+OCTUBRE!$AG86 -> 1141 | L86: =+NOVIEMBRE!$AG86 -> 885 | M86: =+DICIEMBRE!$AG86 -> 474 | N86: =SUM(B86:M86) -> 7696
A87: NSP CATEGORIZACION | B87: =+ENERO!$AG87 -> 576 | C87: =+FEBRERO!$AG87 -> 396 | D87: =+MARZO!$AG87 -> 996 | E87: =+ABRIL!$AG87 -> 910 | F87: =+MAYO!$AG87 -> 1341 | G87: =+JUNIO!$AG87 -> 544 | H87: =+Julio!$AG87 -> 461 | I87: =+agosto!$AG87 -> 703 | J87: =+septiembre!$AG87 -> 766 | K87: =+OCTUBRE!$AG87 -> 1496 | L87: =+NOVIEMBRE!$AG87 -> 1170 | M87: =+DICIEMBRE!$AG87 -> 590 | N87: =SUM(B87:M87) -> 9949 | O87: =IF(N87<>N84,"*","")
A88: SIN CATEGORIZACIÓN nsp | B88: =+ENERO!$AG88 -> 164 | C88: =+FEBRERO!$AG88 -> 111 | D88: =+MARZO!$AG88 -> 239 | E88: =+ABRIL!$AG88 -> 234 | F88: =+MAYO!$AG88 -> 337 | G88: =+JUNIO!$AG88 -> 115 | H88: =+Julio!$AG88 -> 102 | I88: =+agosto!$AG88 -> 174 | J88: =+septiembre!$AG88 -> 141 | K88: =+OCTUBRE!$AG88 -> 238 | L88: =+NOVIEMBRE!$AG88 -> 180 | M88: =+DICIEMBRE!$AG88 -> 179 | N88: =SUM(B88:M88) -> 2214
A89: C2 | B89: =+ENERO!$AG89 -> 1 | C89: =+FEBRERO!$AG89 -> 0 | D89: =+MARZO!$AG89 -> 0 | E89: =+ABRIL!$AG89 -> 1 | F89: =+MAYO!$AG89 -> 0 | G89: =+JUNIO!$AG89 -> 0 | H89: =+Julio!$AG89 -> 0 | I89: =+agosto!$AG89 -> 0 | J89: =+septiembre!$AG89 -> 1 | K89: =+OCTUBRE!$AG89 -> 0 | L89: =+NOVIEMBRE!$AG89 -> 0 | M89: =+DICIEMBRE!$AG89 -> 0 | N89: =SUM(B89:M89) -> 3
A90: C3 | B90: =+ENERO!$AG90 -> 5 | C90: =+FEBRERO!$AG90 -> 3 | D90: =+MARZO!$AG90 -> 7 | E90: =+ABRIL!$AG90 -> 12 | F90: =+MAYO!$AG90 -> 18 | G90: =+JUNIO!$AG90 -> 9 | H90: =+Julio!$AG90 -> 12 | I90: =+agosto!$AG90 -> 13 | J90: =+septiembre!$AG90 -> 16 | K90: =+OCTUBRE!$AG90 -> 27 | L90: =+NOVIEMBRE!$AG90 -> 17 | M90: =+DICIEMBRE!$AG90 -> 7 | N90: =SUM(B90:M90) -> 146
A91: C4 | B91: =+ENERO!$AG91 -> 202 | C91: =+FEBRERO!$AG91 -> 129 | D91: =+MARZO!$AG91 -> 507 | E91: =+ABRIL!$AG91 -> 432 | F91: =+MAYO!$AG91 -> 698 | G91: =+JUNIO!$AG91 -> 280 | H91: =+Julio!$AG91 -> 215 | I91: =+agosto!$AG91 -> 349 | J91: =+septiembre!$AG91 -> 348 | K91: =+OCTUBRE!$AG91 -> 753 | L91: =+NOVIEMBRE!$AG91 -> 593 | M91: =+DICIEMBRE!$AG91 -> 241 | N91: =SUM(B91:M91) -> 4747
A92: C5 | B92: =+ENERO!$AG92 -> 204 | C92: =+FEBRERO!$AG92 -> 153 | D92: =+MARZO!$AG92 -> 243 | E92: =+ABRIL!$AG92 -> 231 | F92: =+MAYO!$AG92 -> 288 | G92: =+JUNIO!$AG92 -> 140 | H92: =+Julio!$AG92 -> 132 | I92: =+agosto!$AG92 -> 167 | J92: =+septiembre!$AG92 -> 260 | K92: =+OCTUBRE!$AG92 -> 478 | L92: =+NOVIEMBRE!$AG92 -> 380 | M92: =+DICIEMBRE!$AG92 -> 163 | N92: =SUM(B92:M92) -> 2839
A93: TOTAL PACIENTES ATENDIDOS | B93: =+ENERO!$AG93 -> 6511 | C93: =+FEBRERO!$AG93 -> 5247 | D93: =+MARZO!$AG93 -> 7090 | E93: =+ABRIL!$AG93 -> 6604 | F93: =+MAYO!$AG93 -> 6766 | G93: =+JUNIO!$AG93 -> 5310 | H93: =+Julio!$AG93 -> 5138 | I93: =+agosto!$AG93 -> 6080 | J93: =+septiembre!$AG93 -> 6434 | K93: =+OCTUBRE!$AG93 -> 6981 | L93: =+NOVIEMBRE!$AG93 -> 6178 | M93: =+DICIEMBRE!$AG93 -> 6254 | N93: =SUM(B93:M93) -> 74593 | O93: =IF(N93<>N28,"*","") -> *
A94: Menor 15 años | B94: =+ENERO!$AG94 -> 867 | C94: =+FEBRERO!$AG94 -> 595 | D94: =+MARZO!$AG94 -> 1405 | E94: =+ABRIL!$AG94 -> 1537 | F94: =+MAYO!$AG94 -> 1942 | G94: =+JUNIO!$AG94 -> 983 | H94: =+Julio!$AG94 -> 586 | I94: =+agosto!$AG94 -> 1134 | J94: =+septiembre!$AG94 -> 1196 | K94: =+OCTUBRE!$AG94 -> 1370 | L94: =+NOVIEMBRE!$AG94 -> 1319 | M94: =+DICIEMBRE!$AG94 -> 1063 | N94: =SUM(B94:M94) -> 13997
A95: Menor 1 Año | B95: =+ENERO!$AG95 -> 38 | C95: =+FEBRERO!$AG95 -> 16 | D95: =+MARZO!$AG95 -> 23 | E95: =+ABRIL!$AG95 -> 21 | F95: =+MAYO!$AG95 -> 34 | G95: =+JUNIO!$AG95 -> 35 | H95: =+Julio!$AG95 -> 16 | I95: =+agosto!$AG95 -> 28 | J95: =+septiembre!$AG95 -> 24 | K95: =+OCTUBRE!$AG95 -> 30 | L95: =+NOVIEMBRE!$AG95 -> 24 | M95: =+DICIEMBRE!$AG95 -> 31 | N95: =SUM(B95:M95) -> 320
A96: 1 Año | B96: =+ENERO!$AG96 -> 59 | C96: =+FEBRERO!$AG96 -> 44 | D96: =+MARZO!$AG96 -> 60 | E96: =+ABRIL!$AG96 -> 62 | F96: =+MAYO!$AG96 -> 74 | G96: =+JUNIO!$AG96 -> 52 | H96: =+Julio!$AG96 -> 34 | I96: =+agosto!$AG96 -> 52 | J96: =+septiembre!$AG96 -> 54 | K96: =+OCTUBRE!$AG96 -> 68 | L96: =+NOVIEMBRE!$AG96 -> 51 | M96: =+DICIEMBRE!$AG96 -> 67 | N96: =SUM(B96:M96) -> 677
A97: 2 - 4 | B97: =+ENERO!$AG97 -> 233 | C97: =+FEBRERO!$AG97 -> 138 | D97: =+MARZO!$AG97 -> 275 | E97: =+ABRIL!$AG97 -> 366 | F97: =+MAYO!$AG97 -> 483 | G97: =+JUNIO!$AG97 -> 204 | H97: =+Julio!$AG97 -> 97 | I97: =+agosto!$AG97 -> 215 | J97: =+septiembre!$AG97 -> 215 | K97: =+OCTUBRE!$AG97 -> 247 | L97: =+NOVIEMBRE!$AG97 -> 227 | M97: =+DICIEMBRE!$AG97 -> 279 | N97: =SUM(B97:M97) -> 2979
A98: 5 - 9 | B98: =+ENERO!$AG98 -> 313 | C98: =+FEBRERO!$AG98 -> 208 | D98: =+MARZO!$AG98 -> 527 | E98: =+ABRIL!$AG98 -> 649 | F98: =+MAYO!$AG98 -> 796 | G98: =+JUNIO!$AG98 -> 397 | H98: =+Julio!$AG98 -> 220 | I98: =+agosto!$AG98 -> 430 | J98: =+septiembre!$AG98 -> 492 | K98: =+OCTUBRE!$AG98 -> 576 | L98: =+NOVIEMBRE!$AG98 -> 543 | M98: =+DICIEMBRE!$AG98 -> 399 | N98: =SUM(B98:M98) -> 5550
A99: 10 - 14 | B99: =+ENERO!$AG99 -> 224 | C99: =+FEBRERO!$AG99 -> 189 | D99: =+MARZO!$AG99 -> 520 | E99: =+ABRIL!$AG99 -> 439 | F99: =+MAYO!$AG99 -> 555 | G99: =+JUNIO!$AG99 -> 295 | H99: =+Julio!$AG99 -> 219 | I99: =+agosto!$AG99 -> 409 | J99: =+septiembre!$AG99 -> 411 | K99: =+OCTUBRE!$AG99 -> 449 | L99: =+NOVIEMBRE!$AG99 -> 474 | M99: =+DICIEMBRE!$AG99 -> 287 | N99: =SUM(B99:M99) -> 4471
A100: Mayor de 15 años | B100: =+ENERO!$AG100 -> 5644 | C100: =+FEBRERO!$AG100 -> 4652 | D100: =+MARZO!$AG100 -> 5685 | E100: =+ABRIL!$AG100 -> 5067 | F100: =+MAYO!$AG100 -> 4824 | G100: =+JUNIO!$AG100 -> 4327 | H100: =+Julio!$AG100 -> 4552 | I100: =+agosto!$AG100 -> 4946 | J100: =+septiembre!$AG100 -> 5238 | K100: =+OCTUBRE!$AG100 -> 5611 | L100: =+NOVIEMBRE!$AG100 -> 4859 | M100: =+DICIEMBRE!$AG100 -> 5191 | N100: =SUM(B100:M100) -> 60596
A101: 15 - 19 | B101: =+ENERO!$AG101 -> 364 | C101: =+FEBRERO!$AG101 -> 298 | D101: =+MARZO!$AG101 -> 513 | E101: =+ABRIL!$AG101 -> 509 | F101: =+MAYO!$AG101 -> 447 | G101: =+JUNIO!$AG101 -> 370 | H101: =+Julio!$AG101 -> 297 | I101: =+agosto!$AG101 -> 445 | J101: =+septiembre!$AG101 -> 421 | K101: =+OCTUBRE!$AG101 -> 468 | L101: =+NOVIEMBRE!$AG101 -> 378 | M101: =+DICIEMBRE!$AG101 -> 341 | N101: =SUM(B101:M101) -> 4851
A102: 20 - 24 | B102: =+ENERO!$AG102 -> 506 | C102: =+FEBRERO!$AG102 -> 438 | D102: =+MARZO!$AG102 -> 488 | E102: =+ABRIL!$AG102 -> 530 | F102: =+MAYO!$AG102 -> 487 | G102: =+JUNIO!$AG102 -> 397 | H102: =+Julio!$AG102 -> 364 | I102: =+agosto!$AG102 -> 451 | J102: =+septiembre!$AG102 -> 493 | K102: =+OCTUBRE!$AG102 -> 508 | L102: =+NOVIEMBRE!$AG102 -> 418 | M102: =+DICIEMBRE!$AG102 -> 440 | N102: =SUM(B102:M102) -> 5520
A103: 25 - 29 | B103: =+ENERO!$AG103 -> 527 | C103: =+FEBRERO!$AG103 -> 384 | D103: =+MARZO!$AG103 -> 489 | E103: =+ABRIL!$AG103 -> 448 | F103: =+MAYO!$AG103 -> 433 | G103: =+JUNIO!$AG103 -> 401 | H103: =+Julio!$AG103 -> 412 | I103: =+agosto!$AG103 -> 472 | J103: =+septiembre!$AG103 -> 460 | K103: =+OCTUBRE!$AG103 -> 449 | L103: =+NOVIEMBRE!$AG103 -> 444 | M103: =+DICIEMBRE!$AG103 -> 492 | N103: =SUM(B103:M103) -> 5411
A104: 30 - 34 | B104: =+ENERO!$AG104 -> 500 | C104: =+FEBRERO!$AG104 -> 394 | D104: =+MARZO!$AG104 -> 530 | E104: =+ABRIL!$AG104 -> 388 | F104: =+MAYO!$AG104 -> 401 | G104: =+JUNIO!$AG104 -> 380 | H104: =+Julio!$AG104 -> 358 | I104: =+agosto!$AG104 -> 389 | J104: =+septiembre!$AG104 -> 424 | K104: =+OCTUBRE!$AG104 -> 468 | L104: =+NOVIEMBRE!$AG104 -> 395 | M104: =+DICIEMBRE!$AG104 -> 432 | N104: =SUM(B104:M104) -> 5059
A105: 35 - 39 | B105: =+ENERO!$AG105 -> 374 | C105: =+FEBRERO!$AG105 -> 345 | D105: =+MARZO!$AG105 -> 421 | E105: =+ABRIL!$AG105 -> 362 | F105: =+MAYO!$AG105 -> 369 | G105: =+JUNIO!$AG105 -> 343 | H105: =+Julio!$AG105 -> 353 | I105: =+agosto!$AG105 -> 365 | J105: =+septiembre!$AG105 -> 383 | K105: =+OCTUBRE!$AG105 -> 430 | L105: =+NOVIEMBRE!$AG105 -> 392 | M105: =+DICIEMBRE!$AG105 -> 392 | N105: =SUM(B105:M105) -> 4529
... A114: 80 y mas | B114: =+ENERO!$AG114 -> 296 | C114: =+FEBRERO!$AG114 -> 279 | D114: =+MARZO!$AG114 -> 298 | E114: =+ABRIL!$AG114 -> 251 | F114: =+MAYO!$AG114 -> 207 | G114: =+JUNIO!$AG114 -> 207 | H114: =+Julio!$AG114 -> 255 | I114: =+agosto!$AG114 -> 265 | J114: =+septiembre!$AG114 -> 286 | K114: =+OCTUBRE!$AG114 -> 328 | L114: =+NOVIEMBRE!$AG114 -> 261 | M114: =+DICIEMBRE!$AG114 -> 337 | N114: =SUM(B114:M114) -> 3270
B115: =+ENERO!$AG115 -> 0 | C115: =+FEBRERO!$AG115 -> 0 | D115: =+MARZO!$AG115 -> 0 | E115: =+ABRIL!$AG115 -> 0 | F115: =+MAYO!$AG115 -> 1 | G115: =+JUNIO!$AG115 -> 0 | H115: =+Julio!$AG115 -> 0 | I115: =+agosto!$AG115 -> 0 | J115: =+septiembre!$AG115 -> 0 | K115: =+OCTUBRE!$AG115 -> 0 | L115: =+NOVIEMBRE!$AG115 -> 0 | M115: =+DICIEMBRE!$AG115 -> 0 | N115: =SUM(B115:M115) -> 1
A116: CENTRO DE SALUD INSCRITO | B116: =+ENERO!$AG116 -> 1514 | C116: =+FEBRERO!$AG116 -> 1379 | D116: =+MARZO!$AG116 -> 2223 | E116: =+ABRIL!$AG116 -> 2053 | F116: =+MAYO!$AG116 -> 2471 | G116: =+JUNIO!$AG116 -> 1761 | H116: =+Julio!$AG116 -> 1549 | I116: =+agosto!$AG116 -> 1815 | J116: =+septiembre!$AG116 -> 1776 | K116: =+OCTUBRE!$AG116 -> 2197 | L116: =+NOVIEMBRE!$AG116 -> 1368 | M116: =+DICIEMBRE!$AG116 -> 1224 | N116: =SUM(B116:M116) -> 21330
A117: Violeta Parra | B117: =+ENERO!$AG117 -> 1179 | C117: =+FEBRERO!$AG117 -> 1052 | D117: =+MARZO!$AG117 -> 1750 | E117: =+ABRIL!$AG117 -> 1592 | F117: =+MAYO!$AG117 -> 1761 | G117: =+JUNIO!$AG117 -> 1375 | H117: =+Julio!$AG117 -> 1228 | I117: =+agosto!$AG117 -> 1399 | J117: =+septiembre!$AG117 -> 1393 | K117: =+OCTUBRE!$AG117 -> 1744 | L117: =+NOVIEMBRE!$AG117 -> 1329 | M117: =+DICIEMBRE!$AG117 -> 1175 | N117: =SUM(B117:M117) -> 16977
A118: Ultraestación | B118: =+ENERO!$AG118 -> 0 | C118: =+FEBRERO!$AG118 -> 0 | D118: =+MARZO!$AG118 -> 0 | E118: =+ABRIL!$AG118 -> 0 | F118: =+MAYO!$AG118 -> 0 | G118: =+JUNIO!$AG118 -> 0 | H118: =+Julio!$AG118 -> 0 | I118: =+agosto!$AG118 -> 0 | J118: =+septiembre!$AG118 -> 0 | K118: =+OCTUBRE!$AG118 -> 0 | L118: =+NOVIEMBRE!$AG118 -> 39 | M118: =+DICIEMBRE!$AG118 -> 49 | N118: =SUM(B118:M118) -> 88
A119: Los Volcanes | B119: =+ENERO!$AG119 -> 0 | C119: =+FEBRERO!$AG119 -> 0 | D119: =+MARZO!$AG119 -> 0 | E119: =+ABRIL!$AG119 -> 0 | F119: =+MAYO!$AG119 -> 0 | G119: =+JUNIO!$AG119 -> 0 | H119: =+Julio!$AG119 -> 0 | I119: =+agosto!$AG119 -> 0 | J119: =+septiembre!$AG119 -> 0 | K119: =+OCTUBRE!$AG119 -> 0 | L119: =+NOVIEMBRE!$AG119 -> 6178 | M119: =+DICIEMBRE!$AG119 -> 6254 | N119: =SUM(B119:M119) -> 12432
A120: Isabel Riquelme | B120: =+ENERO!$AG120 -> 0 | C120: =+FEBRERO!$AG120 -> 0 | D120: =+MARZO!$AG120 -> 0 | E120: =+ABRIL!$AG120 -> 0 | F120: =+MAYO!$AG120 -> 0 | G120: =+JUNIO!$AG120 -> 0 | H120: =+Julio!$AG120 -> 0 | I120: =+agosto!$AG120 -> 0 | J120: =+septiembre!$AG120 -> 0 | K120: =+OCTUBRE!$AG120 -> 0 | L120: =+NOVIEMBRE!$AG120 -> 1113 | M120: =+DICIEMBRE!$AG120 -> 1084 | N120: =SUM(B120:M120) -> 2197
A121: Sol de Oriente | B121: =+ENERO!$AG121 -> 0 | C121: =+FEBRERO!$AG121 -> 0 | D121: =+MARZO!$AG121 -> 0 | E121: =+ABRIL!$AG121 -> 0 | F121: =+MAYO!$AG121 -> 0 | G121: =+JUNIO!$AG121 -> 0 | H121: =+Julio!$AG121 -> 0 | I121: =+agosto!$AG121 -> 0 | J121: =+septiembre!$AG121 -> 0 | K121: =+OCTUBRE!$AG121 -> 0 | L121: =+NOVIEMBRE!$AG121 -> 235 | M121: =+DICIEMBRE!$AG121 -> 228 | N121: =SUM(B121:M121) -> 463
A122: San Ramón Nonato | B122: =+ENERO!$AG122 -> 0 | C122: =+FEBRERO!$AG122 -> 0 | D122: =+MARZO!$AG122 -> 0 | E122: =+ABRIL!$AG122 -> 0 | F122: =+MAYO!$AG122 -> 0 | G122: =+JUNIO!$AG122 -> 0 | H122: =+Julio!$AG122 -> 0 | I122: =+agosto!$AG122 -> 0 | J122: =+septiembre!$AG122 -> 0 | K122: =+OCTUBRE!$AG122 -> 0 | L122: =+NOVIEMBRE!$AG122 -> 292 | M122: =+DICIEMBRE!$AG122 -> 304 | N122: =SUM(B122:M122) -> 596
A123: Federico Puga | B123: =+ENERO!$AG123 -> 0 | C123: =+FEBRERO!$AG123 -> 0 | D123: =+MARZO!$AG123 -> 0 | E123: =+ABRIL!$AG123 -> 0 | F123: =+MAYO!$AG123 -> 0 | G123: =+JUNIO!$AG123 -> 0 | H123: =+Julio!$AG123 -> 0 | I123: =+agosto!$AG123 -> 0 | J123: =+septiembre!$AG123 -> 0 | K123: =+OCTUBRE!$AG123 -> 0 | L123: =+NOVIEMBRE!$AG123 -> 291 | M123: =+DICIEMBRE!$AG123 -> 322 | N123: =SUM(B123:M123) -> 613
A124: Michelle Bachelet | B124: =+ENERO!$AG124 -> 0 | C124: =+FEBRERO!$AG124 -> 0 | D124: =+MARZO!$AG124 -> 0 | E124: =+ABRIL!$AG124 -> 0 | F124: =+MAYO!$AG124 -> 0 | G124: =+JUNIO!$AG124 -> 0 | H124: =+Julio!$AG124 -> 0 | I124: =+agosto!$AG124 -> 0 | J124: =+septiembre!$AG124 -> 0 | K124: =+OCTUBRE!$AG124 -> 0 | L124: =+NOVIEMBRE!$AG124 -> 298 | M124: =+DICIEMBRE!$AG124 -> 304 | N124: =SUM(B124:M124) -> 602
A125: Coihueco | B125: =+ENERO!$AG125 -> 0 | C125: =+FEBRERO!$AG125 -> 0 | D125: =+MARZO!$AG125 -> 0 | E125: =+ABRIL!$AG125 -> 0 | F125: =+MAYO!$AG125 -> 0 | G125: =+JUNIO!$AG125 -> 0 | H125: =+Julio!$AG125 -> 0 | I125: =+agosto!$AG125 -> 0 | J125: =+septiembre!$AG125 -> 0 | K125: =+OCTUBRE!$AG125 -> 0 | L125: =+NOVIEMBRE!$AG125 -> 3092 | M125: =+DICIEMBRE!$AG125 -> 3164 | N125: =SUM(B125:M125) -> 6256
A126: Pinto | B126: =+ENERO!$AG126 -> 0 | C126: =+FEBRERO!$AG126 -> 0 | D126: =+MARZO!$AG126 -> 0 | E126: =+ABRIL!$AG126 -> 0 | F126: =+MAYO!$AG126 -> 0 | G126: =+JUNIO!$AG126 -> 0 | H126: =+Julio!$AG126 -> 0 | I126: =+agosto!$AG126 -> 0 | J126: =+septiembre!$AG126 -> 0 | K126: =+OCTUBRE!$AG126 -> 0 | L126: =+NOVIEMBRE!$AG126 -> 113 | M126: =+DICIEMBRE!$AG126 -> 84 | N126: =SUM(B126:M126) -> 197
A127: Portezuelo | B127: =+ENERO!$AG127 -> 0 | C127: =+FEBRERO!$AG127 -> 0 | D127: =+MARZO!$AG127 -> 0 | E127: =+ABRIL!$AG127 -> 0 | F127: =+MAYO!$AG127 -> 0 | G127: =+JUNIO!$AG127 -> 0 | H127: =+Julio!$AG127 -> 0 | I127: =+agosto!$AG127 -> 0 | J127: =+septiembre!$AG127 -> 0 | K127: =+OCTUBRE!$AG127 -> 0 | L127: =+NOVIEMBRE!$AG127 -> 51 | M127: =+DICIEMBRE!$AG127 -> 53 | N127: =SUM(B127:M127) -> 104
... A129: Sin Centro de Salud | B129: =+ENERO!$AG129 -> 335 | C129: =+FEBRERO!$AG129 -> 327 | D129: =+MARZO!$AG129 -> 473 | E129: =+ABRIL!$AG129 -> 461 | F129: =+MAYO!$AG129 -> 710 | G129: =+JUNIO!$AG129 -> 386 | H129: =+Julio!$AG129 -> 321 | I129: =+agosto!$AG129 -> 416 | J129: =+septiembre!$AG129 -> 383 | K129: =+OCTUBRE!$AG129 -> 453 | L129: =+NOVIEMBRE!$AG129 -> 64 | M129: =+DICIEMBRE!$AG129 -> 34 | N129: =SUM(B129:M129) -> 4363
A130: CENTRO DE SALUD ATENDIDO | B130: =+ENERO!$AG130 -> 6218 | C130: =+FEBRERO!$AG130 -> 5247 | D130: =+MARZO!$AG130 -> 7090 | E130: =+ABRIL!$AG130 -> 6604 | F130: =+MAYO!$AG130 -> 6766 | G130: =+JUNIO!$AG130 -> 5310 | H130: =+Julio!$AG130 -> 5138 | I130: =+agosto!$AG130 -> 6080 | J130: =+septiembre!$AG130 -> 6434 | K130: =+OCTUBRE!$AG130 -> 6981 | L130: =+NOVIEMBRE!$AG130 -> 17 | M130: =+DICIEMBRE!$AG130 -> 17 | N130: =SUM(B130:M130) -> 61902 | O130: =IF(N130<>N93,"*","") -> *
A131: Violeta Parra | B131: =+ENERO!$AG131 -> 1141 | C131: =+FEBRERO!$AG131 -> 969 | D131: =+MARZO!$AG131 -> 1503 | E131: =+ABRIL!$AG131 -> 1376 | F131: =+MAYO!$AG131 -> 1440 | G131: =+JUNIO!$AG131 -> 1235 | H131: =+Julio!$AG131 -> 1114 | I131: =+agosto!$AG131 -> 1261 | J131: =+septiembre!$AG131 -> 1233 | K131: =+OCTUBRE!$AG131 -> 1443 | L131: =+NOVIEMBRE!$AG131 -> 282 | M131: =+DICIEMBRE!$AG131 -> 291 | N131: =SUM(B131:M131) -> 13288
A132: Ultraestación | B132: =+ENERO!$AG132 -> 221 | C132: =+FEBRERO!$AG132 -> 199 | D132: =+MARZO!$AG132 -> 316 | E132: =+ABRIL!$AG132 -> 271 | F132: =+MAYO!$AG132 -> 238 | G132: =+JUNIO!$AG132 -> 217 | H132: =+Julio!$AG132 -> 240 | I132: =+agosto!$AG132 -> 256 | J132: =+septiembre!$AG132 -> 237 | K132: =+OCTUBRE!$AG132 -> 280 | L132: =+NOVIEMBRE!$AG132 -> 243 | M132: =+DICIEMBRE!$AG132 -> 283 | N132: =SUM(B132:M132) -> 3001
A133: Los Volcanes | B133: =+ENERO!$AG133 -> 272 | C133: =+FEBRERO!$AG133 -> 248 | D133: =+MARZO!$AG133 -> 341 | E133: =+ABRIL!$AG133 -> 338 | F133: =+MAYO!$AG133 -> 352 | G133: =+JUNIO!$AG133 -> 248 | H133: =+Julio!$AG133 -> 221 | I133: =+agosto!$AG133 -> 298 | J133: =+septiembre!$AG133 -> 308 | K133: =+OCTUBRE!$AG133 -> 381 | L133: =+NOVIEMBRE!$AG133 -> 6178 | M133: =+DICIEMBRE!$AG133 -> 6254 | N133: =SUM(B133:M133) -> 15439
A134: Isabel Riquelme | B134: =+ENERO!$AG134 -> 327 | C134: =+FEBRERO!$AG134 -> 220 | D134: =+MARZO!$AG134 -> 409 | E134: =+ABRIL!$AG134 -> 352 | F134: =+MAYO!$AG134 -> 353 | G134: =+JUNIO!$AG134 -> 251 | H134: =+Julio!$AG134 -> 250 | I134: =+agosto!$AG134 -> 345 | J134: =+septiembre!$AG134 -> 322 | K134: =+OCTUBRE!$AG134 -> 345 | L134: =+NOVIEMBRE!$AG134 -> 1170 | M134: =+DICIEMBRE!$AG134 -> 590 | N134: =SUM(B134:M134) -> 4934
A135: Sol de Oriente | B135: =+ENERO!$AG135 -> 296 | C135: =+FEBRERO!$AG135 -> 244 | D135: =+MARZO!$AG135 -> 423 | E135: =+ABRIL!$AG135 -> 383 | F135: =+MAYO!$AG135 -> 404 | G135: =+JUNIO!$AG135 -> 310 | H135: =+Julio!$AG135 -> 265 | I135: =+agosto!$AG135 -> 349 | J135: =+septiembre!$AG135 -> 389 | K135: =+OCTUBRE!$AG135 -> 423 | L135: =+NOVIEMBRE!$AG135 -> 24 | M135: =+DICIEMBRE!$AG135 -> 24 | N135: =SUM(B135:M135) -> 3534
A136: San Ramón Nonato | B136: =+ENERO!$AG136 -> 3023 | C136: =+FEBRERO!$AG136 -> 2548 | D136: =+MARZO!$AG136 -> 3063 | E136: =+ABRIL!$AG136 -> 2894 | F136: =+MAYO!$AG136 -> 2884 | G136: =+JUNIO!$AG136 -> 2185 | H136: =+Julio!$AG136 -> 2304 | I136: =+agosto!$AG136 -> 2653 | J136: =+septiembre!$AG136 -> 3054 | K136: =+OCTUBRE!$AG136 -> 3052 | L136: =+NOVIEMBRE!$AG136 -> 20 | M136: =+DICIEMBRE!$AG136 -> 20 | N136: =SUM(B136:M136) -> 27700
A137: Federico Puga | B137: =+ENERO!$AG137 -> 108 | C137: =+FEBRERO!$AG137 -> 105 | D137: =+MARZO!$AG137 -> 153 | E137: =+ABRIL!$AG137 -> 162 | F137: =+MAYO!$AG137 -> 172 | G137: =+JUNIO!$AG137 -> 104 | H137: =+Julio!$AG137 -> 92 | I137: =+agosto!$AG137 -> 134 | J137: =+septiembre!$AG137 -> 128 | K137: =+OCTUBRE!$AG137 -> 153 | L137: =+NOVIEMBRE!$AG137 -> 4 | M137: =+DICIEMBRE!$AG137 -> 4 | N137: =SUM(B137:M137) -> 1319
A138: Michelle Bachelet | B138: =+ENERO!$AG138 -> 35 | C138: =+FEBRERO!$AG138 -> 55 | D138: =+MARZO!$AG138 -> 68 | E138: =+ABRIL!$AG138 -> 68 | F138: =+MAYO!$AG138 -> 73 | G138: =+JUNIO!$AG138 -> 54 | H138: =+Julio!$AG138 -> 50 | I138: =+agosto!$AG138 -> 53 | J138: =+septiembre!$AG138 -> 65 | K138: =+OCTUBRE!$AG138 -> 66 | L138: =+NOVIEMBRE!$AG138 -> 0 | M138: =+DICIEMBRE!$AG138 -> 0 | N138: =SUM(B138:M138) -> 587
A139: Coihueco | B139: =+ENERO!$AG139 -> 74 | C139: =+FEBRERO!$AG139 -> 77 | D139: =+MARZO!$AG139 -> 78 | E139: =+ABRIL!$AG139 -> 78 | F139: =+MAYO!$AG139 -> 93 | G139: =+JUNIO!$AG139 -> 73 | H139: =+Julio!$AG139 -> 62 | I139: =+agosto!$AG139 -> 80 | J139: =+septiembre!$AG139 -> 67 | K139: =+OCTUBRE!$AG139 -> 102 | L139: =+NOVIEMBRE!$AG139 -> 116 | M139: =+DICIEMBRE!$AG139 -> 110 | N139: =SUM(B139:M139) -> 1010
A140: Pinto | B140: =+ENERO!$AG140 -> 58 | C140: =+FEBRERO!$AG140 -> 41 | D140: =+MARZO!$AG140 -> 62 | E140: =+ABRIL!$AG140 -> 42 | F140: =+MAYO!$AG140 -> 60 | G140: =+JUNIO!$AG140 -> 43 | H140: =+Julio!$AG140 -> 44 | I140: =+agosto!$AG140 -> 38 | J140: =+septiembre!$AG140 -> 47 | K140: =+OCTUBRE!$AG140 -> 66 | L140: =+NOVIEMBRE!$AG140 -> 13 | M140: =+DICIEMBRE!$AG140 -> 15 | N140: =SUM(B140:M140) -> 529
A141: Portezuelo | B141: =+ENERO!$AG141 -> 7 | C141: =+FEBRERO!$AG141 -> 11 | D141: =+MARZO!$AG141 -> 21 | E141: =+ABRIL!$AG141 -> 13 | F141: =+MAYO!$AG141 -> 9 | G141: =+JUNIO!$AG141 -> 7 | H141: =+Julio!$AG141 -> 17 | I141: =+agosto!$AG141 -> 13 | J141: =+septiembre!$AG141 -> 18 | K141: =+OCTUBRE!$AG141 -> 24 | L141: =+NOVIEMBRE!$AG141 -> 103 | M141: =+DICIEMBRE!$AG141 -> 95 | N141: =SUM(B141:M141) -> 338
A142: Otros | B142: =+ENERO!$AG142 -> 211 | C142: =+FEBRERO!$AG142 -> 191 | D142: =+MARZO!$AG142 -> 249 | E142: =+ABRIL!$AG142 -> 238 | F142: =+MAYO!$AG142 -> 253 | G142: =+JUNIO!$AG142 -> 233 | H142: =+Julio!$AG142 -> 197 | I142: =+agosto!$AG142 -> 240 | J142: =+septiembre!$AG142 -> 227 | K142: =+OCTUBRE!$AG142 -> 270 | L142: =+NOVIEMBRE!$AG142 -> 0 | M142: =+DICIEMBRE!$AG142 -> 0 | N142: =SUM(B142:M142) -> 2309
A143: Sin Centro de Salud | B143: =+ENERO!$AG143 -> 445 | C143: =+FEBRERO!$AG143 -> 339 | D143: =+MARZO!$AG143 -> 404 | E143: =+ABRIL!$AG143 -> 389 | F143: =+MAYO!$AG143 -> 435 | G143: =+JUNIO!$AG143 -> 350 | H143: =+Julio!$AG143 -> 282 | I143: =+agosto!$AG143 -> 360 | J143: =+septiembre!$AG143 -> 339 | K143: =+OCTUBRE!$AG143 -> 376 | L143: =+NOVIEMBRE!$AG143 -> 0 | M143: =+DICIEMBRE!$AG143 -> 0 | N143: =SUM(B143:M143) -> 3719
A144: TOTAL ATENDIDOS | B144: =+ENERO!$AG144 -> 6218 | C144: =+FEBRERO!$AG144 -> 5247 | D144: =+MARZO!$AG144 -> 7090 | E144: =+ABRIL!$AG144 -> 6604 | F144: =+MAYO!$AG144 -> 6766 | G144: =+JUNIO!$AG144 -> 5310 | H144: =+Julio!$AG144 -> 5138 | I144: =+agosto!$AG144 -> 6080 | J144: =+septiembre!$AG144 -> 6435 | K144: =+OCTUBRE!$AG144 -> 6981 | L144: =+NOVIEMBRE!$AG144 -> 1964 | M144: =+DICIEMBRE!$AG144 -> 1608 | N144: =SUM(B144:M144) -> 65441 | O144: =IF(N144<>N93,"*","") -> * | P144: EST. ORIGEN
A145: TOTAL NSP | B145: =+ENERO!$AG145 -> 576 | C145: =+FEBRERO!$AG145 -> 396 | D145: =+MARZO!$AG145 -> 997 | E145: =+ABRIL!$AG145 -> 910 | F145: =+MAYO!$AG145 -> 1351 | G145: =+JUNIO!$AG145 -> 544 | H145: =+Julio!$AG145 -> 461 | I145: =+agosto!$AG145 -> 703 | J145: =+septiembre!$AG145 -> 766 | K145: =+OCTUBRE!$AG145 -> 1496 | L145: =+NOVIEMBRE!$AG145 -> 109 | M145: =+DICIEMBRE!$AG145 -> 127 | N145: =SUM(B145:M145) -> 8436
A146: Redirec. de UEH a SAR | B146: =+ENERO!$AG146 -> 0 | C146: =+FEBRERO!$AG146 -> 0 | D146: =+MARZO!$AG146 -> 0 | E146: =+ABRIL!$AG146 -> 0 | F146: =+MAYO!$AG146 -> 0 | G146: =+JUNIO!$AG146 -> 0 | H146: =+Julio!$AG146 -> 0 | I146: =+agosto!$AG146 -> 0 | J146: =+septiembre!$AG146 -> 0 | K146: =+OCTUBRE!$AG146 -> 31 | L146: =+NOVIEMBRE!$AG146 -> 0 | M146: =+DICIEMBRE!$AG146 -> 1 | N146: =+N148+N154 -> 68
A147: NSP Infantil + Adultos | B147: =+ENERO!$AG147 -> 0 | C147: =+FEBRERO!$AG147 -> 0 | D147: =+MARZO!$AG147 -> 0 | E147: =+ABRIL!$AG147 -> 0 | F147: =+MAYO!$AG147 -> 0 | G147: =+JUNIO!$AG147 -> 0 | H147: =+Julio!$AG147 -> 0 | I147: =+agosto!$AG147 -> 0 | J147: =+septiembre!$AG147 -> 0 | K147: =+OCTUBRE!$AG147 -> 28 | L147: =+NOVIEMBRE!$AG147 -> 6 | M147: =+DICIEMBRE!$AG147 -> 3 | N147: =SUM(B147:M147) -> 37
A148: UE Pediatrica a SAR | B148: =+ENERO!$AG148 -> 0 | C148: =+FEBRERO!$AG148 -> 0 | D148: =+MARZO!$AG148 -> 0 | E148: =+ABRIL!$AG148 -> 0 | F148: =+MAYO!$AG148 -> 0 | G148: =+JUNIO!$AG148 -> 0 | H148: =+Julio!$AG148 -> 0 | I148: =+agosto!$AG148 -> 0 | J148: =+septiembre!$AG148 -> 0 | K148: =+OCTUBRE!$AG148 -> 2 | L148: =+NOVIEMBRE!$AG148 -> 0 | M148: =+DICIEMBRE!$AG148 -> 1 | N148: =SUM(B148:M148) -> 3
A149: NSP Infantil | B149: =+ENERO!$AG149 -> 0 | C149: =+FEBRERO!$AG149 -> 0 | D149: =+MARZO!$AG149 -> 0 | E149: =+ABRIL!$AG149 -> 0 | F149: =+MAYO!$AG149 -> 0 | G149: =+JUNIO!$AG149 -> 0 | H149: =+Julio!$AG149 -> 0 | I149: =+agosto!$AG149 -> 0 | J149: =+septiembre!$AG149 -> 0 | K149: =+OCTUBRE!$AG149 -> 1 | L149: =+NOVIEMBRE!$AG149 -> 1729 | M149: =+DICIEMBRE!$AG149 -> 1379 | N149: =SUM(B149:M149) -> 3109
A150: < 1 año | B150: =+ENERO!$AG150 -> 0 | C150: =+FEBRERO!$AG150 -> 0 | D150: =+MARZO!$AG150 -> 0 | E150: =+ABRIL!$AG150 -> 0 | F150: =+MAYO!$AG150 -> 0 | G150: =+JUNIO!$AG150 -> 0 | H150: =+Julio!$AG150 -> 0 | I150: =+agosto!$AG150 -> 0 | J150: =+septiembre!$AG150 -> 0 | K150: =+OCTUBRE!$AG150 -> 100 | L150: =+NOVIEMBRE!$AG150 -> 0 | M150: =+DICIEMBRE!$AG150 -> 0 | N150: =SUM(B150:M150) -> 100
A151: 1 - 4 años | B151: =+ENERO!$AG151 -> 0 | C151: =+FEBRERO!$AG151 -> 0 | D151: =+MARZO!$AG151 -> 0 | E151: =+ABRIL!$AG151 -> 0 | F151: =+MAYO!$AG151 -> 0 | G151: =+JUNIO!$AG151 -> 0 | H151: =+Julio!$AG151 -> 0 | I151: =+agosto!$AG151 -> 0 | J151: =+septiembre!$AG151 -> 0 | K151: =+OCTUBRE!$AG151 -> 17 | L151: =+NOVIEMBRE!$AG151 -> 0 | M151: =+DICIEMBRE!$AG151 -> 0 | N151: =SUM(B151:M151) -> 17
A152: 5 - 9 años | B152: =+ENERO!$AG152 -> 0 | C152: =+FEBRERO!$AG152 -> 0 | D152: =+MARZO!$AG152 -> 0 | E152: =+ABRIL!$AG152 -> 0 | F152: =+MAYO!$AG152 -> 0 | G152: =+JUNIO!$AG152 -> 0 | H152: =+Julio!$AG152 -> 0 | I152: =+agosto!$AG152 -> 0 | J152: =+septiembre!$AG152 -> 0 | K152: =+OCTUBRE!$AG152 -> 83 | L152: =+NOVIEMBRE!$AG152 -> 0 | M152: =+DICIEMBRE!$AG152 -> 0 | N152: =SUM(B152:M152) -> 83
A153: 10 - 14 años | B153: =+ENERO!$AG153 -> 0 | C153: =+FEBRERO!$AG153 -> 0 | D153: =+MARZO!$AG153 -> 0 | E153: =+ABRIL!$AG153 -> 0 | F153: =+MAYO!$AG153 -> 0 | G153: =+JUNIO!$AG153 -> 0 | H153: =+Julio!$AG153 -> 0 | I153: =+agosto!$AG153 -> 0 | J153: =+septiembre!$AG153 -> 0 | K153: =+OCTUBRE!$AG153 -> 0 | L153: =+NOVIEMBRE!$AG153 -> 0 | M153: =+DICIEMBRE!$AG153 -> 4 | N153: =SUM(B153:M153) -> 4
A154: UE Adulto a SAR | B154: =+ENERO!$AG154 -> 0 | C154: =+FEBRERO!$AG154 -> 0 | D154: =+MARZO!$AG154 -> 0 | E154: =+ABRIL!$AG154 -> 0 | F154: =+MAYO!$AG154 -> 0 | G154: =+JUNIO!$AG154 -> 0 | H154: =+Julio!$AG154 -> 0 | I154: =+agosto!$AG154 -> 0 | J154: =+septiembre!$AG154 -> 0 | K154: =+OCTUBRE!$AG154 -> 0 | L154: =+NOVIEMBRE!$AG154 -> 54 | M154: =+DICIEMBRE!$AG154 -> 11 | N154: =SUM(B154:M154) -> 65
A155: NSP Adultos | B155: =+ENERO!$AG155 -> 0 | C155: =+FEBRERO!$AG155 -> 0 | D155: =+MARZO!$AG155 -> 0 | E155: =+ABRIL!$AG155 -> 0 | F155: =+MAYO!$AG155 -> 0 | G155: =+JUNIO!$AG155 -> 0 | H155: =+Julio!$AG155 -> 0 | I155: =+agosto!$AG155 -> 0 | J155: =+septiembre!$AG155 -> 0 | K155: =+OCTUBRE!$AG155 -> 2714 | L155: =+NOVIEMBRE!$AG155 -> 0 | M155: =+DICIEMBRE!$AG155 -> 0 | N155: =SUM(B155:M155) -> 2714
A156: CONSULTA ESPONTANEA | B156: =+ENERO!$AG156 -> 6218 | C156: =+FEBRERO!$AG156 -> 5247 | D156: =+MARZO!$AG156 -> 7090 | E156: =+ABRIL!$AG156 -> 6604 | F156: =+MAYO!$AG156 -> 6789 | G156: =+JUNIO!$AG156 -> 5310 | H156: =+Julio!$AG156 -> 5138 | I156: =+agosto!$AG156 -> 6080 | J156: =+septiembre!$AG156 -> 6459 | K156: =+OCTUBRE!$AG156 -> 143 | L156: =+NOVIEMBRE!$AG156 -> 0 | M156: =+DICIEMBRE!$AG156 -> 0 | N156: =SUM(B156:M156) -> 55078 | O156: PROC. EXTERNA
A157: NSP | B157: =+ENERO!$AG157 -> 576 | C157: =+FEBRERO!$AG157 -> 396 | D157: =+MARZO!$AG157 -> 997 | E157: =+ABRIL!$AG157 -> 910 | F157: =+MAYO!$AG157 -> 1351 | G157: =+JUNIO!$AG157 -> 544 | H157: =+Julio!$AG157 -> 461 | I157: =+agosto!$AG157 -> 703 | J157: =+septiembre!$AG157 -> 766 | K157: =+OCTUBRE!$AG157 -> 0 | L157: =+NOVIEMBRE!$AG157 -> 0 | M157: =+DICIEMBRE!$AG157 -> 0 | N157: =SUM(B157:M157) -> 6704
A158: Derivados de SAPU a SAR | B158: =+ENERO!$AG158 -> 0 | C158: =+FEBRERO!$AG158 -> 0 | D158: =+MARZO!$AG158 -> 0 | E158: =+ABRIL!$AG158 -> 0 | F158: =+MAYO!$AG158 -> 0 | G158: =+JUNIO!$AG158 -> 0 | H158: =+Julio!$AG158 -> 0 | I158: =+agosto!$AG158 -> 0 | J158: =+septiembre!$AG158 -> 0 | K158: =+OCTUBRE!$AG158 -> 10 | L158: =+NOVIEMBRE!$AG158 -> 42 | M158: =+DICIEMBRE!$AG158 -> 44 | N158: =SUM(B158:M158) -> 96
A159: Ultraestación | B159: =+ENERO!$AG159 -> 0 | C159: =+FEBRERO!$AG159 -> 0 | D159: =+MARZO!$AG159 -> 0 | E159: =+ABRIL!$AG159 -> 0 | F159: =+MAYO!$AG159 -> 0 | G159: =+JUNIO!$AG159 -> 0 | H159: =+Julio!$AG159 -> 0 | I159: =+agosto!$AG159 -> 0 | J159: =+septiembre!$AG159 -> 0 | K159: =+OCTUBRE!$AG159 -> 0 | L159: =+NOVIEMBRE!$AG159 -> 0 | M159: =+DICIEMBRE!$AG159 -> 0 | N159: =SUM(B159:M159) -> 0
A160: Los Volcanes | B160: =+ENERO!$AG160 -> 0 | C160: =+FEBRERO!$AG160 -> 0 | D160: =+MARZO!$AG160 -> 0 | E160: =+ABRIL!$AG160 -> 0 | F160: =+MAYO!$AG160 -> 0 | G160: =+JUNIO!$AG160 -> 0 | H160: =+Julio!$AG160 -> 0 | I160: =+agosto!$AG160 -> 0 | J160: =+septiembre!$AG160 -> 0 | K160: =+OCTUBRE!$AG160 -> 2416 | L160: =+NOVIEMBRE!$AG160 -> 0 | M160: =+DICIEMBRE!$AG160 -> 0 | N160: =SUM(B160:M160) -> 2416
A161: Violeta Parra | B161: =+ENERO!$AG161 -> 0 | C161: =+FEBRERO!$AG161 -> 0 | D161: =+MARZO!$AG161 -> 0 | E161: =+ABRIL!$AG161 -> 0 | F161: =+MAYO!$AG161 -> 0 | G161: =+JUNIO!$AG161 -> 0 | H161: =+Julio!$AG161 -> 0 | I161: =+agosto!$AG161 -> 0 | J161: =+septiembre!$AG161 -> 0 | K161: =+OCTUBRE!$AG161 -> 0 | L161: =+NOVIEMBRE!$AG161 -> 0 | M161: =+DICIEMBRE!$AG161 -> 0 | N161: =SUM(B161:M161) -> 0
A162: Isabel Riquelme | B162: =+ENERO!$AG162 -> 0 | C162: =+FEBRERO!$AG162 -> 0 | D162: =+MARZO!$AG162 -> 0 | E162: =+ABRIL!$AG162 -> 0 | F162: =+MAYO!$AG162 -> 0 | G162: =+JUNIO!$AG162 -> 0 | H162: =+Julio!$AG162 -> 0 | I162: =+agosto!$AG162 -> 0 | J162: =+septiembre!$AG162 -> 0 | K162: =+OCTUBRE!$AG162 -> 0 | L162: =+NOVIEMBRE!$AG162 -> 0 | M162: =+DICIEMBRE!$AG162 -> 2 | N162: =SUM(B162:M162) -> 2
A163: Sol de Oriente | B163: =+ENERO!$AG163 -> 0 | C163: =+FEBRERO!$AG163 -> 0 | D163: =+MARZO!$AG163 -> 0 | E163: =+ABRIL!$AG163 -> 0 | F163: =+MAYO!$AG163 -> 0 | G163: =+JUNIO!$AG163 -> 0 | H163: =+Julio!$AG163 -> 0 | I163: =+agosto!$AG163 -> 0 | J163: =+septiembre!$AG163 -> 0 | K163: =+OCTUBRE!$AG163 -> 0 | L163: =+NOVIEMBRE!$AG163 -> 0 | M163: =+DICIEMBRE!$AG163 -> 0 | N163: =SUM(B163:M163) -> 0
A164: San Ramón Nonato | B164: =+ENERO!$AG164 -> 0 | C164: =+FEBRERO!$AG164 -> 0 | D164: =+MARZO!$AG164 -> 0 | E164: =+ABRIL!$AG164 -> 0 | F164: =+MAYO!$AG164 -> 0 | G164: =+JUNIO!$AG164 -> 0 | H164: =+Julio!$AG164 -> 0 | I164: =+agosto!$AG164 -> 0 | J164: =+septiembre!$AG164 -> 0 | K164: =+OCTUBRE!$AG164 -> 13 | L164: =+NOVIEMBRE!$AG164 -> 0 | M164: =+DICIEMBRE!$AG164 -> 0 | N164: =SUM(B164:M164) -> 13
A165: Federico Puga | B165: =+ENERO!$AG165 -> 0 | C165: =+FEBRERO!$AG165 -> 0 | D165: =+MARZO!$AG165 -> 0 | E165: =+ABRIL!$AG165 -> 0 | F165: =+MAYO!$AG165 -> 0 | G165: =+JUNIO!$AG165 -> 0 | H165: =+Julio!$AG165 -> 0 | I165: =+agosto!$AG165 -> 0 | J165: =+septiembre!$AG165 -> 0 | K165: =+OCTUBRE!$AG165 -> 54 | L165: =+NOVIEMBRE!$AG165 -> 0 | M165: =+DICIEMBRE!$AG165 -> 1 | N165: =SUM(B165:M165) -> 55
A166: Michelle Bachelet | B166: =+ENERO!$AG166 -> 0 | C166: =+FEBRERO!$AG166 -> 0 | D166: =+MARZO!$AG166 -> 0 | E166: =+ABRIL!$AG166 -> 0 | F166: =+MAYO!$AG166 -> 0 | G166: =+JUNIO!$AG166 -> 0 | H166: =+Julio!$AG166 -> 0 | I166: =+agosto!$AG166 -> 0 | J166: =+septiembre!$AG166 -> 0 | K166: =+OCTUBRE!$AG166 -> 0 | L166: =+NOVIEMBRE!$AG166 -> 0 | M166: =+DICIEMBRE!$AG166 -> 0 | N166: =SUM(B166:M166) -> 0
A167: Derivados de SUR a SAR | B167: =+ENERO!$AG167 -> 0 | C167: =+FEBRERO!$AG167 -> 0 | D167: =+MARZO!$AG167 -> 0 | E167: =+ABRIL!$AG167 -> 0 | F167: =+MAYO!$AG167 -> 0 | G167: =+JUNIO!$AG167 -> 0 | H167: =+Julio!$AG167 -> 0 | I167: =+agosto!$AG167 -> 0 | J167: =+septiembre!$AG167 -> 0 | K167: =+OCTUBRE!$AG167 -> 0 | L167: =+NOVIEMBRE!$AG167 -> 4 | M167: =+DICIEMBRE!$AG167 -> 9 | N167: =SUM(B167:M167) -> 13
A168: Coihueco | B168: =+ENERO!$AG168 -> 0 | C168: =+FEBRERO!$AG168 -> 0 | D168: =+MARZO!$AG168 -> 0 | E168: =+ABRIL!$AG168 -> 0 | F168: =+MAYO!$AG168 -> 0 | G168: =+JUNIO!$AG168 -> 0 | H168: =+Julio!$AG168 -> 0 | I168: =+agosto!$AG168 -> 0 | J168: =+septiembre!$AG168 -> 0 | K168: =+OCTUBRE!$AG168 -> 0 | L168: =+NOVIEMBRE!$AG168 -> 13 | M168: =+DICIEMBRE!$AG168 -> 14 | N168: =SUM(B168:M168) -> 27
... A172: OTROS NSP | B172: =+ENERO!$AG172 -> 0 | C172: =+FEBRERO!$AG172 -> 0 | D172: =+MARZO!$AG172 -> 0 | E172: =+ABRIL!$AG172 -> 0 | F172: =+MAYO!$AG172 -> 0 | G172: =+JUNIO!$AG172 -> 0 | H172: =+Julio!$AG172 -> 0 | I172: =+agosto!$AG172 -> 0 | J172: =+septiembre!$AG172 -> 0 | K172: =+OCTUBRE!$AG172 -> 0 | L172: =+NOVIEMBRE!$AG172 -> 2 | M172: =+DICIEMBRE!$AG172 -> 1 | N172: =SUM(B172:M172) -> 3
A173: Traidos por SAMU a SAR | B173: =+ENERO!$AG173 -> 28 | C173: =+FEBRERO!$AG173 -> 26 | D173: =+MARZO!$AG173 -> 20 | E173: =+ABRIL!$AG173 -> 28 | F173: =+MAYO!$AG173 -> 44 | G173: =+JUNIO!$AG173 -> 32 | H173: =+Julio!$AG173 -> 42 | I173: =+agosto!$AG173 -> 90 | J173: =+septiembre!$AG173 -> 27 | K173: =+OCTUBRE!$AG173 -> 0 | L173: =+NOVIEMBRE!$AG173 -> 90 | M173: =+DICIEMBRE!$AG173 -> 83 | N173: =SUM(B173:M173) -> 510 | O173: MEDIO DE LLEGADA
A174: SAMU 1 | B174: =+ENERO!$AG174 -> 25 | C174: =+FEBRERO!$AG174 -> 23 | D174: =+MARZO!$AG174 -> 13 | E174: =+ABRIL!$AG174 -> 22 | F174: =+MAYO!$AG174 -> 43 | G174: =+JUNIO!$AG174 -> 27 | H174: =+Julio!$AG174 -> 36 | I174: =+agosto!$AG174 -> 82 | J174: =+septiembre!$AG174 -> 23 | K174: =+OCTUBRE!$AG174 -> 1 | L174: =+NOVIEMBRE!$AG174 -> 1094 | M174: =+DICIEMBRE!$AG174 -> 934 | N174: =SUM(B174:M174) -> 2323
A175: SAMU 2 | B175: =+ENERO!$AG175 -> 3 | C175: =+FEBRERO!$AG175 -> 2 | D175: =+MARZO!$AG175 -> 7 | E175: =+ABRIL!$AG175 -> 6 | F175: =+MAYO!$AG175 -> 1 | G175: =+JUNIO!$AG175 -> 5 | H175: =+Julio!$AG175 -> 6 | I175: =+agosto!$AG175 -> 8 | J175: =+septiembre!$AG175 -> 4 | K175: =+OCTUBRE!$AG175 -> 0 | L175: =+NOVIEMBRE!$AG175 -> 3738 | M175: =+DICIEMBRE!$AG175 -> 3876 | N175: =SUM(B175:M175) -> 7656
A176: SAMU 3 | B176: =+ENERO!$AG176 -> 0 | C176: =+FEBRERO!$AG176 -> 1 | D176: =+MARZO!$AG176 -> 0 | E176: =+ABRIL!$AG176 -> 0 | F176: =+MAYO!$AG176 -> 0 | G176: =+JUNIO!$AG176 -> 0 | H176: =+Julio!$AG176 -> 0 | I176: =+agosto!$AG176 -> 0 | J176: =+septiembre!$AG176 -> 0 | K176: =+OCTUBRE!$AG176 -> 0 | L176: =+NOVIEMBRE!$AG176 -> 1254 | M176: =+DICIEMBRE!$AG176 -> 1360 | N176: =SUM(B176:M176) -> 2615
A177: Derivado de SAR a UEH | B177: =+ENERO!$AG177 -> 125 | C177: =+FEBRERO!$AG177 -> 98 | D177: =+MARZO!$AG177 -> 101 | E177: =+ABRIL!$AG177 -> 131 | F177: =+MAYO!$AG177 -> 103 | G177: =+JUNIO!$AG177 -> 120 | H177: =+Julio!$AG177 -> 115 | I177: =+agosto!$AG177 -> 104 | J177: =+septiembre!$AG177 -> 91 | K177: =+OCTUBRE!$AG177 -> 0 | L177: =+NOVIEMBRE!$AG177 -> 0 | M177: =+DICIEMBRE!$AG177 -> 0 | N177: =SUM(B177:M177) -> 988 | O177: DESTINO
A178: PEDIATRICOS | B178: =+ENERO!$AG178 -> 15 | C178: =+FEBRERO!$AG178 -> 10 | D178: =+MARZO!$AG178 -> 12 | E178: =+ABRIL!$AG178 -> 21 | F178: =+MAYO!$AG178 -> 15 | G178: =+JUNIO!$AG178 -> 18 | H178: =+Julio!$AG178 -> 11 | I178: =+agosto!$AG178 -> 15 | J178: =+septiembre!$AG178 -> 14 | K178: =+OCTUBRE!$AG178 -> 3 | L178: =+NOVIEMBRE!$AG178 -> 0 | M178: =+DICIEMBRE!$AG178 -> 0 | N178: =SUM(B178:M178) -> 134 | O178: DESTINO
...

Sheet FORMATO
A2: MES | B2: 1 | C2: =+B2+1 -> 2 | D2: =+C2+1 -> 3 | E2: =+D2+1 -> 4 | F2: =+E2+1 -> 5 | G2: =+F2+1 -> 6 | H2: =+G2+1 -> 7 | I2: =+H2+1 -> 8 | J2: =+I2+1 -> 9 | ... AF2: =+AE2+1 -> 31 | AG2: TOTAL
A3: Total de Inscritos | B3: =SUM(B4:B27) -> 0 | C3: =SUM(C4:C27) -> 0 | D3: =SUM(D4:D27) -> 0 | E3: =SUM(E4:E27) -> 0 | F3: =SUM(F4:F27) -> 0 | G3: =SUM(G4:G27) -> 0 | H3: =SUM(H4:H27) -> 0 | I3: =SUM(I4:I27) -> 0 | ... AF3: =SUM(AF4:AF27) -> 0 | AG3: =SUM(B3:AF3) -> 0
A4: 08:00 | AG4: =SUM(B4:AF4) -> 0
A5: 09:00 | AG5: =SUM(B5:AF5) -> 0
A6: 10:00 | AG6: =SUM(B6:AF6) -> 0
A7: 11:00 | AG7: =SUM(B7:AF7) -> 0
A8: 12:00 | AG8: =SUM(B8:AF8) -> 0
A9: 13:00 | AG9: =SUM(B9:AF9) -> 0
A10: 14:00 | AG10: =SUM(B10:AF10) -> 0
A11: 15:00 | AG11: =SUM(B11:AF11) -> 0
A12: 16:00 | AG12: =SUM(B12:AF12) -> 0
A13: 17:00 | AG13: =SUM(B13:AF13) -> 0
A14: 18:00 | AG14: =SUM(B14:AF14) -> 0
A15: 19:00 | AG15: =SUM(B15:AF15) -> 0
... A27: 07:00 | AG27: =SUM(B27:AF27) -> 0
A28: Total de atendidos | B28: =SUM(B29:B52) -> 0 | C28: =SUM(C29:C52) -> 0 | D28: =SUM(D29:D52) -> 0 | E28: =SUM(E29:E52) -> 0 | F28: =SUM(F29:F52) -> 0 | G28: =SUM(G29:G52) -> 0 | H28: =SUM(H29:H52) -> 0 | I28: =SUM(I29:I52) -> 0 | ... AF28: =SUM(AF29:AF52) -> 0 | AG28: =SUM(B28:AF28) -> 0
A29: 08:00 | AG29: =SUM(B29:AF29) -> 0
A30: 09:00 | AG30: =SUM(B30:AF30) -> 0
A31: 10:00 | AG31: =SUM(B31:AF31) -> 0
A32: 11:00 | AG32: =SUM(B32:AF32) -> 0
A33: 12:00 | AG33: =SUM(B33:AF33) -> 0
A34: 13:00 | AG34: =SUM(B34:AF34) -> 0
A35: 14:00 | AG35: =SUM(B35:AF35) -> 0
A36: 15:00 | AG36: =SUM(B36:AF36) -> 0
A37: 16:00 | AG37: =SUM(B37:AF37) -> 0
A38: 17:00 | AG38: =SUM(B38:AF38) -> 0
A39: 18:00 | AG39: =SUM(B39:AF39) -> 0
A40: 19:00 | AG40: =SUM(B40:AF40) -> 0
... A52: 07:00 | AG52: =SUM(B52:AF52) -> 0
A53: Total de NSP | B53: =SUM(B54:B77) -> 0 | C53: =SUM(C54:C77) -> 0 | D53: =SUM(D54:D77) -> 0 | E53: =SUM(E54:E77) -> 0 | F53: =SUM(F54:F77) -> 0 | G53: =SUM(G54:G77) -> 0 | H53: =SUM(H54:H77) -> 0 | I53: =SUM(I54:I77) -> 0 | ... AF53: =SUM(AF54:AF77) -> 0 | AG53: =SUM(B53:AF53) -> 0
A54: 08:00 | AG54: =SUM(B54:AF54) -> 0
A55: 09:00 | AG55: =SUM(B55:AF55) -> 0
A56: 10:00 | AG56: =SUM(B56:AF56) -> 0
A57: 11:00 | AG57: =SUM(B57:AF57) -> 0
A58: 12:00 | AG58: =SUM(B58:AF58) -> 0
A59: 13:00 | AG59: =SUM(B59:AF59) -> 0
A60: 14:00 | AG60: =SUM(B60:AF60) -> 0
A61: 15:00 | AG61: =SUM(B61:AF61) -> 0
A62: 16:00 | AG62: =SUM(B62:AF62) -> 0
A63: 17:00 | AG63: =SUM(B63:AF63) -> 0
A64: 18:00 | AG64: =SUM(B64:AF64) -> 0
A65: 19:00 | AG65: =SUM(B65:AF65) -> 0
... A77: 07:00 | AG77: =SUM(B77:AF77) -> 0
A78: TOTAL PACIENTES INSCRITOS | B78: =SUM(B79:B80) -> 0 | C78: =SUM(C79:C80) -> 0 | D78: =SUM(D79:D80) -> 0 | E78: =SUM(E79:E80) -> 0 | F78: =SUM(F79:F80) -> 0 | G78: =SUM(G79:G80) -> 0 | H78: =SUM(H79:H80) -> 0 | I78: =SUM(I79:I80) -> 0 | ... AF78: =SUM(AF79:AF80) -> 0 | AG78: =SUM(B78:AF78) -> 0
A79: SAR | B79: =SUM(B4:B27)-B80 -> 0 | C79: =SUM(C4:C27)-C80 -> 0 | D79: =SUM(D4:D27)-D80 -> 0 | E79: =SUM(E4:E27)-E80 -> 0 | F79: =SUM(F4:F27)-F80 -> 0 | G79: =SUM(G4:G27)-G80 -> 0 | H79: =SUM(H4:H27)-H80 -> 0 | I79: =SUM(I4:I27)-I80 -> 0 | ... AF79: =SUM(AF4:AF27)-AF80 -> 0 | AG79: =SUM(B79:AF79) -> 0
A80: PAR | AG80: =SUM(B80:AF80) -> 0
A81: TOTAL NSP | B81: =SUM(B82:B83) -> 0 | C81: =SUM(C82:C83) -> 0 | D81: =SUM(D82:D83) -> 0 | E81: =SUM(E82:E83) -> 0 | F81: =SUM(F82:F83) -> 0 | G81: =SUM(G82:G83) -> 0 | H81: =SUM(H82:H83) -> 0 | I81: =SUM(I82:I83) -> 0 | ... AF81: =SUM(AF82:AF83) -> 0 | AG81: =SUM(B81:AF81) -> 0 | AH81: =IF(AG81<>AG53,"*","")
A82: PAR | B82: =SUM(B54:B62) -> 0 | C82: =SUM(C54:C62) -> 0 | D82: =SUM(D54:D62) -> 0 | E82: =SUM(E54:E62) -> 0 | F82: =SUM(F54:F62) -> 0 | G82: =SUM(G54:G62) -> 0 | H82: =SUM(H54:H62) -> 0 | I82: =SUM(I54:I62) -> 0 | ... AF82: =SUM(AF54:AF62) -> 0 | AG82: =SUM(B82:AF82) -> 0
A83: SAR | B83: =SUM(B54:B77)-B82 -> 0 | C83: =SUM(C54:C77)-C82 -> 0 | D83: =SUM(D54:D77)-D82 -> 0 | E83: =SUM(E54:E77)-E82 -> 0 | F83: =SUM(F54:F77)-F82 -> 0 | G83: =SUM(G54:G77)-G82 -> 0 | H83: =SUM(H54:H77)-H82 -> 0 | I83: =SUM(I54:I77)-I82 -> 0 | ... AF83: =SUM(AF54:AF77)-AF82 -> 0 | AG83: =SUM(B83:AF83) -> 0
A84: NSP PEDIATR. / ADULTOS | B84: =SUM(B85:B86) -> 0 | C84: =SUM(C85:C86) -> 0 | D84: =SUM(D85:D86) -> 0 | E84: =SUM(E85:E86) -> 0 | F84: =SUM(F85:F86) -> 0 | G84: =SUM(G85:G86) -> 0 | H84: =SUM(H85:H86) -> 0 | I84: =SUM(I85:I86) -> 0 | ... AF84: =SUM(AF85:AF86) -> 0 | AG84: =SUM(B84:AF84) -> 0 | AH84: =IF(AG84<>AG82+AG83,"*","")
A85: NSP PEDIATRICOS (<15 AÑOS) | AG85: =SUM(B85:AF85) -> 0
A86: NSP ADULTOS | AG86: =SUM(B86:AF86) -> 0
A87: NSP CATEGORIZACION | B87: =SUM(B88:B92) -> 0 | C87: =SUM(C88:C92) -> 0 | D87: =SUM(D88:D92) -> 0 | E87: =SUM(E88:E92) -> 0 | F87: =SUM(F88:F92) -> 0 | G87: =SUM(G88:G92) -> 0 | H87: =SUM(H88:H92) -> 0 | I87: =SUM(I88:I92) -> 0 | ... AF87: =SUM(AF88:AF92) -> 0 | AG87: =SUM(B87:AF87) -> 0 | AH87: =IF(AG87<>AG84,"*","")
A88: SIN CATEGORIZACIÓN nsp | AG88: =SUM(B88:AF88) -> 0
A89: C2 | AG89: =SUM(B89:AF89) -> 0
A90: C3 | AG90: =SUM(B90:AF90) -> 0
A91: C4 | AG91: =SUM(B91:AF91) -> 0
A92: C5 | AG92: =SUM(B92:AF92) -> 0
A93: TOTAL PACIENTES ATENDIDOS | B93: =+B94+B100 -> 0 | C93: =+C94+C100 -> 0 | D93: =+D94+D100 -> 0 | E93: =+E94+E100 -> 0 | F93: =+F94+F100 -> 0 | G93: =+G94+G100 -> 0 | H93: =+H94+H100 -> 0 | I93: =+I94+I100 -> 0 | ... AF93: =+AF94+AF100 -> 0 | AG93: =SUM(B93:AF93) -> 0 | AH93: =IF(AG93<>AG28,"*","")
A94: Menor 15 años | B94: =SUM(B95:B99) -> 0 | C94: =SUM(C95:C99) -> 0 | D94: =SUM(D95:D99) -> 0 | E94: =SUM(E95:E99) -> 0 | F94: =SUM(F95:F99) -> 0 | G94: =SUM(G95:G99) -> 0 | H94: =SUM(H95:H99) -> 0 | I94: =SUM(I95:I99) -> 0 | ... AF94: =SUM(AF95:AF99) -> 0 | AG94: =SUM(B94:AF94) -> 0
A95: Menor 1 Año | AG95: =SUM(B95:AF95) -> 0
A96: 1 Año | AG96: =SUM(B96:AF96) -> 0
A97: 2 - 4 | AG97: =SUM(B97:AF97) -> 0
A98: 5 - 9 | AG98: =SUM(B98:AF98) -> 0
A99: 10 - 14 | AG99: =SUM(B99:AF99) -> 0
A100: Mayor de 15 años | B100: =SUM(B101:B115) -> 0 | C100: =SUM(C101:C115) -> 0 | D100: =SUM(D101:D115) -> 0 | E100: =SUM(E101:E115) -> 0 | F100: =SUM(F101:F115) -> 0 | G100: =SUM(G101:G115) -> 0 | H100: =SUM(H101:H115) -> 0 | I100: =SUM(I101:I115) -> 0 | ... AF100: =SUM(AF101:AF115) -> 0 | AG100: =SUM(B100:AF100) -> 0
A101: 15 - 19 | AG101: =SUM(B101:AF101) -> 0
A102: 20 - 24 | AG102: =SUM(B102:AF102) -> 0
A103: 25 - 29 | AG103: =SUM(B103:AF103) -> 0
A104: 30 - 34 | AG104: =SUM(B104:AF104) -> 0
A105: 35 - 39 | AG105: =SUM(B105:AF105) -> 0
A106: 40 - 44 | AG106: =SUM(B106:AF106) -> 0
A107: 45 - 49 | AG107: =SUM(B107:AF107) -> 0
A108: 50 - 54 | AG108: =SUM(B108:AF108) -> 0
A109: 55 - 59 | AG109: =SUM(B109:AF109) -> 0
A110: 60 - 64 | AG110: =SUM(B110:AF110) -> 0
A111: 65 - 69 | AG111: =SUM(B111:AF111) -> 0
A112: 70 - 74 | AG112: =SUM(B112:AF112) -> 0
... A114: 80 y mas | AG114: =SUM(B114:AF114) -> 0
AG115: =SUM(B115:AF115) -> 0 | AK115: 603
A116: CENTRO DE SALUD INSCRITO | B116: =SUM(B117:B118) -> 0 | C116: =SUM(C117:C118) -> 0 | D116: =SUM(D117:D118) -> 0 | E116: =SUM(E117:E118) -> 0 | F116: =SUM(F117:F118) -> 0 | G116: =SUM(G117:G118) -> 0 | H116: =SUM(H117:H118) -> 0 | I116: =SUM(I117:I118) -> 0 | ... AF116: =SUM(AF117:AF118) -> 0 | AG116: =SUM(B116:AF116) -> 0 | AK116: 612
A117: Violeta Parra | AG117: =SUM(B117:AF117) -> 0 | AK117: 613
A118: Sin Centro de Salud | AG118: =SUM(B118:AF118) -> 0 | AK118: CESFAM QUINCHAMALI
A119: CENTRO DE SALUD ATENDIDO | B119: =SUM(B120:B132) -> 0 | C119: =SUM(C120:C132) -> 0 | D119: =SUM(D120:D132) -> 0 | E119: =SUM(E120:E132) -> 0 | F119: =SUM(F120:F132) -> 0 | G119: =SUM(G120:G132) -> 0 | H119: =SUM(H120:H132) -> 0 | I119: =SUM(I120:I132) -> 0 | ... AF119: =SUM(AF120:AF132) -> 0 | AG119: =SUM(B119:AF119) -> 0 | AH119: =IF(AG119<>AG93,"*","") | AK119: CESFAM SAN GREGORIO
A120: Violeta Parra | AG120: =SUM(B120:AF120) -> 0 | AK120: CESFAM SAN RAMON NONATO
A121: Ultraestación | AG121: =SUM(B121:AF121) -> 0 | AK121: CESFAM SANTA CLARA BULNES
A122: Los Volcanes | AG122: =SUM(B122:AF122) -> 0 | AK122: CESFAM SOL DE ORIENTE
A123: Isabel Riquelme | AG123: =SUM(B123:AF123) -> 0 | AK123: CESFAM TERESA BALDECCHI
A124: Sol de Oriente | AG124: =SUM(B124:AF124) -> 0 | AK124: CESFAM ULTRAESTACION
A125: San Ramón Nonato | AG125: =SUM(B125:AF125) -> 0 | AK125: CESFAM VIOLETA PARRA
A126: Federico Puga | AG126: =SUM(B126:AF126) -> 0 | AK126: CONS. NO DEFINIDO
A127: Michelle Bachelet | AG127: =SUM(B127:AF127) -> 0 | AK127: CONS. RURAL PINTO
A128: Coihueco | AG128: =SUM(B128:AF128) -> 0 | AK128: CONS. RURAL PORTEZUELO
A129: Pinto | AG129: =SUM(B129:AF129) -> 0 | AK129: CONS. RURAL QUILLON
A130: Portezuelo | AG130: =SUM(B130:AF130) -> 0 | AK130: CONS. RURAL SAN FABIAN
A131: Otros | AG131: =SUM(B131:AF131) -> 0 | AK131: CONS. RURAL SAN IGNACIO
A132: Sin Centro de Salud | AG132: =SUM(B132:AF132) -> 0 | AK132: CONS. RURAL SAN NICOLAS
A133: TOTAL ATENDIDOS | B133: =+B28 -> 0 | C133: =+C28 -> 0 | D133: =+D28 -> 0 | E133: =+E28 -> 0 | F133: =+F28 -> 0 | G133: =+G28 -> 0 | H133: =+H28 -> 0 | I133: =+I28 -> 0 | ... AF133: =+AF28 -> 0 | AG133: =SUM(B133:AF133) -> 0 | AH133: =IF(AG133<>AG93,"*","") | AK133: CONS. RURAL TREHUACO
A134: TOTAL NSP | B134: =+B53 -> 0 | C134: =+C53 -> 0 | D134: =+D53 -> 0 | E134: =+E53 -> 0 | F134: =+F53 -> 0 | G134: =+G53 -> 0 | H134: =+H53 -> 0 | I134: =+I53 -> 0 | ... AF134: =+AF53 -> 0 | AG134: =SUM(B134:AF134) -> 0 | AK134: CONS. SAN RAFAEL (LA PINTANA)
A135: Traidos por SAMU a SAR | B135: =SUM(B136:B138) -> 0 | C135: =SUM(C136:C138) -> 0 | D135: =SUM(D136:D138) -> 0 | E135: =SUM(E136:E138) -> 0 | F135: =SUM(F136:F138) -> 0 | G135: =SUM(G136:G138) -> 0 | H135: =SUM(H136:H138) -> 0 | I135: =SUM(I136:I138) -> 0 | ... AF135: =SUM(AF136:AF138) -> 0 | AG135: =SUM(B135:AF135) -> 0 | AH135: MEDIO DE LLEGADA | AK135: CONSULTORIO CAMPANARIO
...

Sheet ENERO
A2: ENERO | B2: 1 | C2: =+B2+1 -> 2 | D2: =+C2+1 -> 3 | E2: =+D2+1 -> 4 | F2: =+E2+1 -> 5 | G2: =+F2+1 -> 6 | H2: =+G2+1 -> 7 | I2: =+H2+1 -> 8 | J2: =+I2+1 -> 9 | ... AA2: =+Z2+1 -> 26 | AB2: 27 | AC2: =+AB2+1 -> 28 | AD2: 29 | AE2: 30 | AF2: 31 | AG2: TOTAL
A3: Total de Inscritos | B3: =SUM(B4:B27) -> 210 | C3: =SUM(C4:C27) -> 253 | D3: =SUM(D4:D27) -> 303 | E3: =SUM(E4:E27) -> 249 | F3: =SUM(F4:F27) -> 263 | G3: =SUM(G4:G27) -> 246 | H3: =SUM(H4:H27) -> 250 | I3: =SUM(I4:I27) -> 207 | ... AF3: =SUM(AF4:AF27) -> 224 | AG3: =SUM(B3:AF3) -> 6791
A4: 08:00 | B4: 5 | C4: 13 | D4: 9 | E4: 12 | F4: 14 | G4: 6 | H4: 11 | I4: 4 | J4: 11 | K4: 11 | L4: 15 | M4: 12 | N4: 5 | O4: 13 | P4: 6 | Q4: 8 | R4: 8 | S4: 9 | T4: 11 | U4: 12 | V4: 8 | W4: 5 | X4: 8 | Y4: 7 | Z4: 11 | AA4: 16 | AB4: 11 | AF4: 11 | AG4: =SUM(B4:AF4) -> 272
A5: 09:00 | B5: 10 | C5: 10 | D5: 15 | E5: 17 | F5: 12 | G5: 10 | H5: 14 | I5: 4 | J5: 15 | K5: 11 | L5: 17 | M5: 11 | N5: 15 | O5: 12 | P5: 6 | Q5: 22 | R5: 13 | S5: 18 | T5: 18 | U5: 8 | V5: 15 | W5: 8 | X5: 14 | Y5: 8 | Z5: 12 | AA5: 8 | AB5: 8 | AE5: 12 | AF5: 14 | AG5: =SUM(B5:AF5) -> 357
A6: 10:00 | B6: 9 | C6: 15 | D6: 17 | E6: 14 | F6: 14 | G6: 19 | H6: 22 | I6: 12 | J6: 13 | K6: 15 | L6: 13 | M6: 14 | N6: 10 | O6: 17 | P6: 12 | Q6: 24 | R6: 13 | S6: 11 | T6: 11 | U6: 14 | V6: 10 | W6: 16 | X6: 18 | Y6: 7 | Z6: 10 | AA6: 13 | AB6: 13 | AE6: 16 | AF6: 14 | AG6: =SUM(B6:AF6) -> 406
A7: 11:00 | B7: 18 | C7: 19 | D7: 16 | E7: 19 | F7: 14 | G7: 21 | H7: 23 | I7: 16 | J7: 18 | K7: 16 | L7: 12 | M7: 10 | N7: 14 | O7: 14 | P7: 9 | Q7: 19 | R7: 18 | S7: 19 | T7: 13 | U7: 21 | V7: 13 | W7: 17 | X7: 17 | Y7: 8 | Z7: 15 | AA7: 6 | AB7: 8 | AE7: 18 | AF7: 17 | AG7: =SUM(B7:AF7) -> 448
A8: 12:00 | B8: 19 | C8: 21 | D8: 16 | E8: 21 | F8: 14 | G8: 11 | H8: 10 | I8: 19 | J8: 14 | K8: 18 | L8: 10 | M8: 12 | N8: 14 | O8: 14 | P8: 18 | Q8: 18 | R8: 23 | S8: 15 | T8: 10 | U8: 9 | V8: 13 | W8: 16 | X8: 12 | Y8: 19 | Z8: 10 | AA8: 17 | AB8: 12 | AE8: 14 | AF8: 11 | AG8: =SUM(B8:AF8) -> 430
A9: 13:00 | B9: 5 | C9: 17 | D9: 16 | E9: 8 | F9: 13 | G9: 15 | H9: 18 | I9: 6 | J9: 9 | K9: 8 | L9: 16 | M9: 9 | N9: 10 | O9: 14 | P9: 12 | Q9: 19 | R9: 7 | S9: 10 | T9: 7 | U9: 7 | V9: 8 | W9: 7 | X9: 11 | Y9: 11 | Z9: 7 | AA9: 6 | AB9: 12 | AE9: 7 | AF9: 8 | AG9: =SUM(B9:AF9) -> 303
A10: 14:00 | B10: 10 | C10: 19 | D10: 14 | E10: 8 | F10: 14 | G10: 15 | H10: 17 | I10: 11 | J10: 11 | K10: 12 | L10: 13 | M10: 5 | N10: 10 | O10: 13 | P10: 6 | Q10: 9 | R10: 8 | S10: 6 | T10: 11 | U10: 14 | V10: 14 | W10: 7 | X10: 14 | Y10: 11 | Z10: 12 | AA10: 9 | AB10: 15 | AE10: 8 | AF10: 6 | AG10: =SUM(B10:AF10) -> 322
A11: 15:00 | B11: 15 | C11: 14 | D11: 19 | E11: 17 | F11: 15 | G11: 10 | H11: 22 | I11: 15 | J11: 17 | K11: 20 | L11: 13 | M11: 18 | N11: 14 | O11: 10 | P11: 13 | Q11: 19 | R11: 9 | S11: 13 | T11: 7 | U11: 18 | V11: 13 | W11: 16 | X11: 11 | Y11: 12 | Z11: 7 | AA11: 12 | AB11: 16 | AE11: 16 | AF11: 11 | AG11: =SUM(B11:AF11) -> 412
A12: 16:00 | B12: 12 | C12: 20 | D12: 32 | E12: 20 | F12: 23 | G12: 18 | H12: 12 | I12: 14 | J12: 19 | K12: 13 | L12: 18 | M12: 13 | N12: 25 | O12: 18 | P12: 13 | Q12: 18 | R12: 24 | S12: 23 | T12: 25 | U12: 11 | V12: 15 | W12: 16 | X12: 10 | Y12: 18 | Z12: 26 | AA12: 13 | AB12: 9 | AE12: 26 | AF12: 14 | AG12: =SUM(B12:AF12) -> 518
A13: 17:00 | B13: 6 | C13: 8 | D13: 27 | E13: 24 | F13: 17 | G13: 23 | H13: 21 | I13: 6 | J13: 28 | K13: 17 | L13: 18 | M13: 20 | N13: 21 | O13: 12 | P13: 11 | Q13: 23 | R13: 15 | S13: 20 | T13: 24 | U13: 14 | V13: 9 | W13: 15 | X13: 19 | Y13: 19 | Z13: 28 | AA13: 18 | AB13: 15 | AE13: 25 | AF13: 20 | AG13: =SUM(B13:AF13) -> 523
A14: 18:00 | B14: 13 | C14: 14 | D14: 26 | E14: 9 | F14: 23 | G14: 19 | H14: 10 | I14: 16 | J14: 8 | K14: 19 | L14: 15 | M14: 21 | N14: 15 | O14: 10 | P14: 3 | Q14: 17 | R14: 9 | S14: 12 | T14: 16 | U14: 15 | V14: 8 | W14: 12 | X14: 8 | Y14: 17 | Z14: 12 | AA14: 12 | AB14: 16 | AE14: 18 | AF14: 6 | AG14: =SUM(B14:AF14) -> 399
A15: 19:00 | B15: 8 | C15: 12 | D15: 18 | E15: 19 | F15: 21 | G15: 14 | H15: 9 | I15: 9 | J15: 13 | K15: 16 | L15: 11 | M15: 8 | N15: 7 | O15: 13 | P15: 12 | Q15: 19 | R15: 24 | S15: 9 | T15: 17 | U15: 13 | V15: 13 | W15: 14 | X15: 24 | Y15: 12 | Z15: 9 | AA15: 11 | AB15: 10 | AE15: 8 | AF15: 15 | AG15: =SUM(B15:AF15) -> 388
A16: 20:00 | B16: 18 | C16: 14 | D16: 18 | E16: 19 | F16: 9 | G16: 20 | H16: 10 | I16: 11 | J16: 15 | K16: 15 | L16: 17 | M16: 16 | N16: 9 | O16: 15 | P16: 13 | Q16: 16 | R16: 14 | S16: 15 | T16: 17 | U16: 12 | V16: 7 | W16: 12 | X16: 16 | Y16: 14 | Z16: 15 | AA16: 17 | AB16: 13 | AE16: 16 | AF16: 14 | AG16: =SUM(B16:AF16) -> 417
... A22: 02:00 | B22: 0 | C22: 2 | D22: 3 | E22: 1 | F22: 5 | G22: 3 | H22: 8 | I22: 2 | J22: 4 | K22: 1 | L22: 3 | M22: 4 | N22: 4 | O22: 3 | P22: 0 | Q22: 4 | R22: 1 | S22: 3 | T22: 4 | U22: 1 | V22: 3 | W22: 3 | X22: 1 | Y22: 3 | Z22: 2 | AA22: 4 | AB22: 1 | AE22: 4 | AF22: 2 | AG22: =SUM(B22:AF22) -> 79
A23: 03:00 | B23: 1 | C23: 1 | D23: 0 | E23: 0 | F23: 4 | G23: 3 | H23: 1 | I23: 2 | J23: 0 | K23: 3 | L23: 1 | M23: 4 | N23: 7 | O23: 1 | P23: 0 | Q23: 3 | R23: 1 | S23: 4 | T23: 2 | X23: 1 | Y23: 2 | Z23: 1 | AA23: 1 | AE23: 2 | AF23: 5 | AG23: =SUM(B23:AF23) -> 50
A24: 04:00 | B24: 2 | C24: 0 | D24: 2 | E24: 0 | F24: 0 | G24: 0 | H24: 0 | I24: 1 | J24: 0 | K24: 1 | L24: 2 | M24: 1 | N24: 1 | O24: 2 | P24: 0 | Q24: 0 | R24: 0 | S24: 0 | T24: 1 | V24: 2 | Y24: 1 | AA24: 1 | AE24: 2 | AF24: 1 | AG24: =SUM(B24:AF24) -> 20
A25: 05:00 | B25: 2 | C25: 0 | D25: 2 | E25: 0 | F25: 2 | G25: 1 | H25: 3 | I25: 2 | J25: 0 | K25: 1 | L25: 2 | M25: 0 | N25: 0 | O25: 2 | P25: 5 | Q25: 0 | R25: 0 | S25: 0 | T25: 2 | U25: 1 | V25: 1 | W25: 1 | Z25: 2 | AF25: 4 | AG25: =SUM(B25:AF25) -> 33
A26: 06:00 | B26: 2 | C26: 0 | D26: 1 | E26: 0 | F26: 2 | G26: 3 | H26: 0 | I26: 3 | J26: 1 | K26: 2 | L26: 1 | M26: 0 | N26: 0 | O26: 1 | P26: 0 | Q26: 1 | R26: 1 | S26: 4 | T26: 0 | U26: 3 | W26: 3 | X26: 2 | Y26: 1 | Z26: 1 | AE26: 1 | AF26: 1 | AG26: =SUM(B26:AF26) -> 34
A27: 07:00 | B27: 2 | C27: 4 | D27: 3 | E27: 1 | F27: 10 | G27: 4 | H27: 2 | I27: 3 | J27: 2 | K27: 1 | L27: 7 | M27: 2 | N27: 0 | O27: 2 | P27: 7 | Q27: 5 | R27: 9 | S27: 5 | T27: 6 | U27: 2 | X27: 4 | Y27: 5 | Z27: 6 | AA27: 8 | AE27: 5 | AF27: 1 | AG27: =SUM(B27:AF27) -> 106
A28: Total de atendidos | B28: =SUM(B29:B52) -> 202 | C28: =SUM(C29:C52) -> 237 | D28: =SUM(D29:D52) -> 254 | E28: =SUM(E29:E52) -> 215 | F28: =SUM(F29:F52) -> 224 | G28: =SUM(G29:G52) -> 210 | H28: =SUM(H29:H52) -> 238 | I28: =SUM(I29:I52) -> 202 | ... AF28: =SUM(AF29:AF52) -> 195 | AG28: =SUM(B28:AF28) -> 6218
A29: 08:00 | B29: 2 | C29: 8 | D29: 7 | E29: 5 | F29: 8 | G29: 3 | H29: 3 | I29: 5 | J29: 4 | K29: 4 | L29: 12 | M29: 6 | N29: 3 | O29: 12 | P29: 3 | Q29: 7 | R29: 6 | S29: 8 | T29: 5 | U29: 5 | V29: 4 | W29: 2 | X29: 4 | Y29: 4 | Z29: 5 | AA29: 10 | AB29: 2 | AE29: 4 | AF29: 4 | AG29: =SUM(B29:AF29) -> 155
A30: 09:00 | B30: 6 | C30: 10 | D30: 8 | E30: 8 | F30: 12 | G30: 7 | H30: 14 | I30: 3 | J30: 10 | K30: 5 | L30: 13 | M30: 13 | N30: 6 | O30: 5 | P30: 10 | Q30: 8 | R30: 11 | S30: 10 | T30: 6 | U30: 10 | V30: 7 | W30: 7 | X30: 10 | Y30: 7 | Z30: 9 | AA30: 5 | AB30: 6 | AE30: 1 | AF30: 10 | AG30: =SUM(B30:AF30) -> 237
A31: 10:00 | B31: 10 | C31: 11 | D31: 15 | E31: 10 | F31: 8 | G31: 10 | H31: 14 | I31: 7 | J31: 11 | K31: 11 | L31: 9 | M31: 13 | N31: 11 | O31: 12 | P31: 10 | Q31: 13 | R31: 12 | S31: 11 | T31: 11 | U31: 6 | V31: 16 | W31: 9 | X31: 9 | Y31: 5 | Z31: 11 | AA31: 13 | AB31: 13 | AE31: 3 | AF31: 10 | AG31: =SUM(B31:AF31) -> 304
A32: 11:00 | B32: 9 | C32: 15 | D32: 13 | E32: 12 | F32: 10 | G32: 14 | H32: 18 | I32: 16 | J32: 10 | K32: 6 | L32: 9 | M32: 9 | N32: 16 | O32: 11 | P32: 10 | Q32: 11 | R32: 10 | S32: 6 | T32: 8 | U32: 11 | V32: 8 | W32: 8 | X32: 11 | Y32: 5 | Z32: 6 | AA32: 10 | AB32: 9 | AE32: 13 | AF32: 8 | AG32: =SUM(B32:AF32) -> 302
A33: 12:00 | B33: 14 | C33: 12 | D33: 15 | E33: 10 | F33: 10 | G33: 11 | H33: 14 | I33: 15 | J33: 12 | K33: 9 | L33: 13 | M33: 8 | N33: 1 | O33: 14 | P33: 11 | Q33: 19 | R33: 13 | S33: 13 | T33: 8 | U33: 10 | V33: 14 | W33: 10 | X33: 9 | Y33: 11 | Z33: 8 | AA33: 12 | AB33: 10 | AE33: 10 | AF33: 13 | AG33: =SUM(B33:AF33) -> 329
A34: 13:00 | B34: 12 | C34: 17 | D34: 5 | E34: 14 | F34: 7 | G34: 9 | H34: 15 | I34: 10 | J34: 6 | K34: 12 | L34: 7 | M34: 7 | N34: 6 | O34: 13 | P34: 13 | Q34: 7 | R34: 14 | S34: 9 | T34: 3 | U34: 7 | V34: 13 | W34: 11 | X34: 7 | Y34: 5 | Z34: 9 | AA34: 5 | AB34: 6 | AE34: 4 | AF34: 7 | AG34: =SUM(B34:AF34) -> 260
A35: 14:00 | B35: 7 | C35: 8 | D35: 14 | E35: 12 | F35: 11 | G35: 6 | H35: 11 | I35: 6 | J35: 12 | K35: 12 | L35: 4 | M35: 7 | N35: 8 | O35: 13 | P35: 9 | Q35: 19 | R35: 6 | S35: 3 | T35: 9 | U35: 10 | V35: 9 | W35: 9 | X35: 16 | Y35: 1 | Z35: 6 | AA35: 8 | AB35: 10 | AE35: 14 | AF35: 7 | AG35: =SUM(B35:AF35) -> 267
A36: 15:00 | B36: 11 | C36: 12 | D36: 17 | E36: 12 | F36: 11 | G36: 14 | H36: 16 | I36: 12 | J36: 13 | K36: 10 | L36: 9 | M36: 12 | N36: 11 | O36: 10 | P36: 8 | Q36: 14 | R36: 13 | S36: 14 | T36: 11 | U36: 12 | V36: 10 | W36: 11 | X36: 15 | Y36: 3 | Z36: 17 | AA36: 9 | AB36: 5 | AE36: 18 | AF36: 7 | AG36: =SUM(B36:AF36) -> 337
A37: 16:00 | B37: 7 | C37: 17 | D37: 15 | E37: 13 | F37: 6 | G37: 11 | H37: 16 | I37: 14 | J37: 12 | K37: 17 | L37: 7 | M37: 12 | N37: 10 | O37: 11 | P37: 10 | Q37: 15 | R37: 12 | S37: 13 | T37: 8 | U37: 8 | V37: 14 | W37: 17 | X37: 12 | Y37: 18 | Z37: 15 | AA37: 8 | AB37: 9 | AE37: 15 | AF37: 8 | AG37: =SUM(B37:AF37) -> 350
A38: 17:00 | B38: 16 | C38: 14 | D38: 7 | E38: 10 | F38: 13 | G38: 5 | H38: 15 | I38: 12 | J38: 5 | K38: 15 | L38: 14 | M38: 5 | N38: 10 | O38: 21 | P38: 11 | Q38: 10 | R38: 11 | S38: 9 | T38: 12 | U38: 9 | V38: 9 | W38: 13 | X38: 2 | Y38: 12 | Z38: 7 | AA38: 9 | AB38: 8 | AE38: 11 | AF38: 5 | AG38: =SUM(B38:AF38) -> 300
A39: 18:00 | B39: 10 | C39: 13 | D39: 10 | E39: 12 | F39: 20 | G39: 13 | H39: 16 | I39: 13 | J39: 14 | K39: 15 | L39: 15 | M39: 22 | N39: 10 | O39: 15 | P39: 14 | Q39: 12 | R39: 16 | S39: 9 | T39: 16 | U39: 19 | V39: 10 | W39: 14 | X39: 19 | Y39: 13 | Z39: 14 | AA39: 18 | AB39: 14 | AE39: 12 | AF39: 7 | AG39: =SUM(B39:AF39) -> 405
A40: 19:00 | B40: 9 | C40: 18 | D40: 28 | E40: 13 | F40: 17 | G40: 19 | H40: 12 | I40: 11 | J40: 20 | K40: 16 | L40: 22 | M40: 20 | N40: 16 | O40: 12 | P40: 9 | Q40: 16 | R40: 14 | S40: 24 | T40: 17 | U40: 17 | V40: 16 | W40: 13 | X40: 22 | Y40: 23 | Z40: 26 | AA40: 17 | AB40: 12 | AE40: 14 | AF40: 11 | AG40: =SUM(B40:AF40) -> 484
... A47: 02:00 | B47: 3 | C47: 0 | D47: 10 | E47: 1 | F47: 2 | G47: 3 | H47: 6 | I47: 2 | J47: 2 | K47: 5 | L47: 5 | M47: 3 | N47: 4 | O47: 1 | P47: 3 | Q47: 10 | R47: 10 | S47: 3 | T47: 3 | U47: 1 | V47: 4 | W47: 8 | X47: 1 | Y47: 1 | Z47: 7 | AA47: 3 | AB47: 3 | AE47: 3 | AF47: 4 | AG47: =SUM(B47:AF47) -> 111
A48: 03:00 | B48: 1 | C48: 1 | D48: 1 | E48: 0 | F48: 4 | G48: 6 | H48: 2 | I48: 1 | J48: 2 | K48: 0 | L48: 2 | M48: 4 | N48: 7 | O48: 2 | P48: 0 | Q48: 2 | R48: 0 | S48: 4 | T48: 1 | V48: 1 | W48: 5 | X48: 2 | Y48: 5 | Z48: 1 | AA48: 2 | AE48: 2 | AF48: 11 | AG48: =SUM(B48:AF48) -> 69
A49: 04:00 | B49: 2 | C49: 0 | D49: 0 | E49: 0 | F49: 2 | G49: 0 | H49: 1 | I49: 2 | J49: 0 | K49: 0 | L49: 2 | M49: 1 | N49: 1 | O49: 3 | P49: 0 | Q49: 1 | R49: 0 | S49: 0 | T49: 3 | V49: 2 | W49: 1 | AA49: 2 | AE49: 2 | AG49: =SUM(B49:AF49) -> 25
A50: 05:00 | B50: 1 | C50: 0 | D50: 2 | E50: 0 | F50: 4 | G50: 0 | H50: 1 | I50: 2 | J50: 0 | K50: 2 | L50: 2 | M50: 0 | N50: 0 | O50: 0 | P50: 3 | Q50: 0 | R50: 0 | S50: 0 | T50: 1 | V50: 1 | X50: 1 | Y50: 1 | Z50: 1 | AG50: =SUM(B50:AF50) -> 22
A51: 06:00 | B51: 1 | C51: 0 | D51: 3 | E51: 0 | F51: 0 | G51: 0 | H51: 2 | I51: 1 | J51: 0 | K51: 0 | L51: 0 | M51: 0 | N51: 0 | O51: 3 | P51: 2 | Q51: 1 | R51: 0 | S51: 0 | T51: 1 | U51: 3 | W51: 3 | Z51: 1 | AG51: =SUM(B51:AF51) -> 21
A52: 07:00 | B52: 4 | C52: 0 | D52: 2 | E52: 0 | F52: 0 | G52: 6 | H52: 0 | I52: 3 | J52: 1 | K52: 3 | L52: 2 | M52: 0 | N52: 0 | O52: 0 | P52: 2 | Q52: 1 | R52: 0 | S52: 3 | T52: 3 | U52: 3 | W52: 2 | X52: 3 | Y52: 4 | Z52: 2 | AA52: 3 | AE52: 2 | AG52: =SUM(B52:AF52) -> 49
A53: Total de NSP | B53: =SUM(B54:B77) -> 8 | C53: =SUM(C54:C77) -> 16 | D53: =SUM(D54:D77) -> 49 | E53: =SUM(E54:E77) -> 34 | F53: =SUM(F54:F77) -> 39 | G53: =SUM(G54:G77) -> 36 | H53: =SUM(H54:H77) -> 12 | I53: =SUM(I54:I77) -> 5 | ... AF53: =SUM(AF54:AF77) -> 29 | AG53: =SUM(B53:AF53) -> 576
A54: 08:00 | E54: 1 | X54: 1 | Y54: 1 | Z54: 1 | AA54: 1 | AG54: =SUM(B54:AF54) -> 5
A55: 09:00 | B55: 1 | F55: 1 | R55: 1 | S55: 1 | T55: 1 | W55: 2 | AG55: =SUM(B55:AF55) -> 7
A56: 10:00 | E56: 1 | F56: 1 | M56: 1 | Q56: 1 | U56: 1 | Y56: 1 | AG56: =SUM(B56:AF56) -> 6
A57: 11:00 | C57: 1 | D57: 2 | F57: 2 | G57: 1 | J57: 3 | S57: 1 | T57: 2 | U57: 1 | V57: 1 | AF57: 1 | AG57: =SUM(B57:AF57) -> 15
A58: 12:00 | B58: 1 | E58: 1 | F58: 1 | G58: 2 | H58: 1 | I58: 1 | J58: 1 | M58: 2 | R58: 2 | S58: 1 | U58: 3 | W58: 1 | Z58: 1 | AA58: 1 | AB58: 2 | AE58: 1 | AF58: 2 | AG58: =SUM(B58:AF58) -> 24
A59: 13:00 | B59: 1 | C59: 1 | E59: 1 | F59: 3 | K59: 3 | L59: 3 | N59: 1 | Q59: 1 | R59: 1 | U59: 2 | W59: 1 | AE59: 1 | AF59: 2 | AG59: =SUM(B59:AF59) -> 21
A60: 14:00 | B60: 2 | C60: 1 | D60: 2 | E60: 4 | F60: 2 | I60: 1 | J60: 1 | K60: 2 | M60: 1 | N60: 1 | O60: 1 | Q60: 2 | R60: 2 | S60: 1 | T60: 3 | U60: 4 | X60: 2 | Y60: 1 | AB60: 4 | AE60: 3 | AF60: 1 | AG60: =SUM(B60:AF60) -> 41
A61: 15:00 | C61: 1 | D61: 4 | E61: 2 | F61: 4 | G61: 1 | H61: 2 | J61: 4 | K61: 2 | N61: 2 | O61: 1 | Q61: 3 | R61: 2 | S61: 1 | U61: 4 | X61: 4 | Y61: 5 | AE61: 5 | AF61: 2 | AG61: =SUM(B61:AF61) -> 49
A62: 16:00 | B62: 1 | D62: 2 | E62: 2 | F62: 0 | G62: 2 | N62: 3 | O62: 2 | P62: 1 | Q62: 4 | R62: 1 | S62: 4 | T62: 3 | Z62: 1 | AF62: 2 | AG62: =SUM(B62:AF62) -> 28
A63: 17:00 | E63: 2 | F63: 3 | G63: 2 | J63: 4 | K63: 2 | L63: 6 | N63: 1 | O63: 2 | Q63: 3 | R63: 2 | T63: 9 | U63: 1 | X63: 1 | Y63: 3 | AA63: 1 | AB63: 1 | AF63: 1 | AG63: =SUM(B63:AF63) -> 44
A64: 18:00 | B64: 1 | C64: 2 | F64: 3 | G64: 1 | I64: 1 | J64: 1 | L64: 4 | M64: 2 | N64: 6 | Q64: 3 | S64: 1 | T64: 4 | U64: 1 | W64: 2 | X64: 6 | Y64: 5 | Z64: 2 | AB64: 3 | AE64: 5 | AF64: 1 | AG64: =SUM(B64:AF64) -> 54
A65: 19:00 | D65: 5 | E65: 1 | F65: 4 | G65: 3 | J65: 3 | K65: 1 | L65: 1 | M65: 3 | N65: 1 | O65: 1 | Q65: 3 | R65: 2 | T65: 1 | U65: 1 | W65: 1 | X65: 2 | Y65: 3 | AA65: 2 | AE65: 1 | AF65: 4 | AG65: =SUM(B65:AF65) -> 43
A66: 20:00 | C66: 5 | D66: 8 | E66: 4 | F66: 2 | G66: 4 | H66: 2 | J66: 1 | L66: 1 | M66: 1 | N66: 4 | Q66: 3 | R66: 1 | S66: 5 | T66: 4 | W66: 3 | Y66: 1 | Z66: 2 | AB66: 3 | AE66: 2 | AF66: 2 | AG66: =SUM(B66:AF66) -> 58
A67: 21:00 | B67: 1 | C67: 1 | D67: 3 | E67: 1 | F67: 4 | G67: 10 | H67: 4 | L67: 5 | Q67: 5 | R67: 1 | S67: 1 | T67: 4 | U67: 1 | X67: 1 | Y67: 1 | Z67: 1 | AA67: 2 | AB67: 2 | AF67: 3 | AG67: =SUM(B67:AF67) -> 51
A68: 22:00 | D68: 11 | E68: 3 | F68: 4 | G68: 1 | H68: 1 | K68: 5 | L68: 2 | N68: 2 | Y68: 4 | Z68: 2 | AA68: 1 | AB68: 4 | AE68: 2 | AF68: 1 | AG68: =SUM(B68:AF68) -> 43
A69: 23:00 | C69: 2 | D69: 5 | E69: 6 | G69: 1 | H69: 1 | J69: 2 | K69: 2 | N69: 1 | Q69: 4 | S69: 1 | U69: 1 | V69: 1 | AB69: 2 | AF69: 1 | AG69: =SUM(B69:AF69) -> 30
A70: 00:00 | C70: 2 | D70: 3 | E70: 2 | F70: 2 | G70: 4 | H70: 1 | I70: 1 | Q70: 2 | U70: 1 | W70: 2 | AA70: 1 | AF70: 4 | AG70: =SUM(B70:AF70) -> 25
A71: 01:00 | D71: 4 | E71: 3 | G71: 4 | I71: 1 | K71: 1 | N71: 1 | Q71: 1 | S71: 1 | W71: 1 | AA71: 3 | AF71: 1 | AG71: =SUM(B71:AF71) -> 21
A72: 02:00 | W72: 2 | Y72: 2 | AE72: 1 | AG72: =SUM(B72:AF72) -> 5
A73: 03:00 | F73: 1 | AF73: 1 | AG73: =SUM(B73:AF73) -> 2
A74: 04:00 | N74: 1 | AG74: =SUM(B74:AF74) -> 1
A75: 05:00 | AG75: =SUM(B75:AF75) -> 0
A76: 06:00 | S76: 1 | AG76: =SUM(B76:AF76) -> 1
A77: 07:00 | F77: 2 | AG77: =SUM(B77:AF77) -> 2
A78: TOTAL PACIENTES INSCRITOS | B78: =SUM(B79:B80) -> 210 | C78: =SUM(C79:C80) -> 253 | D78: =SUM(D79:D80) -> 303 | E78: =SUM(E79:E80) -> 249 | F78: =SUM(F79:F80) -> 263 | G78: =SUM(G79:G80) -> 246 | H78: =SUM(H79:H80) -> 250 | I78: =SUM(I79:I80) -> 207 | ... U78: =SUM(U79:U80) -> 218 | V78: 218 | W78: 218 | X78: =SUM(X79:X80) -> 234 | Y78: =SUM(Y79:Y80) -> 220 | Z78: =SUM(Z79:Z80) -> 237 | AA78: =SUM(AA79:AA80) -> 222 | AB78: =SUM(AB79:AB80) -> 198 | AC78: =SUM(AC79:AC80) -> 0 | AD78: =SUM(AD79:AD80) -> 0 | AE78: =SUM(AE79:AE80) -> 236 | AF78: =SUM(AF79:AF80) -> 224 | AG78: =SUM(B78:AF78) -> 6818
A79: SAR | B79: =SUM(B4:B27)-B80 -> 210 | C79: =SUM(C4:C27)-C80 -> 253 | D79: =SUM(D4:D27)-D80 -> 303 | E79: =SUM(E4:E27)-E80 -> 249 | F79: =SUM(F4:F27)-F80 -> 130 | G79: =SUM(G4:G27)-G80 -> 121 | H79: =SUM(H4:H27)-H80 -> 101 | I79: =SUM(I4:I27)-I80 -> 207 | ... U79: =SUM(U4:U27)-U80 -> 104 | V79: 104 | W79: 104 | X79: =SUM(X4:X27)-X80 -> 234 | Y79: =SUM(Y4:Y27)-Y80 -> 119 | Z79: =SUM(Z4:Z27)-Z80 -> 237 | AA79: =SUM(AA4:AA27)-AA80 -> 122 | AB79: =SUM(AB4:AB27)-AB80 -> 94 | AD79: =SUM(AD4:AD27)-AD80 -> 0 | AE79: =SUM(AE4:AE27)-AE80 -> 236 | AF79: =SUM(AF4:AF27)-AF80 -> 118 | AG79: =SUM(B79:AF79) -> 4952
A80: PAR | D80: 0 | E80: 0 | F80: =SUM(F4:F12) -> 133 | G80: =SUM(G4:G12) -> 125 | H80: =SUM(H4:H12) -> 149 | K80: 0 | L80: 0 | M80: =SUM(M4:M12) -> 104 | N80: =SUM(N4:N12) -> 117 | O80: =SUM(O4:O12) -> 125 | R80: =SUM(R4:R12) -> 123 | S80: =SUM(S4:S12) -> 124 | T80: =SUM(T4:T12) -> 113 | U80: =SUM(U4:U12) -> 114 | V80: 114 | W80: 114 | Y80: =SUM(Y4:Y12) -> 101 | AA80: =SUM(AA4:AA12) -> 100 | AB80: =SUM(AB4:AB12) -> 104 | AF80: =SUM(AF4:AF12) -> 106 | AG80: =SUM(B80:AF80) -> 1866
A81: TOTAL NSP | B81: =SUM(B82:B83) -> 8 | C81: =SUM(C82:C83) -> 16 | D81: =SUM(D82:D83) -> 49 | E81: =SUM(E82:E83) -> 34 | F81: =SUM(F82:F83) -> 39 | G81: =SUM(G82:G83) -> 36 | H81: =SUM(H82:H83) -> 12 | I81: =SUM(I82:I83) -> 5 | ... U81: =SUM(U82:U83) -> 21 | V81: 2 | W81: =SUM(W82:W83) -> 15 | X81: =SUM(X82:X83) -> 17 | Y81: =SUM(Y82:Y83) -> 27 | Z81: =SUM(Z82:Z83) -> 10 | AA81: =SUM(AA82:AA83) -> 12 | AB81: =SUM(AB82:AB83) -> 21 | AC81: =SUM(AC82:AC83) -> 0 | AD81: =SUM(AD82:AD83) -> 0 | ... AF81: =SUM(AF82:AF83) -> 29 | AG81: =SUM(B81:AF81) -> 576 | AH81: =IF(AG81<>AG53,"*","")
A82: PAR | B82: =SUM(B54:B62) -> 6 | C82: =SUM(C54:C62) -> 4 | D82: =SUM(D54:D62) -> 10 | E82: =SUM(E54:E62) -> 12 | F82: =SUM(F54:F62) -> 14 | G82: =SUM(G54:G62) -> 6 | H82: =SUM(H54:H62) -> 3 | I82: =SUM(I54:I62) -> 2 | ... U82: =SUM(U54:U62) -> 15 | V82: 1 | W82: =SUM(W54:W62) -> 4 | X82: =SUM(X54:X62) -> 7 | Y82: =SUM(Y54:Y62) -> 8 | Z82: =SUM(Z54:Z62) -> 3 | AA82: =SUM(AA54:AA62) -> 2 | AB82: =SUM(AB54:AB62) -> 6 | AD82: =SUM(AD54:AD62) -> 0 | AE82: =SUM(AE54:AE62) -> 10 | AF82: =SUM(AF54:AF62) -> 10 | AG82: =SUM(B82:AF82) -> 196
A83: SAR | B83: =SUM(B54:B77)-B82 -> 2 | C83: =SUM(C54:C77)-C82 -> 12 | D83: =SUM(D54:D77)-D82 -> 39 | E83: =SUM(E54:E77)-E82 -> 22 | F83: =SUM(F54:F77)-F82 -> 25 | G83: =SUM(G54:G77)-G82 -> 30 | H83: =SUM(H54:H77)-H82 -> 9 | I83: =SUM(I54:I77)-I82 -> 3 | ... U83: =SUM(U54:U77)-U82 -> 6 | V83: 1 | W83: =SUM(W54:W77)-W82 -> 11 | X83: =SUM(X54:X77)-X82 -> 10 | Y83: =SUM(Y54:Y77)-Y82 -> 19 | Z83: =SUM(Z54:Z77)-Z82 -> 7 | AA83: =SUM(AA54:AA77)-AA82 -> 10 | AB83: =SUM(AB54:AB77)-AB82 -> 15 | AD83: =SUM(AD54:AD77)-AD82 -> 0 | AE83: =SUM(AE54:AE77)-AE82 -> 11 | AF83: =SUM(AF54:AF77)-AF82 -> 19 | AG83: =SUM(B83:AF83) -> 380
A84: NSP PEDIATR. / ADULTOS | B84: =SUM(B85:B86) -> 8 | C84: =SUM(C85:C86) -> 16 | D84: =SUM(D85:D86) -> 49 | E84: =SUM(E85:E86) -> 34 | F84: =SUM(F85:F86) -> 39 | G84: =SUM(G85:G86) -> 36 | H84: =SUM(H85:H86) -> 12 | I84: =SUM(I85:I86) -> 5 | ... U84: =SUM(U85:U86) -> 21 | V84: 2 | W84: =SUM(W85:W86) -> 15 | X84: =SUM(X85:X86) -> 17 | Y84: =SUM(Y85:Y86) -> 27 | Z84: =SUM(Z85:Z86) -> 10 | AA84: =SUM(AA85:AA86) -> 12 | AB84: =SUM(AB85:AB86) -> 21 | AC84: =SUM(AC85:AC86) -> 0 | AD84: =SUM(AD85:AD86) -> 0 | ... AF84: =SUM(AF85:AF86) -> 29 | AG84: =SUM(B84:AF84) -> 576 | AH84: =IF(AG84<>AG82+AG83,"*","") | AI84: NSP
A85: NSP PEDIATRICOS (<15 AÑOS) | B85: 3 | C85: 4 | D85: 9 | E85: 7 | F85: 10 | G85: 8 | H85: 3 | I85: 3 | J85: 3 | K85: 3 | L85: 4 | M85: 3 | N85: 1 | O85: 1 | P85: 0 | Q85: 7 | R85: 4 | S85: 0 | T85: 7 | U85: 3 | V85: 0 | W85: 4 | X85: 2 | Y85: 4 | Z85: 0 | AA85: 2 | AB85: 3 | AE85: 1 | AF85: 3 | AG85: =SUM(B85:AF85) -> 102
A86: NSP ADULTOS | B86: 5 | C86: 12 | D86: 40 | E86: 27 | F86: 29 | G86: 28 | H86: 9 | I86: 2 | J86: 17 | K86: 15 | L86: 18 | M86: 7 | N86: 23 | O86: 6 | P86: 1 | Q86: 28 | R86: 11 | S86: 19 | T86: 24 | U86: 18 | V86: 2 | W86: 11 | X86: 15 | Y86: 23 | Z86: 10 | AA86: 10 | AB86: 18 | AE86: 20 | AF86: 26 | AG86: =SUM(B86:AF86) -> 474
A87: NSP CATEGORIZACION | B87: =SUM(B88:B92) -> 8 | C87: =SUM(C88:C92) -> 16 | D87: =SUM(D88:D92) -> 49 | E87: =SUM(E88:E92) -> 34 | F87: =SUM(F88:F92) -> 39 | G87: =SUM(G88:G92) -> 36 | H87: =SUM(H88:H92) -> 12 | I87: =SUM(I88:I92) -> 5 | ... AF87: =SUM(AF88:AF92) -> 29 | AG87: =SUM(B87:AF87) -> 576 | AH87: =IF(AG87<>AG84,"*","")
A88: SIN CATEGORIZACIÓN nsp | B88: 4 | C88: 9 | D88: 7 | E88: 5 | F88: 14 | G88: 5 | H88: 2 | I88: 2 | J88: 12 | K88: 5 | L88: 4 | M88: 1 | N88: 10 | O88: 4 | Q88: 5 | R88: 6 | S88: 6 | T88: 12 | U88: 7 | V88: 1 | W88: 2 | X88: 7 | Y88: 7 | Z88: 2 | AA88: 5 | AB88: 5 | AE88: 4 | AF88: 11 | AG88: =SUM(B88:AF88) -> 164
A89: C2 | AF89: 1 | AG89: =SUM(B89:AF89) -> 1
A90: C3 | G90: 1 | L90: 1 | AF90: 3 | AG90: =SUM(B90:AF90) -> 5
A91: C4 | C91: 4 | D91: 25 | E91: 14 | F91: 12 | G91: 16 | H91: 2 | I91: 1 | J91: 4 | K91: 7 | L91: 8 | M91: 1 | N91: 9 | P91: 1 | Q91: 17 | R91: 7 | S91: 6 | T91: 13 | U91: 4 | W91: 11 | X91: 6 | Y91: 8 | Z91: 3 | AA91: 4 | AB91: 8 | AE91: 7 | AF91: 4 | AG91: =SUM(B91:AF91) -> 202
A92: C5 | B92: 4 | C92: 3 | D92: 17 | E92: 15 | F92: 13 | G92: 14 | H92: 8 | I92: 2 | J92: 4 | K92: 6 | L92: 9 | M92: 8 | N92: 5 | O92: 3 | Q92: 13 | R92: 2 | S92: 7 | T92: 6 | U92: 10 | V92: 1 | W92: 2 | X92: 4 | Y92: 12 | Z92: 5 | AA92: 3 | AB92: 8 | AE92: 10 | AF92: 10 | AG92: =SUM(B92:AF92) -> 204
A93: TOTAL PACIENTES ATENDIDOS | B93: =+B94+B100 -> 202 | C93: =+C94+C100 -> 237 | D93: =+D94+D100 -> 254 | E93: =+E94+E100 -> 215 | F93: =+F94+F100 -> 224 | G93: =+G94+G100 -> 210 | H93: =+H94+H100 -> 238 | I93: =+I94+I100 -> 202 | ... U93: =+U94+U100 -> 197 | V93: 189 | W93: =+W94+W100 -> 206 | X93: =+X94+X100 -> 217 | Y93: =+Y94+Y100 -> 193 | Z93: =+Z94+Z100 -> 227 | AA93: =+AA94+AA100 -> 210 | AB93: =+AB94+AB100 -> 177 | AC93: =+AC94+AC100 -> 112 | AD93: =+AD94+AD100 -> 181 | ... AF93: =+AF94+AF100 -> 195 | AG93: =SUM(B93:AF93) -> 6511 | AH93: =IF(AG93<>AG28,"*","") -> *
A94: Menor 15 años | B94: =SUM(B95:B99) -> 29 | C94: =SUM(C95:C99) -> 29 | D94: =SUM(D95:D99) -> 32 | E94: =SUM(E95:E99) -> 35 | F94: =SUM(F95:F99) -> 33 | G94: =SUM(G95:G99) -> 32 | H94: =SUM(H95:H99) -> 30 | I94: =SUM(I95:I99) -> 45 | ... U94: =SUM(U95:U99) -> 33 | V94: 22 | W94: =SUM(W95:W99) -> 27 | X94: =SUM(X95:X99) -> 24 | Y94: =SUM(Y95:Y99) -> 19 | Z94: =SUM(Z95:Z99) -> 26 | AA94: =SUM(AA95:AA99) -> 26 | AB94: =SUM(AB95:AB99) -> 25 | AC94: =SUM(AC95:AC99) -> 16 | AD94: =SUM(AD95:AD99) -> 25 | ... AF94: =SUM(AF95:AF99) -> 26 | AG94: =SUM(B94:AF94) -> 867
A95: Menor 1 Año | B95: 1 | D95: 3 | E95: 3 | F95: 2 | G95: 2 | H95: 1 | I95: 1 | J95: 1 | K95: 2 | L95: 2 | M95: 2 | N95: 2 | O95: 3 | P95: 1 | Q95: 1 | S95: 0 | T95: 2 | V95: 1 | X95: 1 | AB95: 1 | AD95: 5 | AE95: 1 | AG95: =SUM(B95:AF95) -> 38
A96: 1 Año | C96: 2 | D96: 2 | E96: 3 | F96: 3 | G96: 5 | H96: 2 | K96: 4 | M96: 3 | N96: 2 | O96: 3 | P96: 1 | Q96: 3 | R96: 4 | S96: 2 | T96: 2 | U96: 2 | V96: 1 | W96: 2 | X96: 2 | Z96: 4 | AB96: 3 | AC96: 1 | AD96: 1 | AE96: 2 | AG96: =SUM(B96:AF96) -> 59
A97: 2 - 4 | B97: 8 | C97: 9 | D97: 7 | E97: 10 | F97: 8 | G97: 4 | H97: 8 | I97: 11 | J97: 3 | K97: 7 | L97: 5 | M97: 6 | N97: 6 | O97: 11 | P97: 11 | Q97: 9 | R97: 7 | S97: 7 | T97: 6 | U97: 11 | V97: 5 | W97: 10 | X97: 8 | Y97: 5 | Z97: 5 | AA97: 11 | AB97: 13 | AC97: 5 | AD97: 2 | AE97: 8 | AF97: 7 | AG97: =SUM(B97:AF97) -> 233
A98: 5 - 9 | B98: 11 | C98: 12 | D98: 10 | E98: 14 | F98: 12 | G98: 13 | H98: 12 | I98: 18 | J98: 7 | K98: 17 | L98: 8 | M98: 11 | N98: 4 | O98: 15 | P98: 8 | Q98: 14 | R98: 8 | S98: 12 | T98: 7 | U98: 10 | V98: 9 | W98: 5 | X98: 7 | Y98: 6 | Z98: 8 | AA98: 10 | AB98: 7 | AC98: 7 | AD98: 9 | AE98: 12 | AF98: 10 | AG98: =SUM(B98:AF98) -> 313
A99: 10 - 14 | B99: 9 | C99: 6 | D99: 10 | E99: 5 | F99: 8 | G99: 8 | H99: 7 | I99: 15 | J99: 6 | K99: 5 | L99: 7 | M99: 5 | N99: 8 | O99: 9 | P99: 10 | Q99: 5 | R99: 5 | S99: 9 | T99: 5 | U99: 10 | V99: 6 | W99: 10 | X99: 6 | Y99: 8 | Z99: 9 | AA99: 5 | AB99: 1 | AC99: 3 | AD99: 8 | AE99: 7 | AF99: 9 | AG99: =SUM(B99:AF99) -> 224
A100: Mayor de 15 años | B100: =SUM(B101:B115) -> 173 | C100: =SUM(C101:C115) -> 208 | D100: =SUM(D101:D115) -> 222 | E100: =SUM(E101:E115) -> 180 | F100: =SUM(F101:F115) -> 191 | G100: =SUM(G101:G115) -> 178 | H100: =SUM(H101:H115) -> 208 | I100: =SUM(I101:I115) -> 157 | ... U100: =SUM(U101:U115) -> 164 | V100: 167 | W100: =SUM(W101:W115) -> 179 | X100: =SUM(X101:X115) -> 193 | Y100: =SUM(Y101:Y115) -> 174 | Z100: =SUM(Z101:Z115) -> 201 | AA100: =SUM(AA101:AA115) -> 184 | AB100: =SUM(AB101:AB115) -> 152 | AC100: =SUM(AC101:AC115) -> 96 | AD100: =SUM(AD101:AD115) -> 156 | ... AF100: =SUM(AF101:AF115) -> 169 | AG100: =SUM(B100:AF100) -> 5644
A101: 15 - 19 | B101: 4 | C101: 9 | D101: 13 | E101: 12 | F101: 14 | G101: 8 | H101: 6 | I101: 18 | J101: 11 | K101: 11 | L101: 12 | M101: 19 | N101: 8 | O101: 16 | P101: 15 | Q101: 15 | R101: 13 | S101: 11 | T101: 12 | U101: 14 | V101: 5 | W101: 13 | X101: 20 | Y101: 16 | Z101: 16 | AA101: 11 | AB101: 10 | AC101: 4 | AD101: 7 | AE101: 12 | AF101: 9 | AG101: =SUM(B101:AF101) -> 364
A102: 20 - 24 | B102: 19 | C102: 15 | D102: 20 | E102: 17 | F102: 15 | G102: 19 | H102: 19 | I102: 4 | J102: 33 | K102: 17 | L102: 17 | M102: 12 | N102: 17 | O102: 17 | P102: 17 | Q102: 16 | R102: 25 | S102: 15 | T102: 16 | U102: 19 | V102: 12 | W102: 10 | X102: 14 | Y102: 21 | Z102: 8 | AA102: 22 | AB102: 10 | AC102: 9 | AD102: 18 | AE102: 15 | AF102: 18 | AG102: =SUM(B102:AF102) -> 506
A103: 25 - 29 | B103: 21 | C103: 18 | D103: 17 | E103: 21 | F103: 14 | G103: 15 | H103: 18 | I103: 15 | J103: 17 | K103: 25 | L103: 16 | M103: 16 | N103: 15 | O103: 11 | P103: 13 | Q103: 22 | R103: 24 | S103: 17 | T103: 18 | U103: 11 | V103: 17 | W103: 19 | X103: 18 | Y103: 18 | Z103: 21 | AA103: 16 | AB103: 12 | AC103: 8 | AD103: 19 | AE103: 18 | AF103: 17 | AG103: =SUM(B103:AF103) -> 527
A104: 30 - 34 | B104: 13 | C104: 22 | D104: 20 | E104: 16 | F104: 17 | G104: 11 | H104: 15 | I104: 20 | J104: 19 | K104: 13 | L104: 26 | M104: 15 | N104: 13 | O104: 11 | P104: 15 | Q104: 18 | R104: 14 | S104: 19 | T104: 21 | U104: 23 | V104: 17 | W104: 12 | X104: 18 | Y104: 14 | Z104: 20 | AA104: 11 | AB104: 8 | AC104: 11 | AD104: 12 | AE104: 17 | AF104: 19 | AG104: =SUM(B104:AF104) -> 500
A105: 35 - 39 | B105: 11 | C105: 14 | D105: 16 | E105: 8 | F105: 14 | G105: 14 | H105: 7 | I105: 10 | J105: 13 | K105: 9 | L105: 18 | M105: 13 | N105: 6 | O105: 8 | P105: 14 | Q105: 11 | R105: 16 | S105: 17 | T105: 13 | U105: 12 | V105: 14 | W105: 16 | X105: 15 | Y105: 8 | Z105: 15 | AA105: 8 | AB105: 12 | AC105: 6 | AD105: 11 | AE105: 17 | AF105: 8 | AG105: =SUM(B105:AF105) -> 374
A106: 40 - 44 | B106: 10 | C106: 16 | D106: 18 | E106: 8 | F106: 15 | G106: 6 | H106: 26 | I106: 18 | J106: 19 | K106: 3 | L106: 22 | M106: 17 | N106: 17 | O106: 20 | P106: 10 | Q106: 15 | R106: 10 | S106: 13 | T106: 9 | U106: 6 | V106: 11 | W106: 17 | X106: 10 | Y106: 14 | Z106: 21 | AA106: 10 | AB106: 11 | AC106: 8 | AD106: 7 | AE106: 8 | AF106: 18 | AG106: =SUM(B106:AF106) -> 413
A107: 45 - 49 | B107: 20 | C107: 12 | D107: 15 | E107: 10 | F107: 13 | G107: 15 | H107: 13 | I107: 13 | J107: 10 | K107: 20 | L107: 12 | M107: 18 | N107: 12 | O107: 16 | P107: 15 | Q107: 12 | R107: 10 | S107: 8 | T107: 16 | U107: 12 | V107: 9 | W107: 9 | X107: 11 | Y107: 13 | Z107: 9 | AA107: 13 | AB107: 9 | AC107: 5 | AD107: 11 | AE107: 8 | AF107: 11 | AG107: =SUM(B107:AF107) -> 380
A108: 50 - 54 | B108: 18 | C108: 11 | D108: 12 | E108: 18 | F108: 17 | G108: 12 | H108: 22 | I108: 11 | J108: 11 | K108: 11 | L108: 17 | M108: 13 | N108: 11 | O108: 18 | P108: 15 | Q108: 29 | R108: 18 | S108: 19 | T108: 15 | U108: 12 | V108: 17 | W108: 13 | X108: 13 | Y108: 15 | Z108: 16 | AA108: 21 | AB108: 24 | AC108: 11 | AD108: 17 | AE108: 17 | AF108: 7 | AG108: =SUM(B108:AF108) -> 481
A109: 55 - 59 | B109: 18 | C109: 21 | D109: 28 | E109: 21 | F109: 26 | G109: 20 | H109: 18 | I109: 13 | J109: 16 | K109: 20 | L109: 17 | M109: 15 | N109: 22 | O109: 15 | P109: 11 | Q109: 20 | R109: 21 | S109: 19 | T109: 21 | U109: 9 | V109: 12 | W109: 13 | X109: 22 | Y109: 9 | Z109: 13 | AA109: 12 | AB109: 15 | AC109: 7 | AD109: 10 | AE109: 15 | AF109: 16 | AG109: =SUM(B109:AF109) -> 515
A110: 60 - 64 | B110: 8 | C110: 22 | D110: 10 | E110: 8 | F110: 14 | G110: 13 | H110: 9 | I110: 9 | J110: 9 | K110: 20 | L110: 22 | M110: 15 | N110: 14 | O110: 12 | P110: 5 | Q110: 15 | R110: 15 | S110: 7 | T110: 11 | U110: 13 | V110: 15 | W110: 14 | X110: 17 | Y110: 8 | Z110: 18 | AA110: 18 | AB110: 7 | AC110: 6 | AD110: 19 | AE110: 11 | AF110: 13 | AG110: =SUM(B110:AF110) -> 397
A111: 65 - 69 | B111: 6 | C111: 15 | D111: 15 | E111: 3 | F111: 10 | G111: 8 | H111: 9 | I111: 11 | J111: 14 | K111: 16 | L111: 8 | M111: 4 | N111: 10 | O111: 13 | P111: 6 | Q111: 15 | R111: 11 | S111: 8 | T111: 7 | U111: 7 | V111: 16 | W111: 11 | X111: 14 | Y111: 10 | Z111: 8 | AA111: 13 | AB111: 9 | AC111: 5 | AD111: 4 | AE111: 12 | AF111: 19 | AG111: =SUM(B111:AF111) -> 317
A112: 70 - 74 | B112: 10 | C112: 6 | D112: 16 | E112: 11 | F112: 8 | G112: 11 | H112: 14 | I112: 2 | J112: 7 | K112: 8 | L112: 10 | M112: 7 | N112: 12 | O112: 6 | P112: 10 | Q112: 6 | R112: 16 | S112: 12 | T112: 14 | U112: 6 | V112: 8 | W112: 9 | X112: 5 | Y112: 9 | Z112: 13 | AA112: 11 | AB112: 12 | AC112: 3 | AD112: 8 | AE112: 12 | AF112: 5 | AG112: =SUM(B112:AF112) -> 287
...

Sheet FEBRERO
A2: FEBRERO | B2: 1 | C2: =+B2+1 -> 2 | D2: =+C2+1 -> 3 | E2: =+D2+1 -> 4 | F2: =+E2+1 -> 5 | G2: =+F2+1 -> 6 | H2: =+G2+1 -> 7 | I2: =+H2+1 -> 8 | J2: =+I2+1 -> 9 | ... AA2: =+Z2+1 -> 26 | AB2: 27 | AC2: =+AB2+1 -> 28 | AD2: 29 | AE2: 30 | AF2: 31 | AG2: TOTAL
A3: Total de Inscritos | B3: =SUM(B4:B27) -> 228 | C3: =SUM(C4:C27) -> 181 | D3: =SUM(D4:D27) -> 174 | E3: =SUM(E4:E27) -> 166 | F3: =SUM(F4:F27) -> 194 | G3: =SUM(G4:G27) -> 243 | H3: =SUM(H4:H27) -> 82 | I3: =SUM(I4:I27) -> 227 | ... AF3: =SUM(AF4:AF27) -> 0 | AG3: =SUM(B3:AF3) -> 5643 | AH3: =135+AG3 -> 5778
A4: 08:00 | B4: 14 | C4: 3 | D4: 9 | E4: 8 | F4: 6 | G4: 13 | I4: 10 | J4: 5 | K4: 13 | L4: 6 | M4: 5 | N4: 11 | O4: 13 | P4: 13 | Q4: 1 | R4: 5 | S4: 7 | T4: 2 | U4: 14 | V4: 7 | W4: 11 | X4: 9 | Y4: 5 | Z4: 10 | AA4: 2 | AB4: 15 | AC4: 17 | AG4: =SUM(B4:AF4) -> 234
A5: 09:00 | B5: 15 | C5: 13 | D5: 13 | E5: 17 | F5: 6 | G5: 15 | I5: 12 | J5: 6 | K5: 10 | L5: 13 | M5: 12 | N5: 11 | O5: 13 | P5: 16 | Q5: 11 | R5: 8 | S5: 10 | T5: 6 | U5: 11 | V5: 11 | W5: 12 | X5: 13 | Y5: 11 | Z5: 13 | AA5: 9 | AB5: 13 | AC5: 10 | AG5: =SUM(B5:AF5) -> 310
A6: 10:00 | B6: 12 | C6: 12 | D6: 12 | E6: 9 | F6: 16 | G6: 13 | I6: 12 | J6: 12 | K6: 11 | L6: 7 | M6: 10 | N6: 16 | O6: 15 | P6: 7 | Q6: 8 | R6: 11 | S6: 14 | T6: 12 | U6: 17 | V6: 12 | W6: 12 | X6: 13 | Y6: 11 | Z6: 15 | AA6: 9 | AB6: 15 | AC6: 22 | AG6: =SUM(B6:AF6) -> 335
A7: 11:00 | B7: 12 | C7: 9 | D7: 13 | E7: 10 | F7: 12 | G7: 14 | I7: 17 | J7: 10 | K7: 9 | L7: 12 | M7: 11 | N7: 19 | O7: 8 | P7: 10 | Q7: 11 | R7: 10 | S7: 8 | T7: 13 | U7: 15 | V7: 14 | W7: 15 | X7: 11 | Y7: 12 | Z7: 11 | AA7: 7 | AB7: 7 | AC7: 11 | AG7: =SUM(B7:AF7) -> 311
A8: 12:00 | B8: 16 | C8: 9 | D8: 19 | E8: 13 | F8: 19 | G8: 13 | I8: 15 | J8: 14 | K8: 15 | L8: 11 | M8: 15 | N8: 13 | O8: 12 | P8: 10 | Q8: 12 | R8: 9 | S8: 15 | T8: 9 | U8: 10 | V8: 9 | W8: 11 | X8: 9 | Y8: 10 | Z8: 13 | AA8: 18 | AB8: 12 | AC8: 16 | AG8: =SUM(B8:AF8) -> 347
A9: 13:00 | B9: 10 | C9: 16 | D9: 5 | E9: 5 | F9: 13 | G9: 7 | I9: 12 | J9: 13 | K9: 12 | L9: 16 | M9: 16 | N9: 7 | O9: 3 | P9: 6 | Q9: 13 | R9: 7 | S9: 13 | T9: 9 | U9: 14 | V9: 8 | W9: 9 | X9: 6 | Y9: 15 | Z9: 9 | AA9: 15 | AB9: 12 | AC9: 12 | AG9: =SUM(B9:AF9) -> 283
A10: 14:00 | B10: 9 | C10: 6 | D10: 13 | E10: 5 | F10: 19 | G10: 8 | I10: 11 | J10: 5 | K10: 13 | L10: 10 | M10: 11 | N10: 11 | O10: 7 | P10: 9 | Q10: 11 | R10: 7 | S10: 14 | T10: 9 | U10: 15 | V10: 15 | W10: 14 | X10: 14 | Y10: 11 | Z10: 9 | AA10: 8 | AB10: 16 | AC10: 13 | AG10: =SUM(B10:AF10) -> 293
A11: 15:00 | B11: 6 | C11: 12 | D11: 1 | E11: 16 | F11: 7 | G11: 11 | I11: 11 | J11: 15 | K11: 17 | L11: 11 | M11: 19 | N11: 12 | O11: 6 | P11: 16 | Q11: 9 | R11: 13 | S11: 9 | T11: 17 | U11: 15 | V11: 19 | W11: 8 | X11: 13 | Y11: 13 | Z11: 13 | AA11: 12 | AB11: 12 | AC11: 16 | AG11: =SUM(B11:AF11) -> 329
A12: 16:00 | B12: 14 | C12: 14 | D12: 14 | E12: 14 | F12: 10 | G12: 31 | I12: 17 | J12: 17 | K12: 17 | L12: 14 | M12: 17 | N12: 23 | O12: 9 | P12: 19 | Q12: 15 | R12: 10 | S12: 6 | T12: 14 | U12: 20 | V12: 20 | W12: 11 | X12: 20 | Y12: 15 | Z12: 8 | AA12: 12 | AB12: 17 | AC12: 24 | AG12: =SUM(B12:AF12) -> 422
A13: 17:00 | B13: 15 | C13: 20 | D13: 10 | E13: 11 | F13: 12 | G13: 21 | I13: 22 | J13: 23 | K13: 13 | L13: 14 | M13: 6 | N13: 15 | O13: 15 | P13: 23 | Q13: 12 | R13: 15 | S13: 12 | T13: 15 | U13: 27 | V13: 16 | W13: 16 | X13: 12 | Y13: 18 | Z13: 19 | AA13: 13 | AB13: 22 | AC13: 17 | AG13: =SUM(B13:AF13) -> 434
A14: 18:00 | B14: 20 | C14: 9 | D14: 10 | E14: 9 | F14: 10 | G14: 22 | I14: 16 | J14: 11 | K14: 7 | L14: 11 | M14: 8 | N14: 16 | O14: 10 | P14: 24 | Q14: 13 | R14: 8 | S14: 9 | T14: 16 | U14: 23 | V14: 22 | W14: 2 | X14: 10 | Y14: 13 | Z14: 18 | AA14: 16 | AB14: 13 | AC14: 20 | AG14: =SUM(B14:AF14) -> 366
A15: 19:00 | B15: 15 | C15: 9 | D15: 11 | E15: 11 | F15: 9 | G15: 18 | H15: 8 | I15: 9 | J15: 10 | K15: 7 | L15: 10 | M15: 10 | N15: 17 | O15: 9 | P15: 15 | Q15: 14 | R15: 12 | S15: 8 | T15: 12 | U15: 16 | V15: 12 | W15: 21 | X15: 18 | Y15: 10 | Z15: 8 | AA15: 13 | AB15: 18 | AC15: 16 | AG15: =SUM(B15:AF15) -> 346
A16: 20:00 | B16: 19 | C16: 8 | D16: 3 | E16: 6 | F16: 8 | G16: 12 | H16: 12 | I16: 10 | J16: 12 | K16: 8 | L16: 12 | M16: 20 | N16: 15 | O16: 11 | P16: 12 | Q16: 11 | R16: 16 | S16: 7 | T16: 6 | U16: 12 | V16: 12 | W16: 14 | X16: 6 | Y16: 14 | Z16: 8 | AA16: 7 | AB16: 17 | AC16: 10 | AG16: =SUM(B16:AF16) -> 308
A17: 21:00 | B17: 13 | C17: 11 | D17: 11 | E17: 7 | F17: 11 | G17: 11 | H17: 19 | I17: 16 | J17: 16 | K17: 14 | L17: 12 | M17: 9 | N17: 12 | O17: 14 | P17: 10 | Q17: 15 | R17: 9 | S17: 8 | T17: 14 | U17: 17 | V17: 11 | W17: 10 | X17: 7 | Y17: 8 | Z17: 14 | AA17: 9 | AB17: 6 | AC17: 13 | AG17: =SUM(B17:AF17) -> 327
A18: 22:00 | B18: 11 | C18: 4 | D18: 6 | E18: 8 | F18: 13 | G18: 10 | H18: 14 | I18: 10 | J18: 10 | K18: 13 | L18: 5 | M18: 9 | N18: 9 | O18: 6 | P18: 9 | Q18: 12 | R18: 5 | S18: 7 | T18: 11 | U18: 12 | V18: 8 | W18: 12 | X18: 5 | Y18: 9 | Z18: 6 | AA18: 5 | AB18: 16 | AC18: 16 | AG18: =SUM(B18:AF18) -> 261
A19: 23:00 | B19: 3 | C19: 7 | D19: 7 | E19: 3 | F19: 12 | G19: 10 | H19: 5 | I19: 7 | J19: 3 | K19: 4 | L19: 1 | M19: 6 | N19: 6 | O19: 8 | P19: 3 | Q19: 5 | R19: 4 | S19: 7 | T19: 9 | U19: 5 | V19: 11 | W19: 16 | X19: 7 | Y19: 6 | Z19: 10 | AA19: 4 | AB19: 4 | AC19: 7 | AG19: =SUM(B19:AF19) -> 180
A20: 00:00 | B20: 7 | C20: 6 | D20: 4 | E20: 6 | F20: 4 | G20: 6 | H20: 5 | I20: 5 | J20: 5 | K20: 9 | L20: 6 | M20: 7 | N20: 2 | O20: 1 | P20: 2 | Q20: 9 | R20: 6 | S20: 6 | T20: 4 | U20: 3 | V20: 7 | W20: 7 | X20: 2 | Y20: 4 | Z20: 5 | AA20: 8 | AB20: 7 | AC20: 3 | AG20: =SUM(B20:AF20) -> 146
A21: 01:00 | B21: 5 | C21: 3 | D21: 7 | E21: 2 | F21: 1 | G21: 5 | H21: 3 | I21: 3 | J21: 6 | K21: 0 | L21: 5 | M21: 4 | N21: 6 | O21: 4 | P21: 3 | Q21: 2 | R21: 3 | S21: 3 | T21: 6 | U21: 5 | V21: 0 | W21: 2 | X21: 1 | Y21: 1 | Z21: 1 | AA21: 8 | AB21: 3 | AC21: 1 | AG21: =SUM(B21:AF21) -> 93
A22: 02:00 | B22: 3 | C22: 5 | D22: 3 | E22: 3 | F22: 1 | G22: 3 | H22: 1 | I22: 1 | J22: 1 | K22: 1 | L22: 1 | M22: 1 | N22: 0 | O22: 2 | P22: 0 | Q22: 1 | R22: 1 | S22: 3 | T22: 1 | U22: 4 | V22: 1 | W22: 6 | X22: 4 | Y22: 2 | AA22: 5 | AB22: 3 | AC22: 1 | AG22: =SUM(B22:AF22) -> 58
A23: 03:00 | B23: 2 | C23: 0 | D23: 1 | E23: 0 | F23: 0 | G23: 0 | H23: 5 | I23: 1 | J23: 1 | K23: 2 | L23: 2 | M23: 2 | N23: 1 | O23: 2 | P23: 3 | Q23: 1 | R23: 3 | S23: 0 | T23: 1 | U23: 0 | V23: 1 | Y23: 0 | Z23: 1 | AA23: 2 | AB23: 1 | AC23: 1 | AG23: =SUM(B23:AF23) -> 33
A24: 04:00 | B24: 0 | C24: 1 | D24: 0 | E24: 1 | F24: 0 | G24: 0 | H24: 1 | I24: 1 | J24: 1 | K24: 0 | L24: 0 | M24: 1 | N24: 1 | O24: 3 | P24: 1 | Q24: 2 | R24: 1 | S24: 5 | T24: 1 | U24: 1 | V24: 4 | W24: 1 | X24: 6 | Y24: 1 | Z24: 2 | AA24: 4 | AB24: 2 | AC24: 5 | AG24: =SUM(B24:AF24) -> 46
A25: 05:00 | B25: 4 | C25: 0 | D25: 0 | E25: 1 | F25: 0 | G25: 0 | H25: 1 | I25: 1 | J25: 1 | K25: 2 | L25: 1 | M25: 0 | N25: 5 | O25: 1 | P25: 1 | Q25: 1 | R25: 1 | S25: 0 | T25: 0 | U25: 2 | V25: 0 | Y25: 0 | AA25: 1 | AB25: 4 | AC25: 3 | AG25: =SUM(B25:AF25) -> 30
A26: 06:00 | B26: 0 | C26: 1 | D26: 1 | E26: 0 | F26: 2 | G26: 0 | H26: 2 | I26: 0 | J26: 2 | K26: 0 | L26: 3 | M26: 0 | N26: 2 | O26: 0 | P26: 2 | Q26: 0 | R26: 1 | S26: 0 | T26: 1 | U26: 1 | V26: 2 | W26: 1 | X26: 3 | Y26: 4 | Z26: 2 | AA26: 3 | AB26: 1 | AC26: 1 | AG26: =SUM(B26:AF26) -> 35
A27: 07:00 | B27: 3 | C27: 3 | D27: 1 | E27: 1 | F27: 3 | G27: 0 | H27: 6 | I27: 8 | J27: 5 | K27: 4 | L27: 3 | M27: 13 | N27: 8 | O27: 2 | P27: 4 | Q27: 7 | R27: 2 | S27: 1 | T27: 5 | U27: 7 | V27: 2 | W27: 3 | X27: 6 | Y27: 4 | Z27: 2 | AA27: 5 | AB27: 3 | AC27: 5 | AG27: =SUM(B27:AF27) -> 116
A28: Total de atendidos | B28: =SUM(B29:B52) -> 190 | C28: =SUM(C29:C52) -> 162 | D28: =SUM(D29:D52) -> 159 | E28: =SUM(E29:E52) -> 164 | F28: =SUM(F29:F52) -> 193 | G28: =SUM(G29:G52) -> 208 | H28: =SUM(H29:H52) -> 78 | I28: =SUM(I29:I52) -> 197 | ... AF28: =SUM(AF29:AF52) -> 0 | AG28: =SUM(B28:AF28) -> 5247 | AH28: =135+AG28 -> 5382
A29: 08:00 | B29: 5 | C29: 3 | D29: 4 | E29: 4 | F29: 5 | G29: 3 | H29: 3 | I29: 11 | J29: 5 | K29: 8 | L29: 1 | M29: 8 | N29: 1 | O29: 4 | P29: 4 | Q29: 6 | R29: 3 | S29: 6 | T29: 5 | U29: 7 | V29: 3 | W29: 3 | X29: 8 | Y29: 4 | Z29: 3 | AA29: 6 | AB29: 6 | AC29: 5 | AG29: =SUM(B29:AF29) -> 134
A30: 09:00 | B30: 12 | C30: 7 | D30: 10 | E30: 13 | F30: 7 | G30: 9 | H30: 1 | I30: 6 | J30: 6 | K30: 11 | L30: 10 | M30: 12 | N30: 9 | O30: 17 | P30: 17 | Q30: 10 | R30: 8 | S30: 4 | T30: 4 | U30: 12 | V30: 9 | W30: 11 | X30: 14 | Y30: 8 | Z30: 5 | AA30: 5 | AB30: 13 | AC30: 11 | AG30: =SUM(B30:AF30) -> 261
A31: 10:00 | B31: 10 | C31: 5 | D31: 9 | E31: 10 | F31: 7 | G31: 10 | I31: 8 | J31: 8 | K31: 9 | L31: 10 | M31: 11 | N31: 15 | O31: 12 | P31: 11 | Q31: 5 | R31: 11 | S31: 16 | T31: 6 | U31: 14 | V31: 7 | W31: 9 | X31: 9 | Y31: 9 | Z31: 14 | AA31: 7 | AB31: 12 | AC31: 10 | AG31: =SUM(B31:AF31) -> 264
A32: 11:00 | B32: 6 | C32: 9 | D32: 1 | E32: 8 | F32: 12 | G32: 13 | I32: 8 | J32: 10 | K32: 11 | L32: 12 | M32: 10 | N32: 10 | O32: 11 | P32: 6 | Q32: 9 | R32: 9 | S32: 10 | T32: 17 | U32: 9 | V32: 7 | W32: 7 | X32: 12 | Y32: 10 | Z32: 16 | AA32: 11 | AB32: 13 | AC32: 11 | AG32: =SUM(B32:AF32) -> 268
A33: 12:00 | B33: 5 | C33: 10 | D33: 11 | E33: 7 | F33: 8 | G33: 9 | I33: 9 | J33: 6 | K33: 8 | L33: 11 | M33: 14 | N33: 11 | O33: 10 | P33: 8 | Q33: 10 | R33: 7 | S33: 17 | T33: 9 | U33: 5 | V33: 8 | W33: 14 | X33: 8 | Y33: 11 | Z33: 9 | AA33: 14 | AB33: 7 | AC33: 7 | AG33: =SUM(B33:AF33) -> 253
A34: 13:00 | B34: 7 | C34: 5 | D34: 5 | E34: 10 | F34: 9 | G34: 3 | I34: 4 | J34: 5 | K34: 9 | L34: 7 | M34: 15 | N34: 7 | O34: 7 | P34: 5 | Q34: 8 | R34: 6 | S34: 10 | T34: 10 | U34: 12 | V34: 7 | W34: 5 | X34: 4 | Y34: 4 | Z34: 9 | AA34: 12 | AB34: 4 | AC34: 5 | AG34: =SUM(B34:AF34) -> 194
A35: 14:00 | B35: 11 | C35: 10 | D35: 12 | E35: 7 | F35: 15 | G35: 10 | I35: 10 | J35: 9 | K35: 4 | L35: 7 | M35: 9 | N35: 12 | O35: 5 | P35: 9 | Q35: 6 | R35: 8 | S35: 9 | T35: 3 | U35: 4 | V35: 3 | W35: 6 | X35: 7 | Y35: 7 | Z35: 9 | AA35: 10 | AB35: 9 | AC35: 7 | AG35: =SUM(B35:AF35) -> 218
A36: 15:00 | B36: 9 | C36: 11 | D36: 13 | E36: 14 | F36: 18 | G36: 16 | I36: 14 | J36: 8 | K36: 11 | L36: 12 | M36: 10 | N36: 10 | O36: 8 | P36: 12 | Q36: 12 | R36: 8 | S36: 13 | T36: 14 | U36: 3 | W36: 7 | X36: 9 | Y36: 8 | Z36: 11 | AA36: 12 | AB36: 13 | AC36: 13 | AG36: =SUM(B36:AF36) -> 289
A37: 16:00 | B37: 10 | C37: 13 | D37: 9 | E37: 13 | F37: 10 | G37: 12 | I37: 9 | J37: 12 | K37: 11 | L37: 13 | M37: 11 | N37: 17 | O37: 5 | P37: 12 | Q37: 10 | R37: 9 | S37: 9 | T37: 18 | U37: 10 | V37: 8 | W37: 5 | X37: 10 | Y37: 6 | Z37: 6 | AA37: 10 | AB37: 12 | AC37: 14 | AG37: =SUM(B37:AF37) -> 284
A38: 17:00 | B38: 14 | C38: 8 | D38: 9 | E38: 7 | F38: 8 | G38: 6 | I38: 5 | J38: 9 | K38: 6 | L38: 17 | M38: 15 | N38: 8 | O38: 7 | P38: 13 | Q38: 10 | R38: 6 | S38: 8 | T38: 10 | U38: 14 | V38: 22 | W38: 9 | X38: 9 | Y38: 9 | Z38: 9 | AA38: 17 | AB38: 12 | AC38: 14 | AG38: =SUM(B38:AF38) -> 281
A39: 18:00 | B39: 11 | C39: 15 | D39: 6 | E39: 14 | F39: 22 | G39: 13 | I39: 14 | J39: 18 | K39: 14 | L39: 10 | M39: 12 | N39: 18 | O39: 18 | P39: 16 | Q39: 16 | R39: 12 | S39: 9 | T39: 15 | U39: 16 | V39: 20 | W39: 1 | X39: 21 | Y39: 15 | Z39: 19 | AA39: 12 | AB39: 16 | AC39: 17 | AG39: =SUM(B39:AF39) -> 390
A40: 19:00 | B40: 22 | C40: 16 | D40: 14 | E40: 14 | F40: 12 | G40: 15 | I40: 18 | J40: 19 | K40: 18 | L40: 13 | M40: 13 | N40: 18 | O40: 10 | P40: 19 | Q40: 20 | R40: 8 | S40: 11 | T40: 17 | U40: 20 | V40: 17 | W40: 15 | X40: 17 | Y40: 18 | Z40: 17 | AA40: 17 | AB40: 15 | AC40: 19 | AG40: =SUM(B40:AF40) -> 432
A41: 20:00 | B41: 15 | C41: 11 | D41: 13 | E41: 8 | F41: 12 | G41: 17 | H41: 6 | I41: 23 | J41: 16 | K41: 12 | L41: 12 | M41: 13 | N41: 18 | O41: 14 | P41: 25 | Q41: 16 | R41: 17 | S41: 11 | T41: 12 | U41: 18 | V41: 17 | W41: 14 | X41: 17 | Y41: 17 | Z41: 13 | AA41: 9 | AB41: 21 | AC41: 23 | AG41: =SUM(B41:AF41) -> 420
A42: 21:00 | B42: 17 | C42: 8 | D42: 6 | E42: 6 | F42: 12 | G42: 17 | H42: 14 | I42: 15 | J42: 20 | K42: 14 | L42: 5 | M42: 6 | N42: 18 | O42: 14 | P42: 14 | Q42: 14 | R42: 11 | S42: 4 | T42: 8 | U42: 17 | V42: 14 | W42: 15 | X42: 9 | Y42: 24 | Z42: 13 | AA42: 4 | AB42: 15 | AC42: 18 | AG42: =SUM(B42:AF42) -> 352
A43: 22:00 | B43: 10 | C43: 6 | D43: 8 | E43: 6 | F43: 11 | G43: 14 | H43: 19 | I43: 13 | J43: 19 | K43: 12 | L43: 7 | M43: 13 | N43: 20 | O43: 8 | P43: 12 | Q43: 9 | R43: 10 | S43: 6 | T43: 9 | U43: 24 | V43: 20 | W43: 16 | X43: 9 | Y43: 8 | Z43: 16 | AA43: 9 | AB43: 19 | AC43: 15 | AG43: =SUM(B43:AF43) -> 348
A44: 23:00 | B44: 0 | C44: 10 | D44: 9 | E44: 4 | F44: 13 | G44: 12 | H44: 12 | I44: 11 | J44: 6 | K44: 12 | L44: 10 | M44: 13 | N44: 10 | O44: 21 | P44: 8 | Q44: 11 | R44: 14 | S44: 10 | T44: 14 | U44: 10 | V44: 12 | W44: 11 | X44: 6 | Y44: 11 | AA44: 5 | AB44: 15 | AC44: 12 | AG44: =SUM(B44:AF44) -> 282
A45: 00:00 | B45: 9 | C45: 4 | D45: 5 | E45: 8 | F45: 8 | G45: 14 | H45: 8 | I45: 9 | J45: 4 | K45: 4 | L45: 3 | M45: 11 | N45: 4 | P45: 3 | Q45: 7 | R45: 5 | S45: 6 | T45: 4 | U45: 12 | V45: 9 | W45: 8 | X45: 3 | Y45: 8 | Z45: 7 | AA45: 6 | AB45: 8 | AC45: 16 | AG45: =SUM(B45:AF45) -> 193
A46: 01:00 | B46: 6 | C46: 5 | D46: 8 | E46: 5 | F46: 2 | G46: 8 | H46: 2 | I46: 3 | J46: 7 | K46: 12 | L46: 5 | M46: 7 | N46: 6 | P46: 2 | Q46: 6 | R46: 9 | S46: 5 | T46: 6 | U46: 6 | V46: 5 | W46: 10 | X46: 3 | Z46: 5 | AA46: 9 | AB46: 6 | AC46: 2 | AG46: =SUM(B46:AF46) -> 150
A47: 02:00 | B47: 5 | C47: 5 | D47: 3 | E47: 2 | F47: 0 | G47: 7 | H47: 1 | I47: 2 | J47: 1 | K47: 0 | L47: 4 | M47: 2 | N47: 0 | P47: 1 | Q47: 1 | R47: 1 | S47: 3 | T47: 4 | U47: 4 | V47: 1 | W47: 4 | X47: 2 | Y47: 6 | Z47: 1 | AA47: 7 | AB47: 3 | AC47: 2 | AG47: =SUM(B47:AF47) -> 72
A48: 03:00 | B48: 1 | C48: 0 | D48: 3 | E48: 1 | F48: 0 | G48: 0 | H48: 7 | I48: 1 | J48: 0 | K48: 0 | L48: 6 | M48: 1 | N48: 0 | P48: 3 | Q48: 1 | R48: 0 | S48: 0 | T48: 0 | U48: 0 | V48: 1 | W48: 2 | Z48: 1 | AA48: 2 | AB48: 2 | AC48: 1 | AG48: =SUM(B48:AF48) -> 33
A49: 04:00 | B49: 1 | C49: 1 | D49: 0 | E49: 1 | F49: 0 | G49: 0 | I49: 1 | J49: 1 | K49: 0 | L49: 1 | M49: 2 | N49: 2 | P49: 1 | Q49: 1 | R49: 0 | S49: 4 | T49: 1 | U49: 1 | V49: 2 | W49: 2 | X49: 5 | AA49: 3 | AB49: 0 | AC49: 2 | AG49: =SUM(B49:AF49) -> 32
A50: 05:00 | B50: 3 | C50: 0 | D50: 0 | E50: 0 | F50: 0 | G50: 0 | I50: 1 | J50: 0 | K50: 0 | L50: 1 | M50: 0 | N50: 4 | P50: 1 | Q50: 1 | R50: 0 | S50: 0 | T50: 1 | U50: 1 | V50: 2 | W50: 1 | X50: 1 | Z50: 2 | AA50: 2 | AB50: 3 | AC50: 5 | AG50: =SUM(B50:AF50) -> 29
A51: 06:00 | B51: 1 | C51: 0 | D51: 0 | E51: 0 | F51: 2 | G51: 0 | H51: 1 | I51: 0 | J51: 4 | K51: 0 | L51: 1 | M51: 0 | N51: 3 | P51: 0 | Q51: 1 | R51: 0 | S51: 0 | T51: 0 | U51: 1 | V51: 2 | W51: 0 | X51: 2 | AA51: 1 | AB51: 4 | AC51: 1 | AG51: =SUM(B51:AF51) -> 24
A52: 07:00 | B52: 0 | C52: 0 | D52: 1 | E52: 2 | F52: 0 | G52: 0 | H52: 4 | I52: 2 | J52: 2 | K52: 0 | L52: 3 | M52: 1 | N52: 4 | P52: 1 | Q52: 0 | R52: 1 | S52: 0 | T52: 3 | U52: 3 | V52: 0 | W52: 2 | X52: 2 | Z52: 4 | AA52: 3 | AB52: 2 | AC52: 4 | AG52: =SUM(B52:AF52) -> 44
A53: Total de NSP | B53: =SUM(B54:B77) -> 38 | C53: =SUM(C54:C77) -> 19 | D53: =SUM(D54:D77) -> 15 | E53: =SUM(E54:E77) -> 2 | F53: =SUM(F54:F77) -> 1 | G53: =SUM(G54:G77) -> 35 | H53: =SUM(H54:H77) -> 4 | I53: =SUM(I54:I77) -> 30 | ... AF53: =SUM(AF54:AF77) -> 0 | AG53: =SUM(B53:AF53) -> 396
A54: 08:00 | N54: 1 | P54: 1 | U54: 2 | W54: 1 | AC54: 1 | AG54: =SUM(B54:AF54) -> 6
A55: 09:00 | C55: 1 | I55: 1 | M55: 1 | Y55: 2 | AC55: 1 | AG55: =SUM(B55:AF55) -> 6
A56: 10:00 | B56: 1 | C56: 1 | G56: 1 | J56: 1 | K56: 1 | N56: 1 | P56: 1 | T56: 1 | W56: 2 | Y56: 1 | AC56: 2 | AG56: =SUM(B56:AF56) -> 13
A57: 11:00 | B57: 1 | C57: 1 | D57: 1 | N57: 1 | O57: 1 | U57: 2 | V57: 2 | AB57: 1 | AG57: =SUM(B57:AF57) -> 10
A58: 12:00 | B58: 1 | C58: 1 | D58: 1 | E58: 1 | I58: 1 | P58: 1 | U58: 1 | V58: 1 | X58: 1 | Z58: 1 | AA58: 1 | AC58: 2 | AG58: =SUM(B58:AF58) -> 13
A59: 13:00 | C59: 1 | K59: 1 | N59: 3 | P59: 1 | Q59: 1 | T59: 2 | W59: 1 | AB59: 1 | AG59: =SUM(B59:AF59) -> 11
A60: 14:00 | B60: 10 | D60: 1 | E60: 1 | G60: 1 | I60: 1 | K60: 2 | P60: 1 | U60: 1 | W60: 2 | Z60: 3 | AC60: 1 | AG60: =SUM(B60:AF60) -> 24
A61: 15:00 | B61: 4 | C61: 5 | D61: 2 | F61: 1 | G61: 1 | I61: 3 | K61: 1 | L61: 1 | N61: 1 | Q61: 1 | V61: 3 | W61: 2 | Z61: 1 | AB61: 1 | AC61: 2 | AG61: =SUM(B61:AF61) -> 29
A62: 16:00 | B62: 2 | C62: 1 | D62: 3 | G62: 7 | I62: 5 | J62: 1 | K62: 4 | N62: 1 | O62: 1 | P62: 1 | Q62: 1 | U62: 2 | V62: 2 | W62: 2 | Y62: 1 | AB62: 1 | AC62: 5 | AG62: =SUM(B62:AF62) -> 40
A63: 17:00 | B63: 3 | C63: 1 | D63: 1 | G63: 1 | I63: 3 | J63: 1 | K63: 1 | O63: 1 | P63: 1 | Q63: 2 | U63: 3 | V63: 1 | W63: 2 | X63: 1 | Y63: 1 | AC63: 1 | AG63: =SUM(B63:AF63) -> 24
A64: 18:00 | B64: 2 | C64: 4 | D64: 4 | G64: 1 | I64: 7 | J64: 2 | L64: 1 | N64: 3 | P64: 2 | R64: 1 | U64: 6 | V64: 4 | X64: 3 | Y64: 1 | Z64: 1 | AC64: 2 | AG64: =SUM(B64:AF64) -> 44
A65: 19:00 | B65: 1 | C65: 3 | D65: 1 | G65: 2 | I65: 3 | J65: 1 | K65: 2 | L65: 2 | M65: 1 | P65: 1 | R65: 1 | U65: 6 | V65: 3 | W65: 8 | X65: 1 | Y65: 3 | AB65: 1 | AC65: 4 | AG65: =SUM(B65:AF65) -> 44
A66: 20:00 | B66: 8 | D66: 1 | G66: 2 | H66: 1 | I66: 3 | J66: 1 | N66: 1 | P66: 1 | R66: 1 | U66: 4 | V66: 4 | W66: 11 | Y66: 1 | AC66: 2 | AG66: =SUM(B66:AF66) -> 41
A67: 21:00 | B67: 1 | G67: 2 | H67: 2 | I67: 1 | K67: 2 | M67: 1 | N67: 1 | P67: 2 | U67: 11 | Y67: 2 | Z67: 2 | AB67: 3 | AC67: 2 | AG67: =SUM(B67:AF67) -> 32
A68: 22:00 | G68: 6 | I68: 1 | J68: 2 | K68: 1 | P68: 1 | R68: 1 | U68: 3 | V68: 8 | W68: 1 | AB68: 1 | AG68: =SUM(B68:AF68) -> 25
A69: 23:00 | B69: 4 | G69: 5 | H69: 1 | L69: 1 | U69: 1 | W69: 2 | AC69: 1 | AG69: =SUM(B69:AF69) -> 15
A70: 00:00 | G70: 1 | I70: 1 | U70: 1 | W70: 1 | X70: 1 | Y70: 1 | AG70: =SUM(B70:AF70) -> 6
A71: 01:00 | G71: 4 | AG71: =SUM(B71:AF71) -> 4
A72: 02:00 | G72: 1 | W72: 2 | X72: 1 | AG72: =SUM(B72:AF72) -> 4
A73: 03:00 | AG73: =SUM(B73:AF73) -> 0
A74: 04:00 | S74: 1 | AG74: =SUM(B74:AF74) -> 1
A75: 05:00 | AG75: =SUM(B75:AF75) -> 0
A76: 06:00 | Y76: 1 | AA76: 1 | AG76: =SUM(B76:AF76) -> 2
A77: 07:00 | P77: 1 | Q77: 1 | AG77: =SUM(B77:AF77) -> 2
A78: TOTAL PACIENTES INSCRITOS | B78: =SUM(B79:B80) -> 228 | C78: =SUM(C79:C80) -> 181 | D78: =SUM(D79:D80) -> 174 | E78: =SUM(E79:E80) -> 166 | F78: =SUM(F79:F80) -> 194 | G78: =SUM(G79:G80) -> 243 | H78: =SUM(H79:H80) -> 82 | I78: =SUM(I79:I80) -> 227 | ... AF78: =SUM(AF79:AF80) -> 0 | AG78: =SUM(B78:AF78) -> 5643
A79: SAR | B79: =SUM(B4:B27)-B80 -> 228 | C79: =SUM(C4:C27)-C80 -> 181 | D79: =SUM(D4:D27)-D80 -> 174 | E79: =SUM(E4:E27)-E80 -> 166 | F79: =SUM(F4:F27)-F80 -> 86 | G79: =SUM(G4:G27)-G80 -> 118 | H79: =SUM(H4:H27)-H80 -> 82 | I79: =SUM(I4:I27)-I80 -> 227 | ... AF79: =SUM(AF4:AF27)-AF80 -> 0 | AG79: =SUM(B79:AF79) -> 4117
A80: PAR | D80: 0 | E80: 0 | F80: =SUM(F4:F12) -> 108 | G80: =SUM(G4:G12) -> 125 | H80: =SUM(H4:H12) -> 0 | K80: 0 | L80: 0 | M80: =SUM(M4:M12) -> 116 | N80: =SUM(N4:N12) -> 123 | O80: =SUM(O4:O12) -> 86 | R80: =SUM(R4:R12) -> 80 | S80: =SUM(S4:S12) -> 96 | T80: =SUM(T4:T12) -> 91 | U80: =SUM(U4:U12) -> 131 | V80: =SUM(V4:V12) -> 115 | Y80: =SUM(Y4:Y12) -> 103 | AA80: =SUM(AA4:AA12) -> 92 | AB80: =SUM(AB4:AB12) -> 119 | AC80: =SUM(AC4:AC12) -> 141 | AF80: =SUM(AF4:AF12) -> 0 | AG80: =SUM(B80:AF80) -> 1526
A81: TOTAL NSP | B81: =SUM(B82:B83) -> 38 | C81: =SUM(C82:C83) -> 19 | D81: =SUM(D82:D83) -> 15 | E81: =SUM(E82:E83) -> 2 | F81: =SUM(F82:F83) -> 1 | G81: =SUM(G82:G83) -> 35 | H81: =SUM(H82:H83) -> 4 | I81: =SUM(I82:I83) -> 30 | ... AF81: =SUM(AF82:AF83) -> 0 | AG81: =SUM(B81:AF81) -> 396 | AH81: =IF(AG81<>AG53,"*","")
A82: PAR | B82: =SUM(B54:B62) -> 19 | C82: =SUM(C54:C62) -> 11 | D82: =SUM(D54:D62) -> 8 | E82: =SUM(E54:E62) -> 2 | F82: =SUM(F54:F62) -> 1 | G82: =SUM(G54:G62) -> 10 | H82: =SUM(H54:H62) -> 0 | I82: =SUM(I54:I62) -> 11 | ... AF82: =SUM(AF54:AF62) -> 0 | AG82: =SUM(B82:AF82) -> 152
A83: SAR | B83: =SUM(B54:B77)-B82 -> 19 | C83: =SUM(C54:C77)-C82 -> 8 | D83: =SUM(D54:D77)-D82 -> 7 | E83: =SUM(E54:E77)-E82 -> 0 | F83: =SUM(F54:F77)-F82 -> 0 | G83: =SUM(G54:G77)-G82 -> 25 | H83: =SUM(H54:H77)-H82 -> 4 | I83: =SUM(I54:I77)-I82 -> 19 | ... AF83: =SUM(AF54:AF77)-AF82 -> 0 | AG83: =SUM(B83:AF83) -> 244
A84: NSP PEDIATR. / ADULTOS | B84: =SUM(B85:B86) -> 38 | C84: =SUM(C85:C86) -> 19 | D84: =SUM(D85:D86) -> 15 | E84: =SUM(E85:E86) -> 2 | F84: =SUM(F85:F86) -> 1 | G84: =SUM(G85:G86) -> 35 | H84: =SUM(H85:H86) -> 4 | I84: =SUM(I85:I86) -> 30 | ... AF84: =SUM(AF85:AF86) -> 0 | AG84: =SUM(B84:AF84) -> 396 | AH84: =IF(AG84<>AG82+AG83,"*","") | AI84: NSP
A85: NSP PEDIATRICOS (<15 AÑOS) | B85: 9 | C85: 2 | D85: 3 | E85: 0 | F85: 0 | G85: 8 | H85: 1 | I85: 7 | J85: 1 | K85: 1 | L85: 1 | M85: 0 | N85: 3 | O85: 0 | P85: 1 | Q85: 1 | R85: 0 | S85: 0 | T85: 0 | U85: 7 | V85: 7 | W85: 3 | X85: 2 | Y85: 2 | Z85: 1 | AA85: 0 | AB85: 2 | AC85: 6 | AG85: =SUM(B85:AF85) -> 68
A86: NSP ADULTOS | B86: 29 | C86: 17 | D86: 12 | E86: 2 | F86: 1 | G86: 27 | H86: 3 | I86: 23 | J86: 8 | K86: 14 | L86: 4 | M86: 3 | N86: 10 | O86: 3 | P86: 14 | Q86: 5 | R86: 4 | S86: 1 | T86: 3 | U86: 36 | V86: 21 | W86: 34 | X86: 6 | Y86: 12 | Z86: 7 | AA86: 2 | AB86: 7 | AC86: 20 | AG86: =SUM(B86:AF86) -> 328
A87: NSP CATEGORIZACION | B87: =SUM(B88:B92) -> 38 | C87: =SUM(C88:C92) -> 19 | D87: =SUM(D88:D92) -> 15 | E87: =SUM(E88:E92) -> 2 | F87: =SUM(F88:F92) -> 1 | G87: =SUM(G88:G92) -> 35 | H87: =SUM(H88:H92) -> 4 | I87: =SUM(I88:I92) -> 30 | ... AF87: =SUM(AF88:AF92) -> 0 | AG87: =SUM(B87:AF87) -> 396 | AH87: =IF(AG87<>AG84,"*","")
A88: SIN CATEGORIZACIÓN nsp | B88: 7 | C88: 6 | D88: 2 | E88: 1 | G88: 7 | H88: 1 | I88: 8 | J88: 3 | K88: 4 | L88: 2 | M88: 2 | N88: 3 | O88: 2 | P88: 6 | Q88: 3 | S88: 1 | T88: 3 | U88: 10 | V88: 6 | W88: 14 | X88: 2 | Y88: 5 | Z88: 1 | AA88: 1 | AB88: 2 | AC88: 9 | AG88: =SUM(B88:AF88) -> 111
A89: C2 | AG89: =SUM(B89:AF89) -> 0
A90: C3 | G90: 1 | W90: 1 | Y90: 1 | AG90: =SUM(B90:AF90) -> 3
A91: C4 | B91: 13 | C91: 11 | D91: 3 | G91: 18 | H91: 1 | I91: 3 | K91: 7 | L91: 1 | M91: 1 | N91: 2 | O91: 1 | P91: 5 | Q91: 1 | R91: 1 | U91: 12 | V91: 8 | W91: 16 | X91: 5 | Y91: 5 | Z91: 3 | AB91: 4 | AC91: 8 | AG91: =SUM(B91:AF91) -> 129
A92: C5 | B92: 18 | C92: 2 | D92: 10 | E92: 1 | F92: 1 | G92: 9 | H92: 2 | I92: 19 | J92: 6 | K92: 4 | L92: 2 | N92: 8 | P92: 4 | Q92: 2 | R92: 3 | U92: 21 | V92: 14 | W92: 6 | X92: 1 | Y92: 3 | Z92: 4 | AA92: 1 | AB92: 3 | AC92: 9 | AG92: =SUM(B92:AF92) -> 153
A93: TOTAL PACIENTES ATENDIDOS | B93: =+B94+B100 -> 190 | C93: =+C94+C100 -> 162 | D93: =+D94+D100 -> 159 | E93: =+E94+E100 -> 164 | F93: =+F94+F100 -> 193 | G93: =+G94+G100 -> 208 | H93: =+H94+H100 -> 78 | I93: =+I94+I100 -> 197 | ... AF93: =+AF94+AF100 -> 0 | AG93: =SUM(B93:AF93) -> 5247 | AH93: =IF(AG93<>AG28,"*","")
A94: Menor 15 años | B94: =SUM(B95:B99) -> 27 | C94: =SUM(C95:C99) -> 19 | D94: =SUM(D95:D99) -> 18 | E94: =SUM(E95:E99) -> 18 | F94: =SUM(F95:F99) -> 23 | G94: =SUM(G95:G99) -> 26 | H94: =SUM(H95:H99) -> 10 | I94: =SUM(I95:I99) -> 23 | ... AF94: =SUM(AF95:AF99) -> 0 | AG94: =SUM(B94:AF94) -> 595
A95: Menor 1 Año | B95: 0 | C95: 0 | D95: 1 | E95: 0 | F95: 3 | G95: 3 | K95: 1 | M95: 2 | N95: 1 | P95: 1 | R95: 2 | T95: 2 | AG95: =SUM(B95:AF95) -> 16
A96: 1 Año | B96: 3 | C96: 4 | D96: 1 | E96: 1 | F96: 3 | G96: 1 | H96: 1 | I96: 1 | K96: 1 | L96: 1 | M96: 1 | N96: 1 | O96: 2 | P96: 1 | Q96: 1 | R96: 1 | S96: 3 | U96: 1 | V96: 1 | W96: 2 | X96: 4 | Z96: 3 | AA96: 4 | AB96: 2 | AG96: =SUM(B96:AF96) -> 44
A97: 2 - 4 | B97: 11 | C97: 6 | D97: 7 | E97: 7 | F97: 2 | G97: 9 | I97: 3 | J97: 5 | K97: 5 | L97: 5 | M97: 4 | N97: 6 | O97: 7 | P97: 4 | Q97: 4 | R97: 7 | S97: 8 | T97: 8 | U97: 2 | V97: 2 | W97: 3 | X97: 3 | Y97: 4 | Z97: 6 | AA97: 2 | AB97: 5 | AC97: 3 | AG97: =SUM(B97:AF97) -> 138
A98: 5 - 9 | B98: 6 | C98: 4 | D98: 6 | E98: 6 | F98: 11 | G98: 5 | H98: 5 | I98: 12 | J98: 8 | K98: 6 | L98: 7 | M98: 3 | N98: 6 | O98: 6 | P98: 10 | Q98: 8 | R98: 8 | S98: 7 | T98: 9 | U98: 7 | V98: 9 | W98: 4 | X98: 8 | Y98: 5 | Z98: 8 | AA98: 10 | AB98: 9 | AC98: 15 | AG98: =SUM(B98:AF98) -> 208
A99: 10 - 14 | B99: 7 | C99: 5 | D99: 3 | E99: 4 | F99: 4 | G99: 8 | H99: 4 | I99: 7 | J99: 10 | K99: 12 | L99: 6 | M99: 4 | N99: 11 | O99: 5 | P99: 4 | Q99: 12 | R99: 6 | S99: 9 | T99: 4 | U99: 7 | V99: 4 | W99: 4 | X99: 5 | Y99: 6 | Z99: 11 | AA99: 13 | AB99: 8 | AC99: 6 | AG99: =SUM(B99:AF99) -> 189
A100: Mayor de 15 años | B100: =SUM(B101:B115) -> 163 | C100: =SUM(C101:C115) -> 143 | D100: =SUM(D101:D115) -> 141 | E100: =SUM(E101:E115) -> 146 | F100: =SUM(F101:F115) -> 170 | G100: =SUM(G101:G115) -> 182 | H100: =SUM(H101:H115) -> 68 | I100: =SUM(I101:I115) -> 174 | ... AF100: =SUM(AF101:AF115) -> 0 | AG100: =SUM(B100:AF100) -> 4652
A101: 15 - 19 | B101: 11 | C101: 9 | D101: 14 | E101: 7 | F101: 9 | G101: 17 | H101: 9 | I101: 11 | J101: 9 | K101: 11 | L101: 10 | M101: 9 | N101: 14 | O101: 8 | P101: 10 | Q101: 11 | R101: 13 | S101: 14 | T101: 11 | U101: 9 | V101: 7 | W101: 7 | X101: 12 | Y101: 6 | Z101: 9 | AA101: 12 | AB101: 16 | AC101: 13 | AG101: =SUM(B101:AF101) -> 298
...

Sheet MARZO
A2: MARZO | B2: 1 | C2: =+B2+1 -> 2 | D2: =+C2+1 -> 3 | E2: =+D2+1 -> 4 | F2: =+E2+1 -> 5 | G2: =+F2+1 -> 6 | H2: =+G2+1 -> 7 | I2: =+H2+1 -> 8 | J2: =+I2+1 -> 9 | ... AA2: =+Z2+1 -> 26 | AB2: 27 | AC2: =+AB2+1 -> 28 | AD2: 29 | AE2: 30 | AF2: 31 | AG2: TOTAL
A3: Total de Inscritos | B3: =SUM(B4:B27) -> 203 | C3: =SUM(C4:C27) -> 191 | D3: =SUM(D4:D27) -> 226 | E3: =SUM(E4:E27) -> 220 | F3: =SUM(F4:F27) -> 204 | G3: =SUM(G4:G27) -> 245 | H3: =SUM(H4:H27) -> 233 | I3: =SUM(I4:I27) -> 225 | ... AF3: =SUM(AF4:AF27) -> 245 | AG3: =SUM(B3:AF3) -> 8086
A4: 08:00 | B4: 10 | C4: 11 | D4: 6 | E4: 10 | F4: 1 | G4: 18 | H4: 13 | I4: 16 | J4: 19 | K4: 11 | L4: 5 | M4: 4 | N4: 20 | O4: 19 | P4: 25 | Q4: 18 | R4: 17 | S4: 7 | T4: 6 | U4: 27 | V4: 21 | W4: 22 | X4: 17 | Y4: 20 | Z4: 9 | AA4: 13 | AB4: 6 | AC4: 16 | AD4: 8 | AE4: 14 | AF4: 11 | AG4: =SUM(B4:AF4) -> 420
A5: 09:00 | B5: 12 | C5: 11 | D5: 9 | E5: 13 | F5: 7 | G5: 18 | H5: 16 | I5: 10 | J5: 17 | K5: 16 | L5: 12 | M5: 15 | N5: 26 | O5: 20 | P5: 23 | Q5: 18 | R5: 22 | S5: 11 | T5: 13 | U5: 28 | V5: 29 | W5: 20 | X5: 17 | Y5: 16 | Z5: 29 | AA5: 9 | AB5: 26 | AC5: 22 | AD5: 12 | AE5: 19 | AF5: 18 | AG5: =SUM(B5:AF5) -> 534
A6: 10:00 | B6: 10 | C6: 14 | D6: 11 | E6: 15 | F6: 17 | G6: 21 | H6: 17 | I6: 15 | J6: 14 | K6: 5 | L6: 13 | M6: 11 | N6: 20 | O6: 21 | P6: 25 | Q6: 21 | R6: 19 | S6: 13 | T6: 17 | U6: 36 | V6: 32 | W6: 14 | X6: 15 | Y6: 21 | Z6: 17 | AA6: 14 | AB6: 20 | AC6: 20 | AD6: 16 | AE6: 17 | AF6: 17 | AG6: =SUM(B6:AF6) -> 538
A7: 11:00 | B7: 6 | C7: 10 | D7: 10 | E7: 22 | F7: 18 | G7: 10 | H7: 22 | I7: 9 | J7: 12 | K7: 12 | L7: 12 | M7: 16 | N7: 21 | O7: 14 | P7: 21 | Q7: 25 | R7: 19 | S7: 16 | T7: 24 | U7: 21 | V7: 13 | W7: 24 | X7: 26 | Y7: 25 | Z7: 16 | AA7: 19 | AB7: 24 | AC7: 18 | AD7: 23 | AE7: 16 | AF7: 11 | AG7: =SUM(B7:AF7) -> 535
A8: 12:00 | B8: 8 | C8: 5 | D8: 17 | E8: 15 | F8: 13 | G8: 12 | H8: 11 | I8: 12 | J8: 15 | K8: 19 | L8: 17 | M8: 25 | N8: 17 | O8: 19 | P8: 16 | Q8: 23 | R8: 16 | S8: 12 | T8: 19 | U8: 17 | V8: 15 | W8: 15 | X8: 19 | Y8: 9 | Z8: 25 | AA8: 27 | AB8: 17 | AC8: 17 | AD8: 16 | AE8: 13 | AF8: 21 | AG8: =SUM(B8:AF8) -> 502
A9: 13:00 | B9: 5 | C9: 3 | D9: 13 | E9: 9 | F9: 10 | G9: 11 | H9: 11 | I9: 4 | J9: 12 | K9: 8 | L9: 19 | M9: 37 | N9: 16 | O9: 14 | P9: 26 | Q9: 24 | R9: 9 | S9: 17 | T9: 21 | U9: 15 | V9: 9 | W9: 12 | X9: 12 | Y9: 6 | Z9: 13 | AA9: 10 | AB9: 17 | AC9: 17 | AD9: 15 | AE9: 12 | AF9: 10 | AG9: =SUM(B9:AF9) -> 417
A10: 14:00 | B10: 15 | C10: 18 | D10: 12 | E10: 9 | F10: 11 | G10: 12 | H10: 5 | I10: 9 | J10: 10 | K10: 13 | L10: 12 | M10: 16 | N10: 23 | O10: 18 | P10: 20 | Q10: 18 | R10: 23 | S10: 13 | T10: 9 | U10: 15 | V10: 17 | W10: 17 | X10: 12 | Y10: 10 | Z10: 13 | AA10: 15 | AB10: 11 | AC10: 20 | AD10: 7 | AE10: 11 | AF10: 15 | AG10: =SUM(B10:AF10) -> 429
A11: 15:00 | B11: 2 | C11: 9 | D11: 10 | E11: 12 | F11: 17 | G11: 18 | H11: 11 | I11: 12 | J11: 12 | K11: 22 | L11: 11 | M11: 16 | N11: 10 | O11: 18 | P11: 22 | Q11: 13 | R11: 12 | S11: 23 | T11: 15 | U11: 19 | V11: 16 | W11: 21 | X11: 12 | Y11: 14 | Z11: 15 | AA11: 18 | AB11: 16 | AC11: 22 | AD11: 14 | AE11: 14 | AF11: 15 | AG11: =SUM(B11:AF11) -> 461
A12: 16:00 | B12: 16 | C12: 18 | D12: 20 | E12: 16 | F12: 22 | G12: 19 | H12: 14 | I12: 21 | J12: 22 | K12: 10 | L12: 17 | M12: 19 | N12: 24 | O12: 31 | P12: 31 | Q12: 21 | R12: 23 | S12: 13 | T12: 23 | U12: 29 | V12: 26 | W12: 28 | X12: 20 | Y12: 14 | Z12: 20 | AA12: 17 | AB12: 25 | AC12: 12 | AD12: 29 | AE12: 17 | AF12: 15 | AG12: =SUM(B12:AF12) -> 632
A13: 17:00 | B13: 15 | C13: 13 | D13: 14 | E13: 18 | F13: 10 | G13: 14 | H13: 21 | I13: 25 | J13: 16 | K13: 17 | L13: 17 | M13: 20 | N13: 29 | O13: 17 | P13: 18 | Q13: 25 | R13: 8 | S13: 12 | T13: 14 | U13: 25 | V13: 28 | W13: 18 | X13: 19 | Y13: 14 | Z13: 13 | AA13: 27 | AB13: 25 | AC13: 21 | AD13: 18 | AE13: 22 | AF13: 14 | AG13: =SUM(B13:AF13) -> 567
A14: 18:00 | B14: 15 | C14: 11 | D14: 14 | E14: 12 | F14: 13 | G14: 17 | H14: 21 | I14: 15 | J14: 18 | K14: 13 | L14: 17 | M14: 18 | N14: 32 | O14: 20 | P14: 21 | Q14: 23 | R14: 8 | S14: 18 | T14: 9 | U14: 26 | V14: 33 | W14: 9 | X14: 16 | Y14: 13 | Z14: 13 | AA14: 9 | AB14: 25 | AC14: 20 | AD14: 19 | AE14: 16 | AF14: 19 | AG14: =SUM(B14:AF14) -> 533
A15: 19:00 | B15: 18 | C15: 10 | D15: 17 | E15: 11 | F15: 7 | G15: 18 | H15: 15 | I15: 17 | J15: 14 | K15: 12 | L15: 6 | M15: 11 | N15: 28 | O15: 19 | P15: 18 | Q15: 15 | R15: 13 | S15: 14 | T15: 5 | U15: 18 | V15: 21 | W15: 17 | X15: 21 | Y15: 21 | Z15: 21 | AA15: 18 | AB15: 20 | AC15: 8 | AD15: 12 | AE15: 18 | AF15: 15 | AG15: =SUM(B15:AF15) -> 478
... A27: 07:00 | B27: 9 | C27: 4 | D27: 3 | E27: 2 | F27: 1 | G27: 3 | H27: 4 | I27: 4 | J27: 7 | K27: 4 | L27: 2 | M27: 7 | N27: 8 | O27: 6 | P27: 9 | Q27: 11 | R27: 2 | S27: 4 | T27: 6 | U27: 5 | V27: 7 | W27: 7 | X27: 4 | Y27: 4 | Z27: 1 | AA27: 2 | AB27: 3 | AC27: 8 | AD27: 3 | AE27: 2 | AF27: 3 | AG27: =SUM(B27:AF27) -> 145
A28: Total de atendidos | B28: =SUM(B29:B52) -> 195 | C28: =SUM(C29:C52) -> 178 | D28: =SUM(D29:D52) -> 203 | E28: =SUM(E29:E52) -> 214 | F28: =SUM(F29:F52) -> 197 | G28: =SUM(G29:G52) -> 208 | H28: =SUM(H29:H52) -> 202 | I28: =SUM(I29:I52) -> 215 | ... AF28: =SUM(AF29:AF52) -> 225 | AG28: =SUM(B28:AF28) -> 7090
A29: 08:00 | B29: 7 | C29: 3 | D29: 5 | E29: 7 | G29: 7 | H29: 9 | I29: 9 | J29: 8 | K29: 2 | L29: 3 | M29: 6 | N29: 7 | O29: 5 | P29: 17 | Q29: 8 | S29: 3 | T29: 6 | U29: 9 | V29: 8 | W29: 5 | X29: 8 | Y29: 6 | Z29: 5 | AA29: 5 | AB29: 4 | AC29: 15 | AD29: 3 | AE29: 3 | AF29: 5 | AG29: =SUM(B29:AF29) -> 188
A30: 09:00 | B30: 13 | C30: 5 | D30: 6 | E30: 10 | F30: 4 | G30: 12 | H30: 6 | I30: 11 | J30: 10 | K30: 13 | L30: 8 | M30: 9 | N30: 14 | O30: 13 | P30: 19 | Q30: 12 | R30: 13 | S30: 5 | T30: 8 | U30: 15 | V30: 13 | W30: 14 | X30: 10 | Y30: 14 | Z30: 12 | AA30: 13 | AB30: 11 | AC30: 14 | AD30: 10 | AE30: 9 | AF30: 13 | AG30: =SUM(B30:AF30) -> 339
A31: 10:00 | B31: 6 | C31: 12 | D31: 7 | E31: 14 | F31: 12 | G31: 11 | H31: 8 | I31: 11 | J31: 5 | K31: 10 | L31: 12 | M31: 16 | N31: 15 | O31: 8 | P31: 9 | Q31: 13 | R31: 14 | S31: 14 | T31: 18 | U31: 11 | V31: 15 | W31: 11 | X31: 10 | Y31: 12 | Z31: 18 | AA31: 9 | AB31: 10 | AC31: 3 | AD31: 7 | AE31: 6 | AF31: 13 | AG31: =SUM(B31:AF31) -> 340
A32: 11:00 | B32: 9 | C32: 15 | D32: 11 | E32: 12 | F32: 15 | G32: 9 | H32: 12 | I32: 11 | J32: 13 | K32: 13 | L32: 18 | M32: 11 | N32: 13 | O32: 10 | P32: 13 | Q32: 10 | R32: 14 | S32: 14 | T32: 14 | U32: 17 | V32: 11 | W32: 12 | X32: 12 | Y32: 7 | Z32: 17 | AA32: 17 | AB32: 7 | AC32: 13 | AD32: 8 | AE32: 11 | AF32: 12 | AG32: =SUM(B32:AF32) -> 381
A33: 12:00 | B33: 9 | C33: 9 | D33: 9 | E33: 9 | F33: 19 | G33: 12 | H33: 5 | I33: 12 | J33: 14 | K33: 6 | L33: 14 | M33: 14 | N33: 3 | O33: 10 | P33: 14 | Q33: 11 | R33: 13 | S33: 14 | T33: 16 | U33: 15 | V33: 11 | W33: 9 | X33: 11 | Y33: 12 | Z33: 23 | AA33: 20 | AB33: 6 | AC33: 12 | AD33: 10 | AE33: 13 | AF33: 15 | AG33: =SUM(B33:AF33) -> 370
A34: 13:00 | B34: 6 | C34: 2 | D34: 6 | E34: 16 | F34: 8 | G34: 4 | H34: 8 | I34: 6 | J34: 5 | K34: 10 | L34: 9 | M34: 21 | N34: 4 | O34: 8 | P34: 8 | Q34: 9 | R34: 9 | S34: 9 | T34: 14 | U34: 6 | V34: 6 | W34: 11 | X34: 11 | Y34: 6 | Z34: 16 | AA34: 17 | AB34: 9 | AC34: 11 | AD34: 6 | AE34: 7 | AF34: 7 | AG34: =SUM(B34:AF34) -> 275
A35: 14:00 | B35: 5 | C35: 9 | D35: 4 | E35: 5 | F35: 4 | G35: 10 | H35: 10 | I35: 6 | J35: 8 | K35: 6 | L35: 18 | M35: 19 | N35: 12 | O35: 12 | P35: 10 | Q35: 13 | R35: 4 | S35: 8 | T35: 7 | U35: 12 | V35: 12 | W35: 15 | X35: 11 | Y35: 5 | Z35: 11 | AA35: 10 | AB35: 19 | AC35: 13 | AD35: 15 | AE35: 6 | AF35: 12 | AG35: =SUM(B35:AF35) -> 311
A36: 15:00 | B36: 6 | C36: 11 | D36: 7 | E36: 14 | F36: 16 | G36: 5 | H36: 11 | I36: 12 | J36: 9 | K36: 10 | L36: 13 | M36: 13 | N36: 8 | O36: 12 | P36: 19 | Q36: 21 | R36: 9 | S36: 14 | T36: 16 | U36: 16 | V36: 12 | W36: 15 | X36: 16 | Y36: 13 | Z36: 17 | AA36: 18 | AB36: 18 | AC36: 13 | AD36: 22 | AE36: 7 | AF36: 13 | AG36: =SUM(B36:AF36) -> 406
A37: 16:00 | B37: 8 | C37: 10 | D37: 21 | E37: 14 | F37: 12 | G37: 12 | H37: 9 | I37: 11 | J37: 12 | K37: 12 | L37: 11 | M37: 12 | N37: 13 | O37: 12 | P37: 17 | Q37: 9 | R37: 11 | S37: 20 | T37: 21 | U37: 17 | V37: 14 | W37: 14 | X37: 10 | Y37: 9 | Z37: 18 | AA37: 13 | AB37: 9 | AC37: 17 | AD37: 9 | AE37: 16 | AF37: 12 | AG37: =SUM(B37:AF37) -> 405
A38: 17:00 | B38: 8 | C38: 6 | D38: 4 | E38: 12 | F38: 17 | G38: 7 | H38: 8 | I38: 14 | J38: 4 | K38: 14 | L38: 18 | M38: 14 | N38: 15 | O38: 9 | P38: 18 | Q38: 13 | R38: 8 | S38: 16 | T38: 17 | U38: 14 | V38: 11 | W38: 9 | X38: 12 | Y38: 7 | Z38: 16 | AA38: 14 | AB38: 11 | AC38: 17 | AD38: 9 | AE38: 8 | AF38: 10 | AG38: =SUM(B38:AF38) -> 360
A39: 18:00 | B39: 17 | C39: 17 | D39: 15 | E39: 12 | F39: 14 | G39: 17 | H39: 17 | I39: 15 | J39: 13 | K39: 11 | L39: 19 | M39: 15 | N39: 20 | O39: 14 | P39: 18 | Q39: 22 | R39: 18 | S39: 21 | T39: 22 | U39: 18 | V39: 17 | W39: 15 | X39: 22 | Y39: 11 | Z39: 21 | AA39: 22 | AB39: 11 | AC39: 9 | AD39: 16 | AE39: 22 | AF39: 16 | AG39: =SUM(B39:AF39) -> 517
A40: 19:00 | B40: 16 | C40: 18 | D40: 12 | E40: 12 | F40: 8 | G40: 16 | H40: 21 | I40: 20 | J40: 21 | K40: 13 | L40: 14 | M40: 14 | N40: 22 | O40: 20 | P40: 22 | Q40: 25 | R40: 21 | S40: 13 | T40: 12 | U40: 14 | V40: 21 | W40: 19 | X40: 24 | Y40: 17 | Z40: 16 | AA40: 19 | AB40: 16 | AC40: 17 | AD40: 22 | AE40: 18 | AF40: 15 | AG40: =SUM(B40:AF40) -> 538
A41: 20:00 | B41: 18 | C41: 10 | D41: 15 | E41: 10 | F41: 21 | G41: 20 | H41: 19 | I41: 20 | J41: 21 | K41: 16 | L41: 7 | M41: 23 | N41: 17 | O41: 23 | P41: 20 | Q41: 22 | R41: 21 | S41: 18 | T41: 12 | U41: 13 | V41: 22 | W41: 19 | X41: 20 | Y41: 11 | Z41: 15 | AA41: 22 | AB41: 14 | AC41: 20 | AD41: 16 | AE41: 18 | AF41: 18 | AG41: =SUM(B41:AF41) -> 541
... A44: 23:00 | B44: 8 | C44: 5 | D44: 16 | E44: 11 | F44: 5 | G44: 15 | H44: 10 | I44: 16 | J44: 15 | K44: 14 | L44: 11 | M44: 19 | N44: 18 | O44: 16 | P44: 14 | Q44: 12 | R44: 7 | S44: 7 | T44: 11 | U44: 14 | V44: 13 | W44: 10 | X44: 10 | Y44: 6 | Z44: 12 | AA44: 17 | AB44: 13 | AC44: 11 | AD44: 5 | AE44: 8 | AF44: 13 | AG44: =SUM(B44:AF44) -> 362
A45: 00:00 | B45: 7 | C45: 11 | D45: 7 | E45: 7 | F45: 7 | G45: 17 | H45: 7 | I45: 5 | J45: 6 | K45: 4 | M45: 10 | N45: 4 | O45: 9 | P45: 8 | Q45: 10 | R45: 4 | S45: 7 | T45: 8 | U45: 9 | W45: 3 | X45: 8 | Y45: 8 | Z45: 8 | AA45: 6 | AB45: 9 | AC45: 15 | AD45: 12 | AE45: 9 | AF45: 7 | AG45: =SUM(B45:AF45) -> 232
A46: 01:00 | B46: 7 | C46: 12 | D46: 8 | E46: 13 | F46: 0 | H46: 4 | I46: 3 | J46: 1 | K46: 2 | L46: 2 | M46: 5 | N46: 10 | O46: 10 | P46: 14 | Q46: 10 | R46: 5 | S46: 5 | T46: 2 | U46: 9 | W46: 5 | X46: 4 | Y46: 7 | Z46: 7 | AA46: 4 | AB46: 11 | AC46: 4 | AD46: 4 | AE46: 0 | AF46: 7 | AG46: =SUM(B46:AF46) -> 175
A47: 02:00 | B47: 5 | C47: 2 | D47: 11 | E47: 1 | F47: 1 | I47: 0 | J47: 4 | K47: 17 | L47: 9 | M47: 3 | N47: 12 | O47: 3 | P47: 4 | Q47: 5 | R47: 9 | S47: 2 | T47: 0 | U47: 14 | W47: 3 | X47: 12 | Y47: 9 | Z47: 4 | AA47: 0 | AB47: 10 | AC47: 5 | AD47: 3 | AE47: 0 | AF47: 1 | AG47: =SUM(B47:AF47) -> 149
A48: 03:00 | B48: 2 | C48: 1 | D48: 10 | E48: 1 | F48: 0 | H48: 3 | I48: 5 | J48: 0 | K48: 0 | M48: 0 | N48: 0 | O48: 11 | P48: 1 | Q48: 1 | R48: 4 | S48: 2 | T48: 3 | U48: 7 | W48: 0 | Y48: 1 | Z48: 5 | AA48: 3 | AB48: 0 | AC48: 1 | AD48: 0 | AE48: 0 | AF48: 2 | AG48: =SUM(B48:AF48) -> 63
A49: 04:00 | B49: 3 | C49: 0 | D49: 2 | E49: 2 | F49: 6 | H49: 1 | I49: 0 | J49: 3 | K49: 0 | M49: 3 | N49: 3 | O49: 0 | P49: 1 | Q49: 1 | R49: 2 | S49: 4 | T49: 1 | U49: 1 | W49: 5 | Y49: 1 | Z49: 5 | AA49: 1 | AB49: 2 | AC49: 1 | AD49: 0 | AE49: 2 | AF49: 4 | AG49: =SUM(B49:AF49) -> 54
A50: 05:00 | B50: 0 | C50: 0 | D50: 3 | E50: 1 | F50: 4 | H50: 1 | I50: 0 | J50: 0 | K50: 0 | M50: 0 | N50: 3 | O50: 0 | P50: 0 | Q50: 5 | R50: 3 | S50: 2 | T50: 0 | U50: 0 | W50: 2 | Y50: 1 | Z50: 2 | AA50: 1 | AB50: 0 | AC50: 0 | AD50: 0 | AE50: 7 | AF50: 1 | AG50: =SUM(B50:AF50) -> 36
A51: 06:00 | B51: 3 | C51: 0 | D51: 0 | E51: 1 | F51: 0 | H51: 1 | I51: 0 | J51: 0 | K51: 0 | M51: 0 | N51: 0 | O51: 0 | P51: 1 | Q51: 2 | R51: 2 | S51: 1 | T51: 0 | U51: 0 | W51: 1 | Y51: 2 | Z51: 1 | AA51: 7 | AB51: 1 | AC51: 3 | AD51: 3 | AE51: 0 | AF51: 2 | AG51: =SUM(B51:AF51) -> 31
A52: 07:00 | B52: 3 | C52: 1 | D52: 0 | E52: 6 | F52: 1 | H52: 1 | I52: 0 | J52: 2 | K52: 0 | M52: 2 | N52: 3 | O52: 2 | P52: 1 | Q52: 3 | R52: 1 | S52: 3 | T52: 6 | U52: 3 | W52: 3 | Y52: 3 | Z52: 0 | AA52: 1 | AB52: 2 | AC52: 4 | AD52: 0 | AE52: 0 | AF52: 0 | AG52: =SUM(B52:AF52) -> 51
A53: Total de NSP | B53: =SUM(B54:B77) -> 8 | C53: =SUM(C54:C77) -> 13 | D53: =SUM(D54:D77) -> 23 | E53: =SUM(E54:E77) -> 6 | F53: =SUM(F54:F77) -> 7 | G53: =SUM(G54:G77) -> 37 | H53: =SUM(H54:H77) -> 31 | I53: =SUM(I54:I77) -> 10 | ... AF53: =SUM(AF54:AF77) -> 20 | AG53: =SUM(B53:AF53) -> 996
A54: 08:00 | J54: 1 | P54: 2 | Y54: 1 | AC54: 1 | AG54: =SUM(B54:AF54) -> 5
A55: 09:00 | E55: 1 | H55: 1 | R55: 1 | S55: 1 | T55: 2 | U55: 1 | W55: 1 | AC55: 3 | AF55: 3 | AG55: =SUM(B55:AF55) -> 14
A56: 10:00 | C56: 1 | D56: 2 | G56: 1 | J56: 5 | O56: 1 | Q56: 2 | R56: 3 | T56: 2 | U56: 2 | V56: 1 | Y56: 1 | AB56: 1 | AD56: 3 | AE56: 1 | AF56: 1 | AG56: =SUM(B56:AF56) -> 27
A57: 11:00 | C57: 1 | H57: 4 | I57: 1 | J57: 2 | K57: 3 | M57: 1 | N57: 2 | O57: 1 | P57: 9 | Q57: 2 | R57: 2 | U57: 2 | V57: 3 | X57: 1 | Y57: 1 | Z57: 4 | AB57: 2 | AC57: 2 | AF57: 2 | AG57: =SUM(B57:AF57) -> 45
A58: 12:00 | B58: 1 | C58: 2 | D58: 1 | F58: 1 | G58: 2 | H58: 2 | I58: 1 | K58: 1 | N58: 1 | O58: 1 | P58: 3 | Q58: 2 | R58: 1 | S58: 1 | T58: 1 | V58: 2 | X58: 2 | Y58: 1 | Z58: 1 | AB58: 3 | AC58: 1 | AE58: 2 | AG58: =SUM(B58:AF58) -> 33
A59: 13:00 | F59: 1 | G59: 2 | H59: 2 | N59: 1 | P59: 1 | Q59: 3 | S59: 1 | V59: 2 | W59: 4 | X59: 3 | AB59: 2 | AC59: 3 | AD59: 2 | AG59: =SUM(B59:AF59) -> 27
A60: 14:00 | B60: 1 | C60: 2 | G60: 4 | H60: 2 | J60: 2 | K60: 1 | M60: 4 | N60: 6 | O60: 6 | P60: 4 | Q60: 10 | R60: 2 | U60: 4 | V60: 9 | W60: 2 | X60: 2 | Y60: 2 | Z60: 1 | AB60: 3 | AC60: 1 | AD60: 3 | AE60: 4 | AF60: 3 | AG60: =SUM(B60:AF60) -> 78
A61: 15:00 | C61: 1 | E61: 1 | G61: 2 | H61: 5 | J61: 6 | K61: 4 | L61: 1 | M61: 1 | N61: 8 | O61: 2 | P61: 2 | Q61: 2 | R61: 1 | S61: 1 | U61: 9 | V61: 7 | W61: 1 | X61: 6 | Y61: 1 | AB61: 4 | AC61: 5 | AD61: 4 | AE61: 5 | AF61: 1 | AG61: =SUM(B61:AF61) -> 80
A62: 16:00 | D62: 6 | G62: 4 | H62: 8 | J62: 2 | N62: 7 | O62: 6 | P62: 5 | Q62: 3 | R62: 1 | T62: 3 | U62: 9 | V62: 11 | W62: 5 | Y62: 5 | AB62: 6 | AC62: 3 | AD62: 6 | AE62: 2 | AF62: 1 | AG62: =SUM(B62:AF62) -> 93
A63: 17:00 | C63: 3 | D63: 2 | F63: 1 | G63: 1 | I63: 1 | J63: 2 | K63: 2 | M63: 1 | N63: 1 | O63: 3 | P63: 5 | Q63: 7 | R63: 3 | U63: 13 | V63: 1 | W63: 5 | X63: 4 | Y63: 2 | AB63: 6 | AC63: 4 | AD63: 2 | AE63: 8 | AF63: 1 | AG63: =SUM(B63:AF63) -> 78
A64: 18:00 | B64: 1 | C64: 2 | D64: 1 | E64: 2 | F64: 1 | G64: 5 | H64: 1 | I64: 1 | J64: 2 | K64: 1 | M64: 1 | N64: 18 | O64: 6 | P64: 9 | Q64: 10 | R64: 8 | U64: 6 | V64: 4 | W64: 6 | X64: 5 | Y64: 3 | AB64: 2 | AC64: 1 | AE64: 9 | AG64: =SUM(B64:AF64) -> 105
A65: 19:00 | B65: 1 | C65: 1 | D65: 1 | G65: 4 | H65: 3 | I65: 1 | J65: 6 | K65: 4 | M65: 7 | N65: 3 | O65: 4 | P65: 2 | Q65: 1 | R65: 7 | U65: 10 | V65: 3 | W65: 6 | X65: 2 | Y65: 5 | Z65: 1 | AB65: 9 | AC65: 7 | AD65: 1 | AE65: 3 | AF65: 1 | AG65: =SUM(B65:AF65) -> 93
A66: 20:00 | B66: 1 | E66: 1 | G66: 4 | H66: 2 | I66: 3 | J66: 2 | K66: 1 | L66: 1 | M66: 2 | N66: 5 | O66: 10 | P66: 6 | Q66: 5 | R66: 4 | U66: 5 | V66: 12 | W66: 9 | X66: 3 | Y66: 4 | Z66: 1 | AB66: 1 | AC66: 1 | AD66: 4 | AE66: 2 | AG66: =SUM(B66:AF66) -> 89
A67: 21:00 | D67: 6 | F67: 1 | G67: 2 | H67: 1 | J67: 3 | L67: 1 | N67: 8 | O67: 8 | P67: 3 | Q67: 4 | R67: 2 | U67: 4 | V67: 2 | W67: 5 | X67: 1 | AB67: 1 | AC67: 1 | AD67: 1 | AE67: 1 | AF67: 1 | AG67: =SUM(B67:AF67) -> 56
A68: 22:00 | B68: 1 | F68: 1 | G68: 5 | I68: 1 | J68: 1 | N68: 9 | O68: 3 | P68: 2 | Q68: 3 | U68: 1 | V68: 2 | W68: 2 | X68: 3 | Y68: 3 | AB68: 16 | AD68: 3 | AF68: 2 | AG68: =SUM(B68:AF68) -> 58
A69: 23:00 | D69: 2 | J69: 1 | L69: 1 | M69: 2 | N69: 3 | O69: 6 | P69: 2 | Q69: 1 | U69: 5 | V69: 1 | Y69: 1 | AD69: 2 | AG69: =SUM(B69:AF69) -> 27
A70: 00:00 | B70: 1 | D70: 1 | E70: 1 | F70: 1 | G70: 1 | N70: 4 | O70: 4 | U70: 3 | V70: 4 | X70: 2 | Y70: 3 | AB70: 1 | AC70: 1 | AD70: 1 | AF70: 2 | AG70: =SUM(B70:AF70) -> 30
A71: 01:00 | K71: 1 | N71: 6 | P71: 7 | Q71: 1 | U71: 2 | V71: 3 | Y71: 2 | AB71: 9 | AF71: 2 | AG71: =SUM(B71:AF71) -> 33
A72: 02:00 | D72: 1 | N72: 6 | U72: 2 | V72: 3 | Y72: 2 | AB72: 4 | AG72: =SUM(B72:AF72) -> 18
A73: 03:00 | AG73: =SUM(B73:AF73) -> 0
A74: 04:00 | AG74: =SUM(B74:AF74) -> 0
A75: 05:00 | AG75: =SUM(B75:AF75) -> 0
A76: 06:00 | B76: 1 | V76: 1 | AG76: =SUM(B76:AF76) -> 2
A77: 07:00 | I77: 1 | Q77: 2 | W77: 2 | AG77: =SUM(B77:AF77) -> 5
A78: TOTAL PACIENTES INSCRITOS | B78: =SUM(B79:B80) -> 203 | C78: =SUM(C79:C80) -> 191 | D78: =SUM(D79:D80) -> 226 | E78: =SUM(E79:E80) -> 220 | F78: =SUM(F79:F80) -> 204 | G78: =SUM(G79:G80) -> 245 | H78: =SUM(H79:H80) -> 233 | I78: =SUM(I79:I80) -> 225 | ... AF78: =SUM(AF79:AF80) -> 245 | AG78: =SUM(B78:AF78) -> 8086
A79: SAR | B79: =SUM(B4:B27)-B80 -> 203 | C79: =SUM(C4:C27)-C80 -> 191 | D79: =SUM(D4:D27)-D80 -> 226 | E79: =SUM(E4:E27)-E80 -> 220 | F79: =SUM(F4:F27)-F80 -> 88 | G79: =SUM(G4:G27)-G80 -> 106 | H79: =SUM(H4:H27)-H80 -> 113 | I79: =SUM(I4:I27)-I80 -> 225 | ... AF79: =SUM(AF4:AF27)-AF80 -> 112 | AG79: =SUM(B79:AF79) -> 5648
A80: PAR | D80: 0 | E80: 0 | F80: =SUM(F4:F12) -> 116 | G80: =SUM(G4:G12) -> 139 | H80: =SUM(H4:H12) -> 120 | K80: 0 | L80: 0 | M80: =SUM(M4:M12) -> 159 | N80: =SUM(N4:N12) -> 177 | O80: =SUM(O4:O12) -> 174 | R80: =SUM(R4:R12) -> 160 | S80: =SUM(S4:S12) -> 125 | T80: =SUM(T4:T12) -> 147 | U80: =SUM(U4:U12) -> 207 | V80: =SUM(V4:V12) -> 178 | Y80: =SUM(Y4:Y12) -> 135 | AA80: =SUM(AA4:AA12) -> 142 | AB80: =SUM(AB4:AB12) -> 162 | AC80: =SUM(AC4:AC12) -> 164 | AF80: =SUM(AF4:AF12) -> 133 | AG80: =SUM(B80:AF80) -> 2438
A81: TOTAL NSP | B81: =SUM(B82:B83) -> 8 | C81: =SUM(C82:C83) -> 13 | D81: =SUM(D82:D83) -> 23 | E81: =SUM(E82:E83) -> 6 | F81: =SUM(F82:F83) -> 7 | G81: =SUM(G82:G83) -> 37 | H81: =SUM(H82:H83) -> 31 | I81: =SUM(I82:I83) -> 10 | ... AF81: =SUM(AF82:AF83) -> 20 | AG81: =SUM(B81:AF81) -> 996 | AH81: =IF(AG81<>AG53,"*","")
A82: PAR | B82: =SUM(B54:B62) -> 2 | C82: =SUM(C54:C62) -> 7 | D82: =SUM(D54:D62) -> 9 | E82: =SUM(E54:E62) -> 2 | F82: =SUM(F54:F62) -> 2 | G82: =SUM(G54:G62) -> 15 | H82: =SUM(H54:H62) -> 24 | I82: =SUM(I54:I62) -> 2 | ... AF82: =SUM(AF54:AF62) -> 11 | AG82: =SUM(B82:AF82) -> 402
A83: SAR | B83: =SUM(B54:B77)-B82 -> 6 | C83: =SUM(C54:C77)-C82 -> 6 | D83: =SUM(D54:D77)-D82 -> 14 | E83: =SUM(E54:E77)-E82 -> 4 | F83: =SUM(F54:F77)-F82 -> 5 | G83: =SUM(G54:G77)-G82 -> 22 | H83: =SUM(H54:H77)-H82 -> 7 | I83: =SUM(I54:I77)-I82 -> 8 | ... AF83: =SUM(AF54:AF77)-AF82 -> 9 | AG83: =SUM(B83:AF83) -> 594
A84: NSP PEDIATR. / ADULTOS | B84: =SUM(B85:B86) -> 8 | C84: =SUM(C85:C86) -> 13 | D84: =SUM(D85:D86) -> 23 | E84: =SUM(E85:E86) -> 6 | F84: =SUM(F85:F86) -> 7 | G84: =SUM(G85:G86) -> 37 | H84: =SUM(H85:H86) -> 31 | I84: =SUM(I85:I86) -> 10 | ... AF84: =SUM(AF85:AF86) -> 20 | AG84: =SUM(B84:AF84) -> 996 | AH84: =IF(AG84<>AG82+AG83,"*","") | AI84: NSP
A85: NSP PEDIATRICOS (<15 AÑOS) | B85: 1 | C85: 3 | D85: 4 | E85: 0 | F85: 3 | G85: 11 | H85: 11 | I85: 3 | J85: 10 | K85: 1 | L85: 2 | M85: 3 | N85: 28 | O85: 16 | P85: 13 | Q85: 11 | R85: 10 | S85: 1 | T85: 1 | U85: 15 | V85: 16 | W85: 8 | X85: 11 | Y85: 10 | Z85: 1 | AB85: 11 | AC85: 3 | AD85: 10 | AE85: 12 | AF85: 2 | AG85: =SUM(B85:AF85) -> 231
A86: NSP ADULTOS | B86: 7 | C86: 10 | D86: 19 | E86: 6 | F86: 4 | G86: 26 | H86: 20 | I86: 7 | J86: 25 | K86: 17 | L86: 2 | M86: 16 | N86: 60 | O86: 45 | P86: 49 | Q86: 47 | R86: 25 | S86: 3 | T86: 7 | U86: 63 | V86: 55 | W86: 40 | X86: 23 | Y86: 27 | Z86: 7 | AB86: 59 | AC86: 31 | AD86: 22 | AE86: 25 | AF86: 18 | AG86: =SUM(B86:AF86) -> 765
A87: NSP CATEGORIZACION | B87: =SUM(B88:B92) -> 8 | C87: =SUM(C88:C92) -> 13 | D87: =SUM(D88:D92) -> 23 | E87: =SUM(E88:E92) -> 6 | F87: =SUM(F88:F92) -> 7 | G87: =SUM(G88:G92) -> 37 | H87: =SUM(H88:H92) -> 31 | I87: =SUM(I88:I92) -> 10 | ... AF87: =SUM(AF88:AF92) -> 20 | AG87: =SUM(B87:AF87) -> 996 | AH87: =IF(AG87<>AG84,"*","")
A88: SIN CATEGORIZACIÓN nsp | B88: 2 | C88: 4 | D88: 5 | E88: 3 | F88: 2 | G88: 14 | H88: 9 | I88: 5 | J88: 6 | K88: 4 | L88: 3 | M88: 3 | N88: 11 | O88: 10 | P88: 21 | Q88: 16 | R88: 6 | S88: 3 | T88: 4 | U88: 21 | V88: 15 | W88: 11 | X88: 4 | Y88: 9 | Z88: 4 | AB88: 11 | AC88: 10 | AD88: 8 | AE88: 6 | AF88: 9 | AG88: =SUM(B88:AF88) -> 239
A89: C2 | AG89: =SUM(B89:AF89) -> 0
A90: C3 | N90: 1 | O90: 1 | P90: 1 | W90: 1 | X90: 1 | AB90: 1 | AE90: 1 | AG90: =SUM(B90:AF90) -> 7
A91: C4 | B91: 5 | C91: 5 | D91: 8 | F91: 3 | G91: 12 | H91: 15 | I91: 2 | J91: 13 | K91: 9 | L91: 1 | M91: 7 | N91: 62 | O91: 29 | P91: 25 | Q91: 32 | R91: 24 | S91: 1 | T91: 3 | U91: 38 | V91: 31 | W91: 22 | X91: 20 | Y91: 25 | Z91: 2 | AB91: 53 | AC91: 15 | AD91: 21 | AE91: 21 | AF91: 3 | AG91: =SUM(B91:AF91) -> 507
A92: C5 | B92: 1 | C92: 4 | D92: 10 | E92: 3 | F92: 2 | G92: 11 | H92: 7 | I92: 3 | J92: 16 | K92: 5 | M92: 9 | N92: 14 | O92: 21 | P92: 15 | Q92: 10 | R92: 5 | T92: 1 | U92: 19 | V92: 25 | W92: 14 | X92: 9 | Y92: 3 | Z92: 2 | AB92: 5 | AC92: 9 | AD92: 3 | AE92: 9 | AF92: 8 | AG92: =SUM(B92:AF92) -> 243
A93: TOTAL PACIENTES ATENDIDOS | B93: =+B94+B100 -> 195 | C93: =+C94+C100 -> 178 | D93: =+D94+D100 -> 203 | E93: =+E94+E100 -> 214 | F93: =+F94+F100 -> 197 | G93: =+G94+G100 -> 208 | H93: =+H94+H100 -> 202 | I93: =+I94+I100 -> 215 | ... AF93: =+AF94+AF100 -> 225 | AG93: =SUM(B93:AF93) -> 7090 | AH93: =IF(AG93<>AG28,"*","")
A94: Menor 15 años | B94: =SUM(B95:B99) -> 18 | C94: =SUM(C95:C99) -> 20 | D94: =SUM(D95:D99) -> 19 | E94: =SUM(E95:E99) -> 26 | F94: =SUM(F95:F99) -> 26 | G94: =SUM(G95:G99) -> 23 | H94: =SUM(H95:H99) -> 27 | I94: =SUM(I95:I99) -> 24 | ... AF94: =SUM(AF95:AF99) -> 61 | AG94: =SUM(B94:AF94) -> 1405
A95: Menor 1 Año | B95: 1 | F95: 1 | H95: 1 | I95: 0 | L95: 1 | M95: 2 | N95: 1 | O95: 0 | P95: 1 | Q95: 1 | R95: 1 | T95: 4 | X95: 1 | Y95: 1 | AA95: 1 | AB95: 3 | AC95: 1 | AD95: 1 | AF95: 1 | AG95: =SUM(B95:AF95) -> 23
A96: 1 Año | C96: 2 | E96: 2 | G96: 1 | I96: 1 | K96: 3 | L96: 4 | M96: 5 | N96: 2 | O96: 1 | P96: 2 | Q96: 4 | R96: 1 | T96: 3 | U96: 1 | V96: 2 | W96: 0 | Y96: 1 | Z96: 3 | AA96: 7 | AB96: 1 | AC96: 4 | AD96: 3 | AE96: 1 | AF96: 6 | AG96: =SUM(B96:AF96) -> 60
A97: 2 - 4 | B97: 2 | C97: 6 | D97: 4 | E97: 4 | F97: 4 | G97: 3 | H97: 2 | I97: 4 | J97: 10 | K97: 11 | L97: 13 | M97: 11 | N97: 10 | O97: 7 | P97: 13 | Q97: 11 | R97: 15 | S97: 12 | T97: 13 | U97: 11 | V97: 9 | W97: 8 | X97: 7 | Y97: 10 | Z97: 14 | AA97: 11 | AB97: 8 | AC97: 6 | AD97: 8 | AE97: 11 | AF97: 17 | AG97: =SUM(B97:AF97) -> 275
A98: 5 - 9 | B98: 8 | C98: 6 | D98: 8 | E98: 10 | F98: 13 | G98: 7 | H98: 9 | I98: 8 | J98: 18 | K98: 16 | L98: 16 | M98: 28 | N98: 33 | O98: 15 | P98: 30 | Q98: 25 | R98: 13 | S98: 21 | T98: 20 | U98: 15 | V98: 27 | W98: 20 | X98: 20 | Y98: 11 | Z98: 19 | AA98: 17 | AB98: 21 | AC98: 15 | AD98: 14 | AE98: 20 | AF98: 24 | AG98: =SUM(B98:AF98) -> 527
A99: 10 - 14 | B99: 7 | C99: 6 | D99: 7 | E99: 10 | F99: 8 | G99: 12 | H99: 15 | I99: 11 | J99: 12 | K99: 12 | L99: 19 | M99: 19 | N99: 35 | O99: 31 | P99: 27 | Q99: 33 | R99: 13 | S99: 15 | T99: 15 | U99: 21 | V99: 20 | W99: 12 | X99: 16 | Y99: 16 | Z99: 14 | AA99: 19 | AB99: 18 | AC99: 22 | AD99: 23 | AE99: 19 | AF99: 13 | AG99: =SUM(B99:AF99) -> 520
A100: Mayor de 15 años | B100: =SUM(B101:B115) -> 177 | C100: =SUM(C101:C115) -> 158 | D100: =SUM(D101:D115) -> 184 | E100: =SUM(E101:E115) -> 188 | F100: =SUM(F101:F115) -> 171 | G100: =SUM(G101:G115) -> 185 | H100: =SUM(H101:H115) -> 175 | I100: =SUM(I101:I115) -> 191 | ... AF100: =SUM(AF101:AF115) -> 164 | AG100: =SUM(B100:AF100) -> 5685
A101: 15 - 19 | B101: 6 | C101: 8 | D101: 12 | E101: 7 | F101: 6 | G101: 14 | H101: 13 | I101: 21 | J101: 20 | K101: 9 | L101: 8 | M101: 15 | N101: 22 | O101: 24 | P101: 25 | Q101: 28 | R101: 17 | S101: 15 | T101: 13 | U101: 31 | V101: 31 | W101: 16 | X101: 31 | Y101: 12 | Z101: 25 | AA101: 16 | AB101: 13 | AC101: 13 | AD101: 16 | AE101: 12 | AF101: 14 | AG101: =SUM(B101:AF101) -> 513
A102: 20 - 24 | B102: 16 | C102: 8 | D102: 19 | E102: 20 | F102: 11 | G102: 15 | H102: 11 | I102: 15 | J102: 16 | K102: 18 | L102: 13 | M102: 16 | N102: 14 | O102: 14 | P102: 15 | Q102: 14 | R102: 21 | S102: 16 | T102: 9 | U102: 24 | V102: 23 | W102: 19 | X102: 9 | Y102: 12 | Z102: 20 | AA102: 21 | AB102: 17 | AC102: 23 | AD102: 12 | AE102: 15 | AF102: 12 | AG102: =SUM(B102:AF102) -> 488
A103: 25 - 29 | B103: 16 | C103: 13 | D103: 19 | E103: 20 | F103: 15 | G103: 15 | H103: 18 | I103: 12 | J103: 10 | K103: 8 | L103: 11 | M103: 27 | N103: 13 | O103: 23 | P103: 17 | Q103: 9 | R103: 9 | S103: 15 | T103: 20 | U103: 23 | V103: 15 | W103: 22 | X103: 17 | Y103: 15 | Z103: 18 | AA103: 18 | AB103: 15 | AC103: 12 | AD103: 15 | AE103: 11 | AF103: 18 | AG103: =SUM(B103:AF103) -> 489
A104: 30 - 34 | B104: 13 | C104: 17 | D104: 12 | E104: 14 | F104: 16 | G104: 25 | H104: 13 | I104: 20 | J104: 17 | K104: 17 | L104: 18 | M104: 24 | N104: 20 | O104: 9 | P104: 17 | Q104: 23 | R104: 22 | S104: 19 | T104: 15 | U104: 22 | V104: 22 | W104: 17 | X104: 13 | Y104: 11 | Z104: 23 | AA104: 19 | AB104: 14 | AC104: 15 | AD104: 14 | AE104: 19 | AF104: 10 | AG104: =SUM(B104:AF104) -> 530
A105: 35 - 39 | B105: 18 | C105: 9 | D105: 14 | E105: 12 | F105: 19 | G105: 17 | H105: 11 | I105: 15 | J105: 9 | K105: 9 | L105: 13 | M105: 19 | N105: 16 | O105: 21 | P105: 19 | Q105: 14 | R105: 9 | S105: 9 | T105: 13 | U105: 9 | V105: 16 | W105: 18 | X105: 8 | Y105: 17 | Z105: 15 | AA105: 17 | AB105: 14 | AC105: 10 | AD105: 11 | AE105: 7 | AF105: 13 | AG105: =SUM(B105:AF105) -> 421
A106: 40 - 44 | B106: 10 | C106: 7 | D106: 12 | E106: 16 | F106: 15 | G106: 13 | H106: 13 | I106: 10 | J106: 12 | K106: 13 | L106: 13 | M106: 12 | N106: 17 | O106: 12 | P106: 22 | Q106: 16 | R106: 9 | S106: 8 | T106: 15 | U106: 14 | V106: 17 | W106: 11 | X106: 12 | Y106: 17 | Z106: 16 | AA106: 10 | AB106: 13 | AC106: 15 | AD106: 7 | AE106: 14 | AF106: 12 | AG106: =SUM(B106:AF106) -> 403
A107: 45 - 49 | B107: 15 | C107: 15 | D107: 14 | E107: 16 | F107: 16 | G107: 14 | H107: 10 | I107: 9 | J107: 17 | K107: 13 | L107: 16 | M107: 9 | N107: 6 | O107: 14 | P107: 22 | Q107: 12 | R107: 16 | S107: 14 | T107: 14 | U107: 10 | V107: 17 | W107: 17 | X107: 24 | Y107: 11 | Z107: 20 | AA107: 10 | AB107: 11 | AC107: 16 | AD107: 9 | AE107: 7 | AF107: 18 | AG107: =SUM(B107:AF107) -> 432
A108: 50 - 54 | B108: 16 | C108: 18 | D108: 14 | E108: 15 | F108: 15 | G108: 16 | H108: 12 | I108: 20 | J108: 16 | K108: 19 | L108: 8 | M108: 12 | N108: 16 | O108: 17 | P108: 20 | Q108: 18 | R108: 20 | S108: 19 | T108: 16 | U108: 21 | V108: 12 | W108: 11 | X108: 21 | Y108: 14 | Z108: 15 | AA108: 3 | AB108: 15 | AC108: 19 | AD108: 16 | AE108: 10 | AF108: 13 | AG108: =SUM(B108:AF108) -> 477
A109: 55 - 59 | B109: 14 | C109: 14 | D109: 18 | E109: 18 | F109: 9 | G109: 10 | H109: 15 | I109: 13 | J109: 13 | K109: 9 | L109: 9 | M109: 10 | N109: 14 | O109: 12 | P109: 13 | Q109: 15 | R109: 10 | S109: 15 | T109: 22 | U109: 19 | V109: 17 | W109: 10 | X109: 12 | Y109: 15 | Z109: 12 | AA109: 12 | AB109: 13 | AC109: 18 | AD109: 20 | AE109: 12 | AF109: 12 | AG109: =SUM(B109:AF109) -> 425
A110: 60 - 64 | B110: 12 | C110: 6 | D110: 10 | E110: 14 | F110: 8 | G110: 9 | H110: 16 | I110: 12 | J110: 12 | K110: 12 | L110: 22 | M110: 10 | N110: 9 | O110: 14 | P110: 12 | Q110: 13 | R110: 10 | S110: 16 | T110: 12 | U110: 14 | V110: 10 | W110: 19 | X110: 14 | Y110: 9 | Z110: 16 | AA110: 20 | AB110: 7 | AC110: 18 | AD110: 13 | AE110: 15 | AF110: 9 | AG110: =SUM(B110:AF110) -> 393
A111: 65 - 69 | B111: 15 | C111: 14 | D111: 13 | E111: 12 | F111: 14 | G111: 11 | H111: 12 | I111: 16 | J111: 11 | K111: 10 | L111: 9 | M111: 10 | N111: 10 | O111: 11 | P111: 10 | Q111: 10 | R111: 9 | S111: 9 | T111: 8 | U111: 11 | V111: 7 | W111: 6 | X111: 12 | Y111: 9 | Z111: 11 | AA111: 19 | AB111: 13 | AC111: 16 | AD111: 6 | AE111: 11 | AF111: 17 | AG111: =SUM(B111:AF111) -> 352
A112: 70 - 74 | B112: 8 | C112: 6 | D112: 7 | E112: 6 | F112: 12 | G112: 7 | H112: 12 | I112: 9 | J112: 3 | K112: 7 | L112: 7 | M112: 8 | N112: 8 | O112: 6 | P112: 8 | Q112: 8 | R112: 6 | S112: 7 | T112: 5 | U112: 10 | V112: 10 | W112: 11 | X112: 10 | Y112: 4 | Z112: 12 | AA112: 11 | AB112: 9 | AC112: 9 | AD112: 7 | AE112: 9 | AF112: 8 | AG112: =SUM(B112:AF112) -> 250
... A114: 80 y mas | B114: 11 | C114: 17 | D114: 11 | E114: 9 | F114: 9 | G114: 12 | H114: 4 | I114: 13 | J114: 5 | K114: 11 | L114: 5 | M114: 13 | N114: 11 | O114: 10 | P114: 7 | Q114: 13 | R114: 11 | S114: 7 | T114: 14 | U114: 7 | V114: 5 | W114: 10 | X114: 7 | Y114: 8 | Z114: 9 | AA114: 16 | AB114: 12 | AC114: 7 | AD114: 11 | AE114: 8 | AF114: 5 | AG114: =SUM(B114:AF114) -> 298
AG115: =SUM(B115:AF115) -> 0
...

Sheet ABRIL
A2: ABRIL | B2: 1 | C2: =+B2+1 -> 2 | D2: =+C2+1 -> 3 | E2: =+D2+1 -> 4 | F2: =+E2+1 -> 5 | G2: =+F2+1 -> 6 | H2: =+G2+1 -> 7 | I2: =+H2+1 -> 8 | J2: =+I2+1 -> 9 | ... AA2: =+Z2+1 -> 26 | AB2: 27 | AC2: =+AB2+1 -> 28 | AD2: 29 | AE2: 30 | AF2: 31 | AG2: TOTAL
A3: Total de Inscritos | B3: =SUM(B4:B27) -> 244 | C3: =SUM(C4:C27) -> 221 | D3: =SUM(D4:D27) -> 278 | E3: =SUM(E4:E27) -> 238 | F3: =SUM(F4:F27) -> 264 | G3: =SUM(G4:G27) -> 225 | H3: =SUM(H4:H27) -> 200 | I3: =SUM(I4:I27) -> 227 | ... AF3: =SUM(AF4:AF27) -> 0 | AG3: =SUM(B3:AF3) -> 7514
A4: 08:00 | B4: 8 | C4: 6 | D4: 18 | E4: 19 | F4: 15 | G4: 11 | H4: 14 | I4: 15 | J4: 8 | K4: 21 | L4: 22 | M4: 19 | N4: 18 | O4: 13 | P4: 14 | Q4: 8 | R4: 7 | S4: 16 | T4: 9 | U4: 9 | V4: 14 | W4: 10 | X4: 4 | Y4: 24 | Z4: 13 | AA4: 20 | AB4: 14 | AC4: 15 | AD4: 17 | AE4: 10 | AG4: =SUM(B4:AF4) -> 411
A5: 09:00 | B5: 19 | C5: 13 | D5: 14 | E5: 14 | F5: 15 | G5: 14 | H5: 12 | I5: 7 | J5: 8 | K5: 16 | L5: 24 | M5: 16 | N5: 13 | O5: 14 | P5: 17 | Q5: 6 | R5: 16 | S5: 18 | T5: 15 | U5: 19 | V5: 9 | W5: 18 | X5: 7 | Y5: 21 | Z5: 21 | AA5: 13 | AB5: 12 | AC5: 20 | AD5: 14 | AE5: 19 | AG5: =SUM(B5:AF5) -> 444
A6: 10:00 | B6: 9 | C6: 21 | D6: 17 | E6: 17 | F6: 24 | G6: 11 | H6: 15 | I6: 22 | J6: 21 | K6: 22 | L6: 18 | M6: 29 | N6: 18 | O6: 16 | P6: 17 | Q6: 19 | R6: 15 | S6: 12 | T6: 13 | U6: 20 | V6: 19 | W6: 22 | X6: 20 | Y6: 22 | Z6: 19 | AA6: 11 | AB6: 23 | AC6: 13 | AD6: 28 | AE6: 16 | AG6: =SUM(B6:AF6) -> 549
A7: 11:00 | B7: 25 | C7: 14 | D7: 24 | E7: 14 | F7: 18 | G7: 17 | H7: 18 | I7: 13 | J7: 19 | K7: 27 | L7: 19 | M7: 24 | N7: 18 | O7: 12 | P7: 20 | Q7: 16 | R7: 21 | S7: 18 | T7: 18 | U7: 16 | V7: 14 | W7: 15 | X7: 23 | Y7: 19 | Z7: 28 | AA7: 15 | AB7: 20 | AC7: 20 | AD7: 20 | AE7: 24 | AG7: =SUM(B7:AF7) -> 569
A8: 12:00 | B8: 25 | C8: 15 | D8: 22 | E8: 9 | F8: 16 | G8: 16 | H8: 15 | I8: 13 | J8: 18 | K8: 21 | L8: 22 | M8: 26 | N8: 15 | O8: 11 | P8: 19 | Q8: 18 | R8: 15 | S8: 12 | T8: 13 | U8: 15 | V8: 22 | W8: 9 | X8: 15 | Y8: 32 | Z8: 23 | AA8: 15 | AB8: 17 | AC8: 9 | AD8: 17 | AE8: 20 | AG8: =SUM(B8:AF8) -> 515
A9: 13:00 | B9: 12 | C9: 10 | D9: 11 | E9: 13 | F9: 10 | G9: 13 | H9: 14 | I9: 18 | J9: 11 | K9: 11 | L9: 13 | M9: 10 | N9: 13 | O9: 10 | P9: 11 | Q9: 9 | R9: 8 | S9: 12 | T9: 12 | U9: 10 | V9: 12 | W9: 12 | X9: 22 | Y9: 22 | Z9: 14 | AA9: 18 | AB9: 9 | AC9: 7 | AD9: 15 | AE9: 20 | AG9: =SUM(B9:AF9) -> 382
A10: 14:00 | B10: 9 | C10: 15 | D10: 13 | E10: 7 | F10: 18 | G10: 8 | H10: 10 | I10: 14 | J10: 16 | K10: 18 | L10: 20 | M10: 10 | N10: 11 | O10: 10 | P10: 12 | Q10: 15 | R10: 24 | S10: 14 | T10: 20 | U10: 18 | V10: 11 | W10: 10 | X10: 11 | Y10: 19 | Z10: 22 | AA10: 21 | AB10: 14 | AC10: 5 | AD10: 7 | AE10: 17 | AG10: =SUM(B10:AF10) -> 419
A11: 15:00 | B11: 17 | C11: 17 | D11: 17 | E11: 21 | F11: 15 | G11: 11 | H11: 14 | I11: 15 | J11: 11 | K11: 17 | L11: 18 | M11: 18 | N11: 7 | O11: 18 | P11: 10 | Q11: 15 | R11: 20 | S11: 11 | T11: 12 | U11: 22 | V11: 11 | W11: 15 | X11: 14 | Y11: 20 | Z11: 20 | AA11: 15 | AB11: 20 | AC11: 18 | AD11: 17 | AE11: 9 | AG11: =SUM(B11:AF11) -> 465
A12: 16:00 | B12: 15 | C12: 20 | D12: 26 | E12: 24 | F12: 24 | G12: 16 | H12: 16 | I12: 22 | J12: 10 | K12: 26 | L12: 11 | M12: 21 | N12: 21 | O12: 23 | P12: 8 | Q12: 8 | R12: 29 | S12: 40 | T12: 24 | U12: 26 | V12: 20 | W12: 3 | X12: 10 | Y12: 26 | Z12: 25 | AA12: 24 | AB12: 29 | AC12: 13 | AD12: 18 | AE12: 15 | AG12: =SUM(B12:AF12) -> 593
A13: 17:00 | B13: 18 | C13: 13 | D13: 17 | E13: 21 | F13: 18 | G13: 26 | H13: 15 | I13: 12 | J13: 16 | K13: 28 | L13: 24 | M13: 15 | N13: 21 | O13: 16 | P13: 19 | Q13: 17 | R13: 23 | S13: 24 | T13: 31 | U13: 17 | V13: 19 | W13: 2 | X13: 33 | Y13: 22 | Z13: 21 | AA13: 37 | AB13: 32 | AC13: 23 | AD13: 18 | AE13: 18 | AG13: =SUM(B13:AF13) -> 616
A14: 18:00 | B14: 10 | C14: 17 | D14: 24 | E14: 19 | F14: 21 | G14: 14 | H14: 8 | I14: 14 | J14: 20 | K14: 24 | L14: 21 | M14: 22 | N14: 21 | O14: 17 | P14: 10 | Q14: 15 | R14: 27 | S14: 20 | T14: 19 | U14: 19 | V14: 12 | W14: 9 | X14: 20 | Y14: 25 | Z14: 19 | AA14: 16 | AB14: 19 | AC14: 22 | AD14: 4 | AE14: 15 | AG14: =SUM(B14:AF14) -> 523
A15: 19:00 | B15: 11 | C15: 9 | D15: 14 | E15: 11 | F15: 18 | G15: 13 | H15: 5 | I15: 7 | J15: 9 | K15: 24 | L15: 18 | M15: 13 | N15: 18 | O15: 12 | P15: 5 | Q15: 11 | R15: 17 | S15: 13 | T15: 25 | U15: 21 | V15: 19 | W15: 15 | X15: 9 | Y15: 21 | Z15: 13 | AA15: 15 | AB15: 9 | AC15: 6 | AD15: 9 | AE15: 12 | AG15: =SUM(B15:AF15) -> 402
... A18: 22:00 | B18: 13 | C18: 11 | D18: 7 | E18: 9 | F18: 16 | G18: 10 | H18: 12 | I18: 6 | J18: 7 | K18: 12 | L18: 8 | M18: 7 | N18: 7 | O18: 8 | P18: 6 | Q18: 8 | R18: 6 | S18: 12 | T18: 6 | U18: 12 | V18: 5 | W18: 9 | X18: 12 | Y18: 6 | Z18: 13 | AA18: 10 | AB18: 10 | AC18: 8 | AD18: 6 | AE18: 6 | AG18: =SUM(B18:AF18) -> 268
A19: 23:00 | B19: 8 | C19: 6 | D19: 9 | E19: 7 | F19: 3 | G19: 8 | H19: 5 | I19: 7 | J19: 8 | K19: 7 | L19: 6 | M19: 8 | N19: 3 | O19: 11 | P19: 7 | Q19: 5 | R19: 2 | S19: 4 | T19: 3 | U19: 7 | V19: 8 | X19: 5 | Y19: 5 | Z19: 3 | AA19: 5 | AB19: 6 | AC19: 2 | AD19: 6 | AE19: 10 | AG19: =SUM(B19:AF19) -> 174
A20: 00:00 | B20: 5 | C20: 1 | D20: 8 | E20: 3 | F20: 4 | G20: 5 | H20: 2 | I20: 4 | J20: 5 | K20: 4 | L20: 3 | M20: 4 | N20: 2 | O20: 4 | P20: 7 | Q20: 2 | R20: 4 | S20: 3 | T20: 10 | U20: 2 | V20: 7 | W20: 4 | X20: 5 | Y20: 7 | Z20: 3 | AA20: 6 | AB20: 2 | AC20: 2 | AD20: 6 | AE20: 5 | AG20: =SUM(B20:AF20) -> 129
A21: 01:00 | B21: 0 | C21: 2 | D21: 4 | E21: 1 | F21: 1 | G21: 4 | H21: 3 | I21: 6 | J21: 4 | K21: 4 | L21: 5 | M21: 3 | N21: 2 | O21: 3 | P21: 2 | Q21: 2 | R21: 3 | S21: 5 | T21: 1 | U21: 1 | V21: 4 | W21: 2 | X21: 3 | Y21: 5 | Z21: 4 | AA21: 5 | AB21: 7 | AC21: 5 | AD21: 5 | AE21: 5 | AG21: =SUM(B21:AF21) -> 101
A22: 02:00 | B22: 2 | C22: 0 | D22: 2 | E22: 1 | F22: 0 | G22: 0 | H22: 1 | I22: 3 | J22: 0 | K22: 4 | L22: 1 | M22: 0 | N22: 1 | O22: 3 | P22: 1 | Q22: 4 | R22: 1 | S22: 5 | T22: 0 | U22: 2 | V22: 3 | W22: 3 | X22: 0 | Y22: 2 | Z22: 3 | AA22: 4 | AB22: 1 | AC22: 2 | AD22: 3 | AE22: 1 | AG22: =SUM(B22:AF22) -> 53
A23: 03:00 | B23: 4 | C23: 1 | D23: 2 | E23: 0 | F23: 0 | G23: 3 | H23: 0 | I23: 0 | J23: 1 | K23: 1 | L23: 1 | M23: 0 | N23: 2 | O23: 0 | P23: 1 | Q23: 0 | R23: 0 | S23: 2 | T23: 1 | U23: 2 | V23: 1 | W23: 1 | X23: 0 | Y23: 2 | Z23: 1 | AA23: 1 | AB23: 2 | AC23: 2 | AD23: 3 | AE23: 2 | AG23: =SUM(B23:AF23) -> 36
A24: 04:00 | B24: 2 | C24: 1 | D24: 2 | E24: 0 | F24: 1 | G24: 2 | H24: 1 | I24: 3 | J24: 2 | K24: 0 | L24: 1 | M24: 1 | N24: 0 | O24: 0 | P24: 1 | Q24: 1 | R24: 1 | S24: 0 | T24: 1 | U24: 1 | V24: 1 | W24: 1 | X24: 2 | Y24: 0 | Z24: 0 | AA24: 0 | AB24: 0 | AC24: 0 | AD24: 2 | AE24: 3 | AG24: =SUM(B24:AF24) -> 30
A25: 05:00 | B25: 1 | C25: 0 | D25: 0 | E25: 0 | F25: 0 | G25: 1 | H25: 1 | I25: 1 | J25: 0 | K25: 1 | L25: 1 | M25: 2 | N25: 0 | O25: 0 | P25: 1 | Q25: 1 | R25: 0 | S25: 2 | T25: 0 | U25: 0 | V25: 1 | W25: 1 | X25: 2 | Y25: 1 | Z25: 0 | AA25: 2 | AB25: 6 | AC25: 0 | AD25: 0 | AE25: 2 | AG25: =SUM(B25:AF25) -> 27
A26: 06:00 | B26: 1 | C26: 1 | D26: 1 | E26: 1 | F26: 2 | G26: 2 | H26: 2 | I26: 1 | J26: 1 | K26: 0 | L26: 3 | M26: 1 | N26: 2 | O26: 2 | P26: 0 | Q26: 3 | R26: 0 | S26: 1 | T26: 2 | U26: 3 | V26: 4 | W26: 0 | X26: 3 | Y26: 0 | Z26: 1 | AA26: 1 | AB26: 1 | AC26: 1 | AD26: 5 | AE26: 0 | AG26: =SUM(B26:AF26) -> 45
A27: 07:00 | B27: 2 | C27: 4 | D27: 1 | E27: 7 | F27: 7 | G27: 1 | H27: 3 | I27: 5 | J27: 5 | K27: 8 | L27: 8 | M27: 8 | N27: 7 | O27: 7 | P27: 1 | Q27: 2 | R27: 0 | S27: 3 | T27: 0 | U27: 4 | V27: 1 | W27: 0 | X27: 4 | Y27: 9 | Z27: 1 | AA27: 9 | AB27: 7 | AC27: 4 | AD27: 3 | AE27: 0 | AG27: =SUM(B27:AF27) -> 121
A28: Total de atendidos | B28: =SUM(B29:B52) -> 228 | C28: =SUM(C29:C52) -> 218 | D28: =SUM(D29:D52) -> 259 | E28: =SUM(E29:E52) -> 216 | F28: =SUM(F29:F52) -> 220 | G28: =SUM(G29:G52) -> 201 | H28: =SUM(H29:H52) -> 196 | I28: =SUM(I29:I52) -> 212 | ... AF28: =SUM(AF29:AF52) -> 0 | AG28: =SUM(B28:AF28) -> 6604
A29: 08:00 | B29: 5 | C29: 5 | D29: 0 | E29: 8 | F29: 6 | G29: 5 | H29: 3 | I29: 5 | J29: 5 | K29: 9 | L29: 13 | M29: 8 | N29: 9 | O29: 6 | P29: 4 | Q29: 3 | R29: 5 | S29: 9 | T29: 4 | U29: 9 | V29: 2 | W29: 2 | X29: 4 | Y29: 9 | Z29: 2 | AA29: 10 | AB29: 8 | AC29: 9 | AD29: 7 | AE29: 2 | AG29: =SUM(B29:AF29) -> 176
A30: 09:00 | B30: 6 | C30: 12 | D30: 18 | E30: 14 | F30: 13 | G30: 9 | H30: 20 | I30: 16 | J30: 8 | K30: 6 | L30: 21 | M30: 10 | N30: 12 | O30: 12 | P30: 7 | Q30: 6 | R30: 6 | S30: 14 | T30: 7 | U30: 9 | V30: 11 | W30: 11 | X30: 7 | Y30: 10 | Z30: 10 | AA30: 13 | AB30: 8 | AC30: 12 | AD30: 15 | AE30: 11 | AG30: =SUM(B30:AF30) -> 334
A31: 10:00 | B31: 16 | C31: 17 | D31: 11 | E31: 16 | F31: 15 | G31: 7 | H31: 7 | I31: 12 | J31: 14 | K31: 21 | L31: 17 | M31: 18 | N31: 10 | O31: 12 | P31: 13 | Q31: 18 | R31: 9 | S31: 13 | T31: 12 | U31: 14 | V31: 12 | W31: 10 | X31: 20 | Y31: 11 | Z31: 11 | AA31: 6 | AB31: 11 | AC31: 9 | AD31: 9 | AE31: 13 | AG31: =SUM(B31:AF31) -> 384
A32: 11:00 | B32: 12 | C32: 16 | D32: 11 | E32: 13 | F32: 11 | G32: 8 | H32: 10 | I32: 16 | J32: 15 | K32: 15 | L32: 11 | M32: 11 | N32: 16 | O32: 2 | P32: 12 | Q32: 14 | R32: 16 | S32: 16 | T32: 11 | U32: 10 | V32: 8 | W32: 8 | X32: 23 | Y32: 13 | Z32: 8 | AA32: 9 | AB32: 9 | AC32: 14 | AD32: 18 | AE32: 13 | AG32: =SUM(B32:AF32) -> 369
A33: 12:00 | B33: 22 | C33: 11 | D33: 20 | E33: 3 | F33: 10 | G33: 10 | H33: 23 | I33: 16 | J33: 15 | K33: 7 | L33: 12 | M33: 13 | N33: 6 | O33: 21 | P33: 7 | Q33: 16 | R33: 6 | S33: 14 | T33: 10 | U33: 10 | V33: 12 | W33: 13 | X33: 15 | Y33: 13 | Z33: 15 | AA33: 16 | AB33: 9 | AC33: 10 | AD33: 12 | AE33: 12 | AG33: =SUM(B33:AF33) -> 379
A34: 13:00 | B34: 14 | C34: 9 | D34: 4 | E34: 10 | F34: 12 | G34: 6 | H34: 12 | I34: 6 | J34: 12 | K34: 4 | L34: 2 | M34: 0 | N34: 6 | O34: 0 | P34: 17 | Q34: 15 | R34: 9 | S34: 6 | T34: 6 | U34: 16 | V34: 7 | W34: 12 | X34: 22 | Y34: 13 | Z34: 11 | AA34: 9 | AB34: 6 | AC34: 11 | AD34: 12 | AE34: 7 | AG34: =SUM(B34:AF34) -> 276
A35: 14:00 | B35: 6 | C35: 17 | D35: 12 | E35: 12 | F35: 5 | G35: 16 | H35: 9 | I35: 11 | J35: 5 | K35: 6 | L35: 9 | M35: 8 | N35: 10 | O35: 16 | P35: 1 | Q35: 9 | R35: 16 | S35: 8 | T35: 14 | U35: 7 | V35: 13 | W35: 10 | X35: 8 | Y35: 11 | Z35: 9 | AA35: 12 | AB35: 11 | AC35: 10 | AD35: 10 | AE35: 8 | AG35: =SUM(B35:AF35) -> 299
A36: 15:00 | B36: 13 | C36: 4 | D36: 20 | E36: 15 | F36: 11 | G36: 9 | H36: 16 | I36: 21 | J36: 15 | K36: 6 | L36: 17 | M36: 14 | N36: 7 | O36: 6 | P36: 7 | Q36: 5 | R36: 19 | S36: 12 | T36: 15 | U36: 14 | V36: 11 | W36: 15 | X36: 13 | Y36: 22 | Z36: 15 | AA36: 14 | AB36: 10 | AC36: 11 | AD36: 11 | AE36: 6 | AG36: =SUM(B36:AF36) -> 374
A37: 16:00 | B37: 16 | C37: 18 | D37: 12 | E37: 11 | F37: 17 | G37: 6 | H37: 21 | I37: 11 | J37: 23 | K37: 4 | L37: 10 | M37: 16 | N37: 7 | O37: 0 | P37: 19 | Q37: 13 | R37: 11 | S37: 13 | T37: 11 | U37: 15 | V37: 12 | W37: 3 | X37: 10 | Y37: 12 | Z37: 13 | AA37: 10 | AB37: 16 | AC37: 10 | AD37: 15 | AE37: 11 | AG37: =SUM(B37:AF37) -> 366
A38: 17:00 | B38: 10 | C38: 17 | D38: 9 | E38: 9 | F38: 8 | G38: 15 | H38: 12 | I38: 11 | J38: 17 | K38: 17 | L38: 18 | M38: 8 | N38: 12 | O38: 9 | P38: 16 | Q38: 11 | R38: 15 | S38: 5 | T38: 9 | U38: 6 | V38: 7 | W38: 1 | X38: 30 | Y38: 14 | Z38: 12 | AA38: 13 | AB38: 10 | AC38: 13 | AD38: 6 | AE38: 11 | AG38: =SUM(B38:AF38) -> 351
A39: 18:00 | B39: 14 | C39: 13 | D39: 28 | E39: 10 | F39: 14 | G39: 17 | H39: 11 | I39: 13 | J39: 19 | K39: 29 | L39: 25 | M39: 17 | N39: 26 | O39: 14 | P39: 13 | Q39: 16 | R39: 16 | S39: 21 | T39: 13 | U39: 13 | V39: 16 | W39: 16 | X39: 15 | Y39: 16 | Z39: 17 | AA39: 13 | AB39: 17 | AC39: 13 | AD39: 13 | AE39: 19 | AG39: =SUM(B39:AF39) -> 497
A40: 19:00 | B40: 16 | C40: 19 | D40: 29 | E40: 17 | F40: 15 | G40: 22 | H40: 6 | I40: 12 | J40: 16 | K40: 23 | L40: 12 | M40: 14 | N40: 22 | O40: 13 | P40: 18 | Q40: 13 | R40: 18 | S40: 18 | T40: 22 | U40: 20 | V40: 12 | W40: 11 | X40: 9 | Y40: 18 | Z40: 17 | AA40: 13 | AB40: 21 | AC40: 17 | AD40: 14 | AE40: 13 | AG40: =SUM(B40:AF40) -> 490
... A44: 23:00 | B44: 24 | C44: 11 | D44: 8 | E44: 12 | F44: 11 | G44: 25 | H44: 17 | I44: 11 | J44: 10 | K44: 16 | L44: 15 | M44: 13 | N44: 13 | O44: 9 | P44: 7 | Q44: 5 | R44: 15 | S44: 15 | T44: 8 | U44: 4 | V44: 10 | W44: 6 | X44: 5 | Y44: 12 | Z44: 11 | AA44: 18 | AB44: 17 | AC44: 8 | AD44: 8 | AE44: 13 | AG44: =SUM(B44:AF44) -> 357
A45: 00:00 | B45: 12 | C45: 3 | D45: 11 | E45: 7 | F45: 12 | H45: 1 | I45: 3 | J45: 7 | K45: 9 | L45: 9 | M45: 11 | N45: 0 | O45: 3 | P45: 5 | Q45: 3 | R45: 6 | S45: 14 | T45: 13 | U45: 11 | V45: 8 | W45: 9 | X45: 4 | Y45: 8 | Z45: 9 | AA45: 13 | AB45: 2 | AC45: 11 | AD45: 4 | AE45: 7 | AG45: =SUM(B45:AF45) -> 215
A46: 01:00 | B46: 5 | C46: 0 | D46: 1 | E46: 2 | F46: 10 | H46: 1 | I46: 5 | J46: 0 | K46: 6 | L46: 0 | M46: 1 | N46: 0 | O46: 15 | P46: 2 | Q46: 1 | R46: 5 | S46: 2 | T46: 13 | U46: 7 | V46: 1 | W46: 3 | X46: 3 | Y46: 10 | Z46: 0 | AA46: 6 | AB46: 7 | AC46: 9 | AD46: 6 | AE46: 6 | AG46: =SUM(B46:AF46) -> 127
A47: 02:00 | B47: 1 | C47: 0 | D47: 3 | E47: 2 | F47: 0 | H47: 3 | I47: 2 | J47: 4 | K47: 4 | L47: 0 | M47: 5 | N47: 0 | O47: 7 | P47: 1 | Q47: 3 | R47: 1 | S47: 7 | T47: 1 | U47: 5 | V47: 6 | W47: 2 | X47: 0 | Y47: 10 | Z47: 0 | AA47: 7 | AB47: 7 | AC47: 3 | AD47: 9 | AE47: 3 | AG47: =SUM(B47:AF47) -> 96
A48: 03:00 | B48: 4 | C48: 1 | D48: 4 | E48: 0 | F48: 0 | H48: 0 | I48: 3 | J48: 0 | K48: 2 | L48: 0 | M48: 0 | N48: 0 | O48: 6 | P48: 0 | Q48: 2 | R48: 0 | S48: 7 | T48: 0 | U48: 2 | V48: 4 | W48: 1 | X48: 0 | Y48: 6 | Z48: 0 | AA48: 1 | AB48: 3 | AC48: 3 | AD48: 5 | AE48: 4 | AG48: =SUM(B48:AF48) -> 58
A49: 04:00 | B49: 3 | C49: 1 | D49: 4 | E49: 0 | F49: 0 | H49: 7 | I49: 5 | J49: 5 | K49: 0 | L49: 0 | M49: 0 | N49: 0 | O49: 0 | P49: 0 | Q49: 1 | R49: 0 | S49: 0 | T49: 2 | U49: 3 | V49: 0 | W49: 1 | X49: 2 | Y49: 0 | Z49: 0 | AA49: 0 | AB49: 1 | AC49: 0 | AD49: 2 | AE49: 5 | AG49: =SUM(B49:AF49) -> 42
A50: 05:00 | B50: 1 | C50: 0 | D50: 0 | E50: 0 | F50: 0 | H50: 0 | I50: 0 | J50: 0 | K50: 1 | L50: 0 | M50: 0 | N50: 0 | O50: 0 | P50: 3 | Q50: 1 | R50: 1 | S50: 0 | T50: 0 | U50: 0 | V50: 6 | W50: 1 | X50: 2 | Y50: 0 | Z50: 0 | AA50: 2 | AB50: 7 | AC50: 0 | AD50: 0 | AE50: 1 | AG50: =SUM(B50:AF50) -> 26
A51: 06:00 | B51: 0 | C51: 0 | D51: 1 | E51: 0 | F51: 0 | H51: 0 | I51: 0 | J51: 0 | K51: 0 | L51: 0 | M51: 0 | N51: 0 | O51: 0 | P51: 0 | Q51: 5 | R51: 0 | S51: 0 | T51: 1 | U51: 0 | V51: 0 | W51: 1 | X51: 3 | Y51: 0 | Z51: 0 | AA51: 0 | AB51: 0 | AC51: 0 | AD51: 1 | AE51: 2 | AG51: =SUM(B51:AF51) -> 14
A52: 07:00 | B52: 2 | C52: 3 | D52: 1 | E52: 6 | F52: 0 | H52: 0 | I52: 0 | J52: 0 | K52: 5 | L52: 0 | M52: 0 | N52: 0 | O52: 0 | P52: 0 | Q52: 0 | R52: 0 | S52: 0 | T52: 1 | U52: 0 | V52: 0 | W52: 0 | X52: 4 | Y52: 1 | Z52: 2 | AA52: 3 | AB52: 0 | AC52: 1 | AD52: 4 | AE52: 0 | AG52: =SUM(B52:AF52) -> 33
A53: Total de NSP | B53: =SUM(B54:B77) -> 16 | C53: =SUM(C54:C77) -> 3 | D53: =SUM(D54:D77) -> 19 | E53: =SUM(E54:E77) -> 22 | F53: =SUM(F54:F77) -> 44 | G53: =SUM(G54:G77) -> 24 | H53: =SUM(H54:H77) -> 4 | I53: =SUM(I54:I77) -> 15 | ... AF53: =SUM(AF54:AF77) -> 0 | AG53: =SUM(B53:AF53) -> 910
A54: 08:00 | E54: 1 | M54: 1 | N54: 1 | S54: 1 | U54: 1 | W54: 1 | AA54: 1 | AG54: =SUM(B54:AF54) -> 7
A55: 09:00 | D55: 1 | E55: 1 | F55: 1 | G55: 1 | M55: 1 | N55: 1 | P55: 1 | R55: 1 | S55: 1 | Y55: 2 | AB55: 1 | AE55: 1 | AG55: =SUM(B55:AF55) -> 13
A56: 10:00 | I56: 1 | N56: 2 | P56: 1 | U56: 1 | W56: 2 | Y56: 4 | AA56: 1 | AB56: 1 | AC56: 1 | AE56: 1 | AG56: =SUM(B56:AF56) -> 15
A57: 11:00 | F57: 3 | G57: 1 | H57: 1 | I57: 1 | K57: 1 | N57: 2 | O57: 1 | T57: 2 | U57: 1 | V57: 3 | Y57: 2 | Z57: 1 | AC57: 2 | AG57: =SUM(B57:AF57) -> 21
A58: 12:00 | D58: 1 | F58: 2 | G58: 2 | K58: 2 | L58: 4 | M58: 7 | O58: 1 | P58: 1 | R58: 1 | W58: 1 | Y58: 4 | Z58: 1 | AA58: 3 | AB58: 2 | AE58: 2 | AG58: =SUM(B58:AF58) -> 34
A59: 13:00 | D59: 2 | E59: 1 | F59: 4 | G59: 2 | K59: 2 | L59: 1 | M59: 2 | O59: 6 | R59: 2 | T59: 1 | V59: 2 | W59: 3 | Y59: 7 | Z59: 2 | AA59: 2 | AB59: 2 | AC59: 2 | AE59: 2 | AG59: =SUM(B59:AF59) -> 45
A60: 14:00 | D60: 3 | F60: 2 | G60: 4 | H60: 2 | I60: 4 | J60: 1 | K60: 15 | L60: 1 | M60: 13 | N60: 5 | O60: 2 | R60: 0 | U60: 3 | W60: 1 | Y60: 7 | Z60: 5 | AA60: 2 | AB60: 4 | AC60: 2 | AE60: 2 | AG60: =SUM(B60:AF60) -> 78
A61: 15:00 | D61: 1 | E61: 2 | F61: 0 | G61: 2 | J61: 4 | K61: 7 | L61: 3 | M61: 7 | O61: 2 | P61: 1 | Q61: 1 | R61: 8 | T61: 4 | U61: 4 | V61: 3 | Y61: 7 | Z61: 10 | AA61: 7 | AB61: 2 | AC61: 2 | AE61: 7 | AG61: =SUM(B61:AF61) -> 84
A62: 16:00 | D62: 4 | E62: 1 | F62: 5 | G62: 2 | I62: 1 | K62: 3 | L62: 4 | M62: 6 | N62: 2 | O62: 1 | P62: 6 | T62: 2 | U62: 2 | V62: 10 | W62: 1 | X62: 1 | Y62: 1 | Z62: 5 | AB62: 9 | AC62: 1 | AD62: 6 | AE62: 3 | AG62: =SUM(B62:AF62) -> 76
A63: 17:00 | B63: 2 | D63: 2 | E63: 1 | F63: 7 | G63: 2 | I63: 1 | K63: 7 | L63: 7 | M63: 4 | N63: 6 | P63: 5 | R63: 1 | S63: 2 | T63: 3 | U63: 2 | V63: 1 | X63: 1 | Y63: 6 | Z63: 7 | AA63: 6 | AB63: 4 | AD63: 1 | AE63: 3 | AG63: =SUM(B63:AF63) -> 81
A64: 18:00 | B64: 7 | C64: 1 | D64: 3 | E64: 6 | G64: 1 | K64: 4 | L64: 2 | M64: 6 | N64: 6 | O64: 1 | R64: 3 | S64: 6 | U64: 6 | W64: 8 | X64: 5 | Y64: 3 | Z64: 7 | AA64: 6 | AB64: 5 | AD64: 2 | AE64: 1 | AG64: =SUM(B64:AF64) -> 89
A65: 19:00 | B65: 2 | D65: 1 | E65: 8 | F65: 8 | G65: 5 | I65: 3 | K65: 13 | L65: 4 | M65: 4 | N65: 2 | O65: 1 | P65: 1 | R65: 4 | S65: 2 | T65: 6 | U65: 7 | V65: 3 | W65: 1 | X65: 2 | Y65: 5 | Z65: 6 | AA65: 3 | AB65: 5 | AC65: 1 | AD65: 5 | AE65: 13 | AG65: =SUM(B65:AF65) -> 115
A66: 20:00 | B66: 1 | C66: 2 | D66: 1 | F66: 3 | G66: 1 | H66: 1 | K66: 5 | L66: 1 | M66: 2 | O66: 5 | R66: 4 | S66: 6 | T66: 2 | U66: 4 | V66: 3 | X66: 1 | Y66: 3 | Z66: 3 | AA66: 2 | AB66: 2 | AD66: 2 | AE66: 3 | AG66: =SUM(B66:AF66) -> 57
A67: 21:00 | G67: 1 | K67: 3 | L67: 1 | M67: 3 | N67: 1 | O67: 3 | R67: 9 | S67: 4 | T67: 4 | U67: 1 | X67: 1 | Y67: 6 | Z67: 5 | AA67: 3 | AB67: 3 | AC67: 1 | AE67: 1 | AG67: =SUM(B67:AF67) -> 50
A68: 22:00 | B68: 1 | F68: 3 | K68: 5 | L68: 4 | M68: 6 | R68: 7 | T68: 7 | U68: 5 | X68: 1 | Y68: 2 | Z68: 1 | AA68: 5 | AB68: 3 | AC68: 3 | AD68: 1 | AE68: 2 | AG68: =SUM(B68:AF68) -> 56
A69: 23:00 | B69: 2 | E69: 1 | F69: 4 | I69: 1 | K69: 3 | L69: 4 | M69: 2 | O69: 4 | R69: 1 | Z69: 2 | AA69: 3 | AD69: 4 | AE69: 4 | AG69: =SUM(B69:AF69) -> 35
A70: 00:00 | B70: 1 | F70: 1 | K70: 1 | L70: 1 | M70: 2 | O70: 2 | R70: 1 | S70: 4 | T70: 3 | X70: 1 | Y70: 2 | AA70: 1 | AD70: 1 | AG70: =SUM(B70:AF70) -> 21
A71: 01:00 | F71: 1 | I71: 1 | K71: 1 | L71: 1 | O71: 3 | T71: 1 | Y71: 2 | Z71: 2 | AA71: 1 | AB71: 4 | AD71: 2 | AG71: =SUM(B71:AF71) -> 19
A72: 02:00 | K72: 1 | L72: 1 | N72: 1 | Y72: 1 | Z72: 1 | AB72: 1 | AG72: =SUM(B72:AF72) -> 6
A73: 03:00 | AB73: 2 | AG73: =SUM(B73:AF73) -> 2
A74: 04:00 | I74: 2 | AG74: =SUM(B74:AF74) -> 2
A75: 05:00 | AG75: =SUM(B75:AF75) -> 0
A76: 06:00 | V76: 1 | AG76: =SUM(B76:AF76) -> 1
A77: 07:00 | U77: 1 | Y77: 1 | AA77: 1 | AG77: =SUM(B77:AF77) -> 3
A78: TOTAL PACIENTES INSCRITOS | B78: =SUM(B79:B80) -> 244 | C78: =SUM(C79:C80) -> 221 | D78: =SUM(D79:D80) -> 278 | E78: =SUM(E79:E80) -> 238 | F78: =SUM(F79:F80) -> 264 | G78: =SUM(G79:G80) -> 225 | H78: =SUM(H79:H80) -> 200 | I78: =SUM(I79:I80) -> 227 | ... AF78: =SUM(AF79:AF80) -> 0 | AG78: =SUM(B78:AF78) -> 7514
A79: SAR | B79: =SUM(B4:B27)-B80 -> 244 | C79: =SUM(C4:C27)-C80 -> 221 | D79: =SUM(D4:D27)-D80 -> 278 | E79: =SUM(E4:E27)-E80 -> 238 | F79: =SUM(F4:F27)-F80 -> 109 | G79: =SUM(G4:G27)-G80 -> 108 | H79: =SUM(H4:H27)-H80 -> 72 | I79: =SUM(I4:I27)-I80 -> 227 | ... AF79: =SUM(AF4:AF27)-AF80 -> 0 | AG79: =SUM(B79:AF79) -> 5314
A80: PAR | D80: 0 | E80: 0 | F80: =SUM(F4:F12) -> 155 | G80: =SUM(G4:G12) -> 117 | H80: =SUM(H4:H12) -> 128 | K80: 0 | L80: 0 | M80: =SUM(M4:M12) -> 173 | N80: =SUM(N4:N12) -> 134 | O80: =SUM(O4:O12) -> 127 | R80: =SUM(R4:R12) -> 155 | S80: =SUM(S4:S12) -> 153 | T80: =SUM(T4:T12) -> 136 | U80: =SUM(U4:U12) -> 155 | V80: =SUM(V4:V12) -> 132 | Y80: =SUM(Y4:Y12) -> 205 | AA80: =SUM(AA4:AA12) -> 152 | AB80: =SUM(AB4:AB12) -> 158 | AC80: =SUM(AC4:AC12) -> 120 | AF80: =SUM(AF4:AF12) -> 0 | AG80: =SUM(B80:AF80) -> 2200
A81: TOTAL NSP | B81: =SUM(B82:B83) -> 16 | C81: =SUM(C82:C83) -> 3 | D81: =SUM(D82:D83) -> 19 | E81: =SUM(E82:E83) -> 22 | F81: =SUM(F82:F83) -> 44 | G81: =SUM(G82:G83) -> 24 | H81: =SUM(H82:H83) -> 4 | I81: =SUM(I82:I83) -> 15 | ... AF81: =SUM(AF82:AF83) -> 0 | AG81: =SUM(B81:AF81) -> 910 | AH81: =IF(AG81<>AG53,"*","")
A82: PAR | B82: =SUM(B54:B62) -> 0 | C82: =SUM(C54:C62) -> 0 | D82: =SUM(D54:D62) -> 12 | E82: =SUM(E54:E62) -> 6 | F82: =SUM(F54:F62) -> 17 | G82: =SUM(G54:G62) -> 14 | H82: =SUM(H54:H62) -> 3 | I82: =SUM(I54:I62) -> 7 | ... AF82: =SUM(AF54:AF62) -> 0 | AG82: =SUM(B82:AF82) -> 373
A83: SAR | B83: =SUM(B54:B77)-B82 -> 16 | C83: =SUM(C54:C77)-C82 -> 3 | D83: =SUM(D54:D77)-D82 -> 7 | E83: =SUM(E54:E77)-E82 -> 16 | F83: =SUM(F54:F77)-F82 -> 27 | G83: =SUM(G54:G77)-G82 -> 10 | H83: =SUM(H54:H77)-H82 -> 1 | I83: =SUM(I54:I77)-I82 -> 8 | ... AF83: =SUM(AF54:AF77)-AF82 -> 0 | AG83: =SUM(B83:AF83) -> 537
A84: NSP PEDIATR. / ADULTOS | B84: =SUM(B85:B86) -> 16 | C84: =SUM(C85:C86) -> 3 | D84: =SUM(D85:D86) -> 19 | E84: =SUM(E85:E86) -> 22 | F84: =SUM(F85:F86) -> 44 | G84: =SUM(G85:G86) -> 24 | H84: =SUM(H85:H86) -> 4 | I84: =SUM(I85:I86) -> 15 | ... AF84: =SUM(AF85:AF86) -> 0 | AG84: =SUM(B84:AF84) -> 910 | AH84: =IF(AG84<>AG82+AG83,"*","") | AI84: NSP
A85: NSP PEDIATRICOS (<15 AÑOS) | B85: 2 | C85: 0 | D85: 5 | E85: 4 | F85: 8 | G85: 5 | H85: 1 | I85: 1 | J85: 0 | K85: 28 | L85: 8 | M85: 18 | N85: 5 | O85: 5 | P85: 1 | Q85: 0 | R85: 14 | S85: 11 | T85: 13 | U85: 8 | V85: 10 | W85: 5 | X85: 2 | Y85: 13 | Z85: 21 | AA85: 15 | AB85: 10 | AC85: 1 | AD85: 10 | AE85: 18 | AG85: =SUM(B85:AF85) -> 242
A86: NSP ADULTOS | B86: 14 | C86: 3 | D86: 14 | E86: 18 | F86: 36 | G86: 19 | H86: 3 | I86: 14 | J86: 5 | K86: 45 | L86: 31 | M86: 48 | N86: 24 | O86: 27 | P86: 15 | Q86: 1 | R86: 28 | S86: 15 | T86: 22 | U86: 30 | V86: 16 | W86: 13 | X86: 11 | Y86: 52 | Z86: 37 | AA86: 32 | AB86: 40 | AC86: 14 | AD86: 14 | AE86: 27 | AG86: =SUM(B86:AF86) -> 668
A87: NSP CATEGORIZACION | B87: =SUM(B88:B92) -> 16 | C87: =SUM(C88:C92) -> 3 | D87: =SUM(D88:D92) -> 19 | E87: =SUM(E88:E92) -> 22 | F87: =SUM(F88:F92) -> 44 | G87: =SUM(G88:G92) -> 24 | H87: =SUM(H88:H92) -> 4 | I87: =SUM(I88:I92) -> 15 | ... AF87: =SUM(AF88:AF92) -> 0 | AG87: =SUM(B87:AF87) -> 910 | AH87: =IF(AG87<>AG84,"*","")
A88: SIN CATEGORIZACIÓN nsp | B88: 4 | D88: 8 | E88: 7 | F88: 12 | G88: 7 | H88: 3 | I88: 4 | K88: 24 | L88: 3 | M88: 19 | N88: 11 | O88: 9 | P88: 3 | Q88: 1 | R88: 11 | S88: 8 | T88: 10 | U88: 9 | V88: 7 | W88: 7 | X88: 5 | Y88: 12 | Z88: 11 | AA88: 12 | AB88: 9 | AC88: 5 | AD88: 1 | AE88: 12 | AG88: =SUM(B88:AF88) -> 234
A89: C2 | G89: 1 | AG89: =SUM(B89:AF89) -> 1
A90: C3 | D90: 1 | F90: 1 | J90: 1 | M90: 4 | T90: 1 | V90: 1 | Y90: 1 | Z90: 1 | AA90: 1 | AG90: =SUM(B90:AF90) -> 12
A91: C4 | B91: 11 | D91: 9 | E91: 13 | F91: 19 | G91: 6 | I91: 6 | K91: 34 | L91: 23 | M91: 24 | N91: 6 | O91: 17 | P91: 9 | R91: 24 | S91: 12 | T91: 10 | U91: 24 | V91: 10 | W91: 8 | X91: 4 | Y91: 35 | Z91: 33 | AA91: 20 | AB91: 30 | AC91: 5 | AD91: 18 | AE91: 22 | AG91: =SUM(B91:AF91) -> 432
A92: C5 | B92: 1 | C92: 3 | D92: 1 | E92: 2 | F92: 12 | G92: 10 | H92: 1 | I92: 5 | J92: 4 | K92: 15 | L92: 13 | M92: 19 | N92: 12 | O92: 6 | P92: 4 | R92: 7 | S92: 6 | T92: 14 | U92: 5 | V92: 8 | W92: 3 | X92: 4 | Y92: 17 | Z92: 13 | AA92: 14 | AB92: 11 | AC92: 5 | AD92: 5 | AE92: 11 | AG92: =SUM(B92:AF92) -> 231
A93: TOTAL PACIENTES ATENDIDOS | B93: =+B94+B100 -> 228 | C93: =+C94+C100 -> 218 | D93: =+D94+D100 -> 259 | E93: =+E94+E100 -> 216 | F93: =+F94+F100 -> 220 | G93: =+G94+G100 -> 201 | H93: =+H94+H100 -> 196 | I93: =+I94+I100 -> 212 | ... AF93: =+AF94+AF100 -> 0 | AG93: =SUM(B93:AF93) -> 6604 | AH93: =IF(AG93<>AG28,"*","")
A94: Menor 15 años | B94: =SUM(B95:B99) -> 36 | C94: =SUM(C95:C99) -> 41 | D94: =SUM(D95:D99) -> 56 | E94: =SUM(E95:E99) -> 39 | F94: =SUM(F95:F99) -> 49 | G94: =SUM(G95:G99) -> 42 | H94: =SUM(H95:H99) -> 33 | I94: =SUM(I95:I99) -> 47 | ... AF94: =SUM(AF95:AF99) -> 0 | AG94: =SUM(B94:AF94) -> 1537
A95: Menor 1 Año | C95: 1 | D95: 1 | I95: 4 | J95: 1 | K95: 1 | N95: 1 | Q95: 1 | R95: 1 | T95: 1 | U95: 1 | Y95: 2 | AD95: 1 | AE95: 5 | AG95: =SUM(B95:AF95) -> 21
A96: 1 Año | C96: 1 | E96: 2 | G96: 1 | H96: 2 | I96: 2 | J96: 1 | K96: 2 | L96: 1 | M96: 1 | N96: 3 | P96: 5 | R96: 1 | S96: 4 | T96: 5 | U96: 5 | V96: 5 | W96: 1 | X96: 1 | Y96: 4 | Z96: 1 | AA96: 3 | AB96: 4 | AC96: 1 | AD96: 4 | AE96: 2 | AG96: =SUM(B96:AF96) -> 62
A97: 2 - 4 | B97: 9 | C97: 8 | D97: 12 | E97: 9 | F97: 10 | G97: 13 | H97: 14 | I97: 18 | J97: 8 | K97: 10 | L97: 10 | M97: 6 | N97: 8 | O97: 11 | P97: 10 | Q97: 9 | R97: 10 | S97: 13 | T97: 23 | U97: 10 | V97: 15 | W97: 9 | X97: 16 | Y97: 19 | Z97: 15 | AA97: 19 | AB97: 12 | AC97: 13 | AD97: 16 | AE97: 11 | AG97: =SUM(B97:AF97) -> 366
A98: 5 - 9 | B98: 19 | C98: 18 | D98: 26 | E98: 14 | F98: 25 | G98: 23 | H98: 13 | I98: 13 | J98: 14 | K98: 22 | L98: 22 | M98: 23 | N98: 18 | O98: 22 | P98: 14 | Q98: 25 | R98: 20 | S98: 15 | T98: 28 | U98: 35 | V98: 20 | W98: 14 | X98: 24 | Y98: 30 | Z98: 16 | AA98: 21 | AB98: 34 | AC98: 25 | AD98: 23 | AE98: 33 | AG98: =SUM(B98:AF98) -> 649
A99: 10 - 14 | B99: 8 | C99: 13 | D99: 17 | E99: 14 | F99: 14 | G99: 5 | H99: 4 | I99: 10 | J99: 7 | K99: 12 | L99: 17 | M99: 16 | N99: 14 | O99: 11 | P99: 8 | Q99: 12 | R99: 21 | S99: 28 | T99: 19 | U99: 15 | V99: 9 | W99: 13 | X99: 17 | Y99: 25 | Z99: 25 | AA99: 17 | AB99: 25 | AC99: 14 | AD99: 13 | AE99: 16 | AG99: =SUM(B99:AF99) -> 439
A100: Mayor de 15 años | B100: =SUM(B101:B115) -> 192 | C100: =SUM(C101:C115) -> 177 | D100: =SUM(D101:D115) -> 203 | E100: =SUM(E101:E115) -> 177 | F100: =SUM(F101:F115) -> 171 | G100: =SUM(G101:G115) -> 159 | H100: =SUM(H101:H115) -> 163 | I100: =SUM(I101:I115) -> 165 | ... AF100: =SUM(AF101:AF115) -> 0 | AG100: =SUM(B100:AF100) -> 5067
A101: 15 - 19 | B101: 19 | C101: 17 | D101: 25 | E101: 23 | F101: 19 | G101: 20 | H101: 13 | I101: 11 | J101: 19 | K101: 15 | L101: 18 | M101: 15 | N101: 23 | O101: 16 | P101: 13 | Q101: 10 | R101: 27 | S101: 27 | T101: 16 | U101: 15 | V101: 15 | W101: 11 | X101: 17 | Y101: 22 | Z101: 14 | AA101: 17 | AB101: 19 | AC101: 13 | AD101: 12 | AE101: 8 | AG101: =SUM(B101:AF101) -> 509
A102: 20 - 24 | B102: 13 | C102: 21 | D102: 22 | E102: 14 | F102: 16 | G102: 10 | H102: 18 | I102: 14 | J102: 17 | K102: 23 | L102: 29 | M102: 18 | N102: 15 | O102: 18 | P102: 14 | Q102: 17 | R102: 23 | S102: 28 | T102: 16 | U102: 13 | V102: 12 | W102: 7 | X102: 19 | Y102: 23 | Z102: 16 | AA102: 19 | AB102: 20 | AC102: 23 | AD102: 17 | AE102: 15 | AG102: =SUM(B102:AF102) -> 530
A103: 25 - 29 | B103: 15 | C103: 10 | D103: 23 | E103: 25 | F103: 16 | G103: 19 | H103: 15 | I103: 18 | J103: 17 | K103: 17 | L103: 18 | M103: 10 | N103: 19 | O103: 10 | P103: 17 | Q103: 18 | R103: 14 | S103: 13 | T103: 11 | U103: 10 | V103: 16 | W103: 9 | X103: 13 | Y103: 15 | Z103: 17 | AA103: 21 | AB103: 12 | AC103: 11 | AD103: 10 | AE103: 9 | AG103: =SUM(B103:AF103) -> 448
A104: 30 - 34 | B104: 12 | C104: 15 | D104: 15 | E104: 14 | F104: 9 | G104: 16 | H104: 10 | I104: 16 | J104: 13 | K104: 24 | L104: 14 | M104: 13 | N104: 13 | O104: 10 | P104: 12 | Q104: 15 | R104: 11 | S104: 17 | T104: 11 | U104: 15 | V104: 9 | W104: 10 | X104: 14 | Y104: 11 | Z104: 9 | AA104: 9 | AB104: 14 | AC104: 12 | AD104: 11 | AE104: 14 | AG104: =SUM(B104:AF104) -> 388
A105: 35 - 39 | B105: 11 | C105: 16 | D105: 12 | E105: 12 | F105: 10 | G105: 8 | H105: 9 | I105: 11 | J105: 16 | K105: 9 | L105: 14 | M105: 9 | N105: 12 | O105: 10 | P105: 11 | Q105: 13 | R105: 13 | S105: 13 | T105: 13 | U105: 10 | V105: 16 | W105: 7 | X105: 11 | Y105: 19 | Z105: 18 | AA105: 9 | AB105: 11 | AC105: 13 | AD105: 17 | AE105: 9 | AG105: =SUM(B105:AF105) -> 362
A106: 40 - 44 | B106: 9 | C106: 7 | D106: 15 | E106: 14 | F106: 7 | G106: 7 | H106: 6 | I106: 9 | J106: 15 | K106: 12 | L106: 17 | M106: 10 | N106: 13 | O106: 13 | P106: 6 | Q106: 13 | R106: 8 | S106: 8 | T106: 11 | U106: 18 | V106: 16 | W106: 11 | X106: 6 | Y106: 15 | Z106: 7 | AA106: 8 | AB106: 12 | AC106: 14 | AD106: 7 | AE106: 9 | AG106: =SUM(B106:AF106) -> 323
...

Sheet MAYO
A2: MAYO | B2: 1 | C2: =+B2+1 -> 2 | D2: =+C2+1 -> 3 | E2: =+D2+1 -> 4 | F2: =+E2+1 -> 5 | G2: =+F2+1 -> 6 | H2: =+G2+1 -> 7 | I2: =+H2+1 -> 8 | J2: =+I2+1 -> 9 | ... AA2: =+Z2+1 -> 26 | AB2: 27 | AC2: =+AB2+1 -> 28 | AD2: 29 | AE2: 30 | AF2: 31 | AG2: TOTAL
A3: Total de Inscritos | B3: =SUM(B4:B27) -> 274 | C3: =SUM(C4:C27) -> 303 | D3: =SUM(D4:D27) -> 307 | E3: =SUM(E4:E27) -> 263 | F3: =SUM(F4:F27) -> 223 | G3: =SUM(G4:G27) -> 226 | H3: =SUM(H4:H27) -> 248 | I3: =SUM(I4:I27) -> 315 | ... AF3: =SUM(AF4:AF27) -> 270 | AG3: =SUM(B3:AF3) -> 8107
A4: 08:00 | B4: 13 | C4: 19 | D4: 26 | E4: 13 | F4: 9 | G4: 10 | H4: 6 | I4: 15 | J4: 16 | K4: 23 | L4: 18 | M4: 13 | N4: 6 | O4: 9 | P4: 17 | Q4: 20 | R4: 12 | S4: 15 | T4: 14 | U4: 14 | V4: 5 | W4: 13 | X4: 11 | Y4: 13 | Z4: 16 | AA4: 11 | AB4: 11 | AC4: 8 | AD4: 16 | AE4: 14 | AF4: 25 | AG4: =SUM(B4:AF4) -> 431
A5: 09:00 | B5: 13 | C5: 24 | D5: 17 | E5: 20 | F5: 10 | G5: 9 | H5: 9 | I5: 16 | J5: 32 | K5: 17 | L5: 11 | M5: 10 | N5: 19 | O5: 9 | P5: 26 | Q5: 21 | R5: 19 | S5: 22 | T5: 16 | U5: 10 | V5: 8 | W5: 16 | X5: 25 | Y5: 16 | Z5: 13 | AA5: 13 | AB5: 14 | AC5: 10 | AD5: 17 | AE5: 21 | AF5: 26 | AG5: =SUM(B5:AF5) -> 509
A6: 10:00 | B6: 24 | C6: 16 | D6: 18 | E6: 18 | F6: 13 | G6: 23 | H6: 25 | I6: 19 | J6: 25 | K6: 19 | L6: 18 | M6: 11 | N6: 17 | O6: 8 | P6: 24 | Q6: 20 | R6: 23 | S6: 22 | T6: 19 | U6: 18 | V6: 12 | W6: 15 | X6: 16 | Y6: 20 | Z6: 19 | AA6: 11 | AB6: 15 | AC6: 16 | AD6: 11 | AE6: 22 | AF6: 15 | AG6: =SUM(B6:AF6) -> 552
A7: 11:00 | B7: 25 | C7: 17 | D7: 24 | E7: 20 | F7: 20 | G7: 17 | H7: 15 | I7: 21 | J7: 20 | K7: 23 | L7: 11 | M7: 22 | N7: 24 | O7: 10 | P7: 26 | Q7: 21 | R7: 15 | S7: 25 | T7: 12 | U7: 15 | V7: 16 | W7: 30 | X7: 29 | Y7: 17 | Z7: 14 | AA7: 16 | AB7: 21 | AC7: 22 | AD7: 22 | AE7: 15 | AF7: 26 | AG7: =SUM(B7:AF7) -> 611
A8: 12:00 | B8: 14 | C8: 17 | D8: 22 | E8: 19 | F8: 11 | G8: 17 | H8: 18 | I8: 16 | J8: 22 | K8: 10 | L8: 16 | M8: 18 | N8: 17 | O8: 26 | P8: 18 | Q8: 25 | R8: 24 | S8: 10 | T8: 13 | U8: 13 | V8: 16 | W8: 22 | X8: 20 | Y8: 15 | Z8: 17 | AA8: 9 | AB8: 16 | AC8: 17 | AD8: 23 | AE8: 24 | AF8: 18 | AG8: =SUM(B8:AF8) -> 543
A9: 13:00 | B9: 16 | C9: 20 | D9: 16 | E9: 10 | F9: 13 | G9: 17 | H9: 11 | I9: 12 | J9: 10 | K9: 14 | L9: 22 | M9: 11 | N9: 14 | O9: 9 | P9: 17 | Q9: 22 | R9: 9 | S9: 18 | T9: 8 | U9: 21 | V9: 13 | W9: 16 | X9: 20 | Y9: 22 | Z9: 14 | AA9: 6 | AB9: 17 | AC9: 17 | AD9: 12 | AE9: 21 | AF9: 6 | AG9: =SUM(B9:AF9) -> 454
A10: 14:00 | B10: 18 | C10: 17 | D10: 17 | E10: 15 | F10: 12 | G10: 9 | H10: 17 | I10: 21 | J10: 26 | K10: 18 | L10: 15 | M10: 16 | N10: 16 | O10: 13 | P10: 12 | Q10: 17 | R10: 10 | S10: 22 | T10: 18 | U10: 10 | V10: 22 | W10: 34 | X10: 25 | Y10: 13 | Z10: 15 | AA10: 28 | AB10: 7 | AC10: 11 | AD10: 20 | AE10: 21 | AF10: 16 | AG10: =SUM(B10:AF10) -> 531
A11: 15:00 | B11: 22 | C11: 20 | D11: 10 | E11: 10 | F11: 12 | G11: 12 | H11: 18 | I11: 33 | J11: 15 | K11: 20 | L11: 19 | M11: 21 | N11: 13 | O11: 8 | P11: 26 | Q11: 25 | R11: 10 | S11: 19 | T11: 14 | U11: 13 | V11: 17 | W11: 12 | X11: 22 | Y11: 8 | Z11: 17 | AA11: 19 | AB11: 4 | AC11: 18 | AD11: 18 | AE11: 28 | AF11: 22 | AG11: =SUM(B11:AF11) -> 525
A12: 16:00 | B12: 22 | C12: 32 | D12: 18 | E12: 29 | F12: 24 | G12: 29 | H12: 23 | I12: 26 | J12: 18 | K12: 17 | L12: 24 | M12: 23 | N12: 8 | O12: 16 | P12: 21 | Q12: 24 | R12: 16 | S12: 24 | T12: 27 | U12: 18 | V12: 16 | W12: 22 | X12: 21 | Y12: 17 | Z12: 20 | AA12: 14 | AB12: 15 | AC12: 18 | AD12: 18 | AE12: 1 | AF12: 16 | AG12: =SUM(B12:AF12) -> 617
A13: 17:00 | B13: 19 | C13: 29 | D13: 31 | E13: 17 | F13: 17 | G13: 10 | H13: 18 | I13: 31 | J13: 23 | K13: 23 | L13: 24 | M13: 13 | N13: 20 | O13: 17 | P13: 20 | Q13: 24 | R13: 24 | S13: 21 | T13: 21 | U13: 20 | V13: 9 | W13: 28 | X13: 22 | Y13: 34 | Z13: 21 | AA13: 9 | AB13: 13 | AC13: 19 | AD13: 22 | AE13: 21 | AF13: 27 | AG13: =SUM(B13:AF13) -> 647
A14: 18:00 | B14: 11 | C14: 20 | D14: 13 | E14: 23 | F14: 18 | G14: 16 | H14: 21 | I14: 26 | J14: 22 | K14: 11 | L14: 21 | M14: 17 | N14: 20 | O14: 13 | P14: 30 | Q14: 20 | R14: 14 | S14: 12 | T14: 18 | U14: 8 | V14: 9 | W14: 11 | X14: 23 | Y14: 7 | Z14: 9 | AA14: 16 | AB14: 17 | AC14: 15 | AD14: 25 | AE14: 10 | AF14: 9 | AG14: =SUM(B14:AF14) -> 505
A15: 19:00 | B15: 14 | C15: 21 | D15: 25 | E15: 12 | F15: 11 | G15: 7 | H15: 10 | I15: 16 | J15: 15 | K15: 14 | L15: 17 | M15: 19 | N15: 8 | O15: 14 | P15: 23 | Q15: 16 | R15: 16 | S15: 15 | T15: 9 | U15: 6 | V15: 6 | W15: 12 | X15: 14 | Y15: 11 | Z15: 14 | AA15: 17 | AB15: 6 | AC15: 14 | AD15: 15 | AE15: 15 | AF15: 9 | AG15: =SUM(B15:AF15) -> 421
... A27: 07:00 | B27: 2 | C27: 1 | D27: 8 | E27: 3 | F27: 6 | G27: 2 | H27: 9 | I27: 3 | J27: 5 | K27: 2 | L27: 3 | M27: 2 | N27: 6 | O27: 4 | P27: 1 | Q27: 0 | R27: 2 | S27: 3 | T27: 5 | U27: 1 | V27: 0 | W27: 2 | X27: 4 | Y27: 4 | Z27: 5 | AA27: 2 | AB27: 2 | AC27: 3 | AD27: 5 | AE27: 5 | AF27: 4 | AG27: =SUM(B27:AF27) -> 104
A28: Total de atendidos | B28: =SUM(B29:B52) -> 257 | C28: =SUM(C29:C52) -> 225 | D28: =SUM(D29:D52) -> 234 | E28: =SUM(E29:E52) -> 211 | F28: =SUM(F29:F52) -> 204 | G28: =SUM(G29:G52) -> 215 | H28: =SUM(H29:H52) -> 213 | I28: =SUM(I29:I52) -> 215 | ... AF28: =SUM(AF29:AF52) -> 203 | AG28: =SUM(B28:AF28) -> 6766
A29: 08:00 | B29: 6 | C29: 2 | D29: 15 | E29: 4 | F29: 5 | G29: 3 | H29: 10 | I29: 5 | J29: 10 | K29: 8 | L29: 8 | M29: 3 | N29: 6 | O29: 5 | P29: 2 | Q29: 6 | R29: 4 | S29: 5 | T29: 13 | U29: 3 | V29: 1 | W29: 6 | X29: 6 | Y29: 9 | Z29: 7 | AA29: 2 | AB29: 8 | AC29: 4 | AD29: 6 | AE29: 8 | AF29: 10 | AG29: =SUM(B29:AF29) -> 190
A30: 09:00 | B30: 11 | C30: 14 | D30: 13 | E30: 11 | F30: 14 | G30: 11 | H30: 3 | I30: 7 | J30: 11 | K30: 15 | L30: 9 | M30: 10 | N30: 12 | O30: 11 | P30: 12 | Q30: 13 | R30: 13 | S30: 13 | T30: 16 | U30: 7 | V30: 8 | W30: 14 | X30: 9 | Y30: 9 | Z30: 14 | AA30: 8 | AB30: 7 | AC30: 9 | AD30: 11 | AE30: 9 | AF30: 8 | AG30: =SUM(B30:AF30) -> 332
A31: 10:00 | B31: 17 | C31: 11 | D31: 8 | E31: 13 | F31: 11 | G31: 7 | H31: 8 | I31: 8 | J31: 12 | K31: 15 | L31: 12 | M31: 8 | N31: 24 | O31: 8 | P31: 11 | Q31: 15 | R31: 11 | S31: 10 | T31: 14 | U31: 14 | V31: 10 | W31: 10 | X31: 13 | Y31: 10 | Z31: 11 | AA31: 11 | AB31: 14 | AC31: 9 | AD31: 10 | AE31: 12 | AF31: 8 | AG31: =SUM(B31:AF31) -> 355
A32: 11:00 | B32: 18 | C32: 10 | D32: 7 | E32: 6 | F32: 6 | G32: 18 | H32: 11 | I32: 11 | J32: 10 | K32: 11 | L32: 6 | M32: 9 | N32: 4 | O32: 11 | P32: 8 | Q32: 7 | R32: 14 | S32: 8 | T32: 10 | U32: 17 | V32: 12 | W32: 13 | X32: 12 | Y32: 6 | Z32: 11 | AA32: 8 | AB32: 19 | AC32: 9 | AD32: 8 | AE32: 20 | AF32: 15 | AG32: =SUM(B32:AF32) -> 335
A33: 12:00 | B33: 17 | C33: 9 | D33: 11 | E33: 12 | F33: 7 | G33: 12 | H33: 5 | I33: 10 | J33: 14 | K33: 11 | L33: 15 | M33: 7 | N33: 7 | O33: 10 | P33: 3 | Q33: 11 | R33: 11 | S33: 12 | T33: 11 | U33: 9 | V33: 17 | W33: 12 | X33: 9 | Y33: 8 | Z33: 10 | AA33: 7 | AB33: 5 | AC33: 14 | AD33: 9 | AE33: 12 | AF33: 5 | AG33: =SUM(B33:AF33) -> 312
A34: 13:00 | B34: 16 | C34: 11 | D34: 9 | E34: 6 | F34: 8 | G34: 11 | H34: 10 | I34: 7 | J34: 7 | K34: 7 | L34: 8 | M34: 9 | N34: 5 | O34: 10 | P34: 4 | Q34: 8 | R34: 15 | S34: 10 | T34: 7 | U34: 15 | V34: 14 | W34: 11 | X34: 9 | Y34: 4 | Z34: 8 | AA34: 6 | AB34: 8 | AC34: 13 | AD34: 7 | AE34: 5 | AF34: 5 | AG34: =SUM(B34:AF34) -> 273
A35: 14:00 | B35: 11 | C35: 9 | D35: 9 | E35: 10 | F35: 13 | G35: 16 | H35: 9 | I35: 10 | J35: 9 | K35: 9 | L35: 10 | M35: 14 | N35: 7 | O35: 12 | P35: 9 | Q35: 16 | R35: 12 | S35: 14 | T35: 16 | U35: 11 | V35: 7 | W35: 9 | X35: 11 | Y35: 5 | Z35: 16 | AA35: 13 | AB35: 3 | AC35: 7 | AD35: 9 | AE35: 11 | AF35: 11 | AG35: =SUM(B35:AF35) -> 328
A36: 15:00 | B36: 15 | C36: 12 | D36: 9 | E36: 8 | F36: 7 | G36: 8 | H36: 12 | I36: 6 | J36: 14 | K36: 7 | L36: 15 | M36: 12 | N36: 13 | O36: 11 | P36: 5 | Q36: 9 | R36: 14 | S36: 10 | T36: 13 | U36: 16 | V36: 12 | W36: 9 | X36: 15 | Y36: 6 | Z36: 17 | AA36: 13 | AB36: 13 | AC36: 12 | AD36: 10 | AE36: 11 | AF36: 9 | AG36: =SUM(B36:AF36) -> 343
A37: 16:00 | B37: 9 | C37: 12 | D37: 16 | E37: 10 | F37: 14 | G37: 16 | H37: 11 | I37: 11 | J37: 15 | K37: 6 | L37: 14 | M37: 10 | N37: 22 | O37: 19 | P37: 17 | Q37: 17 | R37: 19 | S37: 16 | T37: 26 | U37: 16 | V37: 14 | W37: 14 | X37: 13 | Y37: 4 | Z37: 13 | AA37: 16 | AB37: 12 | AC37: 9 | AD37: 8 | AE37: 0 | AF37: 14 | AG37: =SUM(B37:AF37) -> 413
A38: 17:00 | B38: 16 | C38: 16 | D38: 11 | E38: 9 | F38: 8 | G38: 16 | H38: 11 | I38: 7 | J38: 12 | K38: 10 | L38: 10 | M38: 18 | N38: 10 | O38: 16 | P38: 16 | Q38: 19 | R38: 11 | S38: 15 | T38: 20 | U38: 9 | V38: 8 | W38: 8 | X38: 13 | Y38: 12 | Z38: 6 | AA38: 6 | AB38: 4 | AC38: 16 | AD38: 9 | AE38: 5 | AF38: 13 | AG38: =SUM(B38:AF38) -> 360
A39: 18:00 | B39: 18 | C39: 11 | D39: 11 | E39: 17 | F39: 20 | G39: 13 | H39: 15 | I39: 15 | J39: 16 | K39: 13 | L39: 18 | M39: 19 | N39: 18 | O39: 12 | P39: 22 | Q39: 20 | R39: 7 | S39: 19 | T39: 18 | U39: 16 | V39: 15 | W39: 15 | X39: 12 | Y39: 18 | Z39: 13 | AA39: 14 | AB39: 17 | AC39: 16 | AD39: 14 | AE39: 14 | AF39: 7 | AG39: =SUM(B39:AF39) -> 473
A40: 19:00 | B40: 17 | C40: 16 | D40: 22 | E40: 17 | F40: 10 | G40: 13 | H40: 21 | I40: 16 | J40: 21 | K40: 19 | L40: 18 | M40: 13 | N40: 17 | O40: 16 | P40: 22 | Q40: 14 | R40: 19 | S40: 20 | T40: 9 | U40: 18 | V40: 17 | W40: 15 | X40: 11 | Y40: 18 | Z40: 19 | AA40: 16 | AB40: 14 | AC40: 21 | AD40: 8 | AE40: 14 | AF40: 15 | AG40: =SUM(B40:AF40) -> 506
... A52: 07:00 | B52: 2 | C52: 0 | D52: 1 | E52: 2 | F52: 3 | G52: 0 | H52: 5 | I52: 4 | J52: 3 | K52: 0 | L52: 1 | M52: 4 | N52: 3 | O52: 0 | P52: 1 | Q52: 1 | R52: 1 | S52: 0 | T52: 5 | U52: 1 | V52: 0 | W52: 0 | X52: 1 | Y52: 1 | Z52: 0 | AA52: 3 | AB52: 0 | AC52: 1 | AD52: 4 | AE52: 1 | AF52: 2 | AG52: =SUM(B52:AF52) -> 50
A53: Total de NSP | B53: =SUM(B54:B77) -> 17 | C53: =SUM(C54:C77) -> 78 | D53: =SUM(D54:D77) -> 73 | E53: =SUM(E54:E77) -> 52 | F53: =SUM(F54:F77) -> 19 | G53: =SUM(G54:G77) -> 11 | H53: =SUM(H54:H77) -> 35 | I53: =SUM(I54:I77) -> 100 | ... AF53: =SUM(AF54:AF77) -> 67 | AG53: =SUM(B53:AF53) -> 1341
A54: 08:00 | D54: 1 | E54: 1 | J54: 1 | Q54: 1 | R54: 0 | S54: 0 | T54: 0 | U54: 0 | V54: 0 | W54: 0 | X54: 0 | Y54: 0 | Z54: 0 | AA54: 0 | AB54: 0 | AC54: 0 | AD54: 0 | AE54: 2 | AF54: 1 | AG54: =SUM(B54:AF54) -> 7
A55: 09:00 | B55: 1 | D55: 3 | E55: 1 | F55: 1 | I55: 2 | J55: 1 | K55: 2 | L55: 1 | O55: 1 | P55: 1 | Q55: 1 | R55: 2 | S55: 3 | T55: 0 | U55: 0 | V55: 0 | W55: 1 | X55: 1 | Y55: 0 | Z55: 0 | AA55: 0 | AB55: 0 | AC55: 0 | AD55: 2 | AE55: 0 | AF55: 0 | AG55: =SUM(B55:AF55) -> 24
A56: 10:00 | C56: 2 | D56: 1 | F56: 1 | G56: 1 | H56: 1 | I56: 3 | J56: 1 | K56: 1 | L56: 1 | M56: 1 | N56: 1 | O56: 1 | P56: 1 | Q56: 1 | R56: 0 | S56: 0 | T56: 2 | U56: 0 | V56: 0 | W56: 0 | X56: 3 | Y56: 1 | Z56: 0 | AA56: 0 | AB56: 0 | AC56: 1 | AD56: 0 | AE56: 0 | AF56: 1 | AG56: =SUM(B56:AF56) -> 25
A57: 11:00 | B57: 4 | D57: 1 | F57: 2 | J57: 1 | K57: 1 | Q57: 1 | R57: 1 | S57: 0 | T57: 1 | U57: 0 | V57: 1 | W57: 1 | X57: 0 | Y57: 0 | Z57: 0 | AA57: 0 | AB57: 0 | AC57: 0 | AD57: 0 | AE57: 5 | AF57: 0 | AG57: =SUM(B57:AF57) -> 19
A58: 12:00 | B58: 1 | C58: 4 | F58: 4 | H58: 1 | I58: 2 | J58: 1 | K58: 4 | L58: 1 | M58: 3 | N58: 1 | P58: 1 | Q58: 1 | R58: 2 | S58: 0 | T58: 3 | U58: 0 | V58: 0 | W58: 1 | X58: 1 | Y58: 0 | Z58: 0 | AA58: 0 | AB58: 0 | AC58: 0 | AD58: 0 | AE58: 0 | AF58: 2 | AG58: =SUM(B58:AF58) -> 33
A59: 13:00 | C59: 2 | D59: 3 | E59: 1 | F59: 1 | G59: 1 | I59: 3 | J59: 4 | L59: 1 | Q59: 2 | R59: 0 | S59: 3 | T59: 1 | U59: 0 | V59: 0 | W59: 0 | X59: 3 | Y59: 1 | Z59: 0 | AA59: 1 | AB59: 0 | AC59: 1 | AD59: 4 | AE59: 2 | AF59: 2 | AG59: =SUM(B59:AF59) -> 36
A60: 14:00 | C60: 6 | D60: 1 | E60: 1 | F60: 1 | H60: 3 | I60: 3 | J60: 11 | K60: 1 | L60: 4 | M60: 2 | N60: 1 | P60: 7 | Q60: 4 | R60: 2 | S60: 11 | T60: 1 | U60: 0 | V60: 0 | W60: 0 | X60: 6 | Y60: 0 | Z60: 2 | AA60: 2 | AB60: 0 | AC60: 0 | AD60: 3 | AE60: 2 | AF60: 1 | AG60: =SUM(B60:AF60) -> 75
A61: 15:00 | C61: 8 | D61: 4 | E61: 2 | F61: 2 | H61: 6 | I61: 1 | J61: 4 | K61: 2 | L61: 3 | M61: 3 | N61: 2 | O61: 3 | P61: 20 | Q61: 6 | R61: 3 | S61: 1 | T61: 5 | U61: 0 | V61: 1 | W61: 7 | X61: 6 | Y61: 13 | Z61: 3 | AA61: 4 | AB61: 4 | AC61: 4 | AD61: 6 | AE61: 7 | AF61: 9 | AG61: =SUM(B61:AF61) -> 139
A62: 16:00 | C62: 16 | D62: 18 | E62: 3 | G62: 2 | H62: 7 | I62: 7 | J62: 6 | K62: 2 | L62: 4 | M62: 4 | N62: 1 | P62: 6 | Q62: 9 | R62: 2 | S62: 3 | T62: 0 | U62: 0 | V62: 1 | W62: 2 | X62: 14 | Y62: 0 | Z62: 1 | AA62: 5 | AB62: 0 | AC62: 2 | AD62: 3 | AE62: 0 | AF62: 7 | AG62: =SUM(B62:AF62) -> 125
A63: 17:00 | C63: 1 | D63: 1 | E63: 14 | F63: 2 | I63: 17 | J63: 2 | K63: 9 | L63: 1 | N63: 1 | P63: 15 | Q63: 2 | R63: 0 | S63: 9 | T63: 1 | U63: 1 | V63: 2 | W63: 3 | X63: 5 | Y63: 10 | Z63: 3 | AA63: 1 | AB63: 3 | AC63: 3 | AD63: 3 | AE63: 24 | AF63: 2 | AG63: =SUM(B63:AF63) -> 135
A64: 18:00 | B64: 2 | C64: 4 | D64: 9 | E64: 9 | F64: 2 | G64: 1 | H64: 4 | I64: 9 | J64: 7 | K64: 13 | L64: 2 | M64: 4 | N64: 4 | P64: 16 | Q64: 1 | R64: 0 | S64: 6 | T64: 1 | U64: 1 | V64: 1 | W64: 15 | X64: 8 | Y64: 25 | Z64: 5 | AA64: 2 | AB64: 0 | AC64: 5 | AD64: 12 | AE64: 19 | AF64: 17 | AG64: =SUM(B64:AF64) -> 204
A65: 19:00 | D65: 5 | E65: 4 | G65: 3 | H65: 4 | I65: 13 | J65: 4 | L65: 1 | M65: 1 | N65: 1 | P65: 7 | Q65: 9 | R65: 2 | S65: 2 | T65: 1 | U65: 2 | V65: 0 | W65: 6 | X65: 2 | Y65: 6 | Z65: 0 | AA65: 0 | AB65: 1 | AC65: 2 | AD65: 11 | AE65: 1 | AF65: 0 | AG65: =SUM(B65:AF65) -> 88
A66: 20:00 | B66: 2 | C66: 7 | D66: 2 | E66: 3 | H66: 4 | I66: 6 | J66: 2 | K66: 8 | L66: 6 | M66: 3 | P66: 4 | Q66: 7 | R66: 3 | S66: 6 | T66: 0 | U66: 0 | V66: 1 | W66: 16 | X66: 7 | Y66: 3 | Z66: 4 | AA66: 1 | AB66: 0 | AC66: 1 | AD66: 6 | AE66: 2 | AF66: 6 | AG66: =SUM(B66:AF66) -> 110
A67: 21:00 | C67: 4 | D67: 8 | E67: 3 | F67: 2 | G67: 1 | H67: 5 | I67: 10 | J67: 11 | K67: 4 | L67: 6 | M67: 3 | N67: 2 | P67: 1 | Q67: 9 | R67: 0 | S67: 1 | T67: 0 | U67: 1 | V67: 0 | W67: 9 | X67: 11 | Y67: 2 | Z67: 2 | AA67: 0 | AB67: 2 | AC67: 1 | AD67: 12 | AE67: 1 | AF67: 5 | AG67: =SUM(B67:AF67) -> 116
A68: 22:00 | D68: 4 | E68: 7 | I68: 10 | J68: 2 | K68: 3 | L68: 5 | N68: 2 | P68: 1 | Q68: 3 | R68: 0 | S68: 2 | T68: 0 | U68: 0 | V68: 0 | W68: 5 | X68: 2 | Y68: 0 | Z68: 0 | AA68: 0 | AB68: 0 | AC68: 1 | AD68: 1 | AE68: 0 | AF68: 5 | AG68: =SUM(B68:AF68) -> 53
A69: 23:00 | B69: 1 | C69: 8 | D69: 9 | E69: 3 | I69: 2 | K69: 4 | L69: 2 | M69: 2 | N69: 3 | Q69: 1 | R69: 4 | S69: 0 | T69: 0 | U69: 0 | V69: 0 | W69: 1 | X69: 2 | Y69: 0 | Z69: 0 | AA69: 2 | AB69: 0 | AC69: 2 | AD69: 1 | AE69: 0 | AF69: 2 | AG69: =SUM(B69:AF69) -> 49
A70: 00:00 | C70: 5 | D70: 1 | G70: 2 | I70: 2 | J70: 6 | K70: 1 | L70: 3 | N70: 3 | P70: 4 | Q70: 1 | R70: 1 | S70: 1 | T70: 1 | U70: 0 | V70: 0 | W70: 0 | X70: 2 | Y70: 0 | Z70: 0 | AA70: 3 | AB70: 0 | AC70: 0 | AD70: 0 | AE70: 0 | AF70: 4 | AG70: =SUM(B70:AF70) -> 40
A71: 01:00 | B71: 6 | C71: 1 | D71: 1 | F71: 1 | I71: 4 | J71: 1 | K71: 1 | P71: 1 | R71: 0 | S71: 1 | T71: 0 | U71: 0 | V71: 0 | W71: 4 | X71: 1 | Y71: 0 | Z71: 0 | AA71: 0 | AB71: 0 | AC71: 0 | AD71: 0 | AE71: 3 | AF71: 1 | AG71: =SUM(B71:AF71) -> 26
A72: 02:00 | C72: 10 | D72: 1 | I72: 6 | L72: 1 | M72: 2 | P72: 1 | Q72: 1 | R72: 0 | S72: 0 | T72: 0 | U72: 0 | V72: 0 | W72: 2 | X72: 0 | Y72: 0 | Z72: 0 | AA72: 0 | AB72: 0 | AC72: 0 | AD72: 0 | AE72: 0 | AF72: 1 | AG72: =SUM(B72:AF72) -> 25
A73: 03:00 | M73: 1 | P73: 3 | R73: 0 | S73: 0 | T73: 0 | U73: 0 | V73: 0 | W73: 0 | X73: 0 | Y73: 0 | Z73: 0 | AA73: 1 | AB73: 0 | AC73: 0 | AD73: 0 | AE73: 0 | AF73: 0 | AG73: =SUM(B73:AF73) -> 5
A74: 04:00 | J74: 1 | P74: 1 | R74: 0 | S74: 0 | T74: 0 | U74: 1 | V74: 0 | W74: 0 | X74: 0 | Y74: 0 | Z74: 0 | AA74: 0 | AB74: 0 | AC74: 0 | AD74: 0 | AE74: 0 | AF74: 0 | AG74: =SUM(B74:AF74) -> 3
A75: 05:00 | R75: 0 | S75: 0 | T75: 0 | U75: 0 | V75: 0 | W75: 0 | X75: 0 | Y75: 0 | Z75: 0 | AA75: 0 | AB75: 0 | AC75: 0 | AD75: 0 | AE75: 0 | AF75: 1 | AG75: =SUM(B75:AF75) -> 1
A76: 06:00 | R76: 0 | S76: 0 | T76: 0 | U76: 0 | V76: 0 | W76: 0 | X76: 0 | Y76: 0 | Z76: 0 | AA76: 0 | AB76: 0 | AC76: 0 | AD76: 0 | AE76: 0 | AF76: 0 | AG76: =SUM(B76:AF76) -> 0
A77: 07:00 | P77: 1 | R77: 0 | S77: 0 | T77: 0 | U77: 0 | V77: 0 | W77: 1 | X77: 0 | Y77: 0 | Z77: 1 | AA77: 0 | AB77: 0 | AC77: 0 | AD77: 0 | AE77: 0 | AF77: 0 | AG77: =SUM(B77:AF77) -> 3
A78: TOTAL PACIENTES INSCRITOS | B78: =SUM(B79:B80) -> 274 | C78: =SUM(C79:C80) -> 303 | D78: =SUM(D79:D80) -> 307 | E78: =SUM(E79:E80) -> 263 | F78: =SUM(F79:F80) -> 223 | G78: =SUM(G79:G80) -> 226 | H78: =SUM(H79:H80) -> 248 | I78: =SUM(I79:I80) -> 315 | ... AF78: =SUM(AF79:AF80) -> 270 | AG78: =SUM(B78:AF78) -> 8107
A79: SAR | B79: =SUM(B4:B27)-B80 -> 274 | C79: =SUM(C4:C27)-C80 -> 303 | D79: =SUM(D4:D27)-D80 -> 307 | E79: =SUM(E4:E27)-E80 -> 263 | F79: =SUM(F4:F27)-F80 -> 99 | G79: =SUM(G4:G27)-G80 -> 83 | H79: =SUM(H4:H27)-H80 -> 106 | I79: =SUM(I4:I27)-I80 -> 315 | ... AF79: =SUM(AF4:AF27)-AF80 -> 100 | AG79: =SUM(B79:AF79) -> 5903
A80: PAR | D80: 0 | E80: 0 | F80: =SUM(F4:F12) -> 124 | G80: =SUM(G4:G12) -> 143 | H80: =SUM(H4:H12) -> 142 | K80: 0 | L80: 0 | M80: =SUM(M4:M12) -> 145 | N80: =SUM(N4:N12) -> 134 | O80: =SUM(O4:O12) -> 108 | R80: =SUM(R4:R12) -> 138 | S80: =SUM(S4:S12) -> 177 | T80: =SUM(T4:T12) -> 141 | U80: =SUM(U4:U12) -> 132 | V80: =SUM(V4:V12) -> 125 | Y80: =SUM(Y4:Y12) -> 141 | AA80: =SUM(AA4:AA12) -> 127 | AB80: =SUM(AB4:AB12) -> 120 | AC80: =SUM(AC4:AC12) -> 137 | AF80: =SUM(AF4:AF12) -> 170 | AG80: =SUM(B80:AF80) -> 2204
A81: TOTAL NSP | B81: =SUM(B82:B83) -> 17 | C81: =SUM(C82:C83) -> 78 | D81: =SUM(D82:D83) -> 73 | E81: =SUM(E82:E83) -> 52 | F81: =SUM(F82:F83) -> 19 | G81: =SUM(G82:G83) -> 11 | H81: =SUM(H82:H83) -> 35 | I81: =SUM(I82:I83) -> 100 | ... AF81: =SUM(AF82:AF83) -> 67 | AG81: =SUM(B81:AF81) -> 1341 | AH81: =IF(AG81<>AG53,"*","")
A82: PAR | B82: =SUM(B54:B62) -> 6 | C82: =SUM(C54:C62) -> 38 | D82: =SUM(D54:D62) -> 32 | E82: =SUM(E54:E62) -> 9 | F82: =SUM(F54:F62) -> 12 | G82: =SUM(G54:G62) -> 4 | H82: =SUM(H54:H62) -> 18 | I82: =SUM(I54:I62) -> 21 | ... AF82: =SUM(AF54:AF62) -> 23 | AG82: =SUM(B82:AF82) -> 483
A83: SAR | B83: =SUM(B54:B77)-B82 -> 11 | C83: =SUM(C54:C77)-C82 -> 40 | D83: =SUM(D54:D77)-D82 -> 41 | E83: =SUM(E54:E77)-E82 -> 43 | F83: =SUM(F54:F77)-F82 -> 7 | G83: =SUM(G54:G77)-G82 -> 7 | H83: =SUM(H54:H77)-H82 -> 17 | I83: =SUM(I54:I77)-I82 -> 79 | ... AF83: =SUM(AF54:AF77)-AF82 -> 44 | AG83: =SUM(B83:AF83) -> 858
A84: NSP PEDIATR. / ADULTOS | B84: =SUM(B85:B86) -> 17 | C84: =SUM(C85:C86) -> 78 | D84: =SUM(D85:D86) -> 73 | E84: =SUM(E85:E86) -> 52 | F84: =SUM(F85:F86) -> 19 | G84: =SUM(G85:G86) -> 11 | H84: =SUM(H85:H86) -> 35 | I84: =SUM(I85:I86) -> 100 | ... AF84: =SUM(AF85:AF86) -> 67 | AG84: =SUM(B84:AF84) -> 1341 | AH84: =IF(AG84<>AG82+AG83,"*","") | AI84: NSP
A85: NSP PEDIATRICOS (<15 AÑOS) | B85: 5 | C85: 20 | D85: 16 | E85: 14 | F85: 2 | G85: 3 | H85: 10 | I85: 25 | J85: 18 | K85: 15 | L85: 10 | M85: 8 | N85: 6 | O85: 1 | P85: 32 | Q85: 23 | R85: 7 | S85: 14 | T85: 4 | U85: 1 | V85: 3 | W85: 35 | X85: 24 | Y85: 14 | Z85: 7 | AA85: 4 | AB85: 4 | AC85: 9 | AD85: 19 | AE85: 23 | AF85: 24 | AG85: =SUM(B85:AF85) -> 400
A86: NSP ADULTOS | B86: 12 | C86: 58 | D86: 57 | E86: 38 | F86: 17 | G86: 8 | H86: 25 | I86: 75 | J86: 48 | K86: 41 | L86: 32 | M86: 21 | N86: 16 | O86: 4 | P86: 59 | Q86: 37 | R86: 15 | S86: 35 | T86: 13 | U86: 5 | V86: 4 | W86: 39 | X86: 50 | Y86: 47 | Z86: 14 | AA86: 18 | AB86: 6 | AC86: 14 | AD86: 45 | AE86: 45 | AF86: 43 | AG86: =SUM(B86:AF86) -> 941
A87: NSP CATEGORIZACION | B87: =SUM(B88:B92) -> 17 | C87: =SUM(C88:C92) -> 78 | D87: =SUM(D88:D92) -> 73 | E87: =SUM(E88:E92) -> 52 | F87: =SUM(F88:F92) -> 19 | G87: =SUM(G88:G92) -> 11 | H87: =SUM(H88:H92) -> 35 | I87: =SUM(I88:I92) -> 100 | ... AF87: =SUM(AF88:AF92) -> 67 | AG87: =SUM(B87:AF87) -> 1341 | AH87: =IF(AG87<>AG84,"*","")
A88: SIN CATEGORIZACIÓN nsp | B88: 6 | C88: 20 | D88: 19 | E88: 13 | F88: 15 | G88: 4 | H88: 3 | I88: 23 | J88: 15 | K88: 5 | L88: 8 | M88: 9 | N88: 5 | O88: 1 | P88: 19 | Q88: 16 | R88: 6 | S88: 11 | T88: 7 | U88: 2 | V88: 1 | W88: 18 | X88: 15 | Y88: 20 | Z88: 2 | AA88: 5 | AB88: 2 | AC88: 5 | AD88: 15 | AE88: 31 | AF88: 16 | AG88: =SUM(B88:AF88) -> 337
A89: C2 | R89: 0 | S89: 0 | T89: 0 | U89: 0 | V89: 0 | W89: 0 | X89: 0 | Y89: 0 | Z89: 0 | AA89: 0 | AB89: 0 | AC89: 0 | AD89: 0 | AE89: 0 | AF89: 0 | AG89: =SUM(B89:AF89) -> 0
A90: C3 | B90: 1 | C90: 1 | D90: 2 | F90: 1 | H90: 1 | I90: 1 | R90: 1 | S90: 0 | T90: 0 | U90: 0 | V90: 0 | W90: 1 | X90: 0 | Y90: 0 | Z90: 0 | AA90: 1 | AB90: 1 | AC90: 0 | AD90: 2 | AE90: 2 | AF90: 3 | AG90: =SUM(B90:AF90) -> 18
A91: C4 | B91: 6 | C91: 39 | D91: 36 | E91: 32 | F91: 3 | G91: 2 | H91: 19 | I91: 58 | J91: 33 | K91: 37 | L91: 22 | M91: 10 | N91: 14 | O91: 1 | P91: 55 | Q91: 37 | R91: 7 | S91: 23 | T91: 6 | U91: 0 | V91: 4 | W91: 51 | X91: 38 | Y91: 28 | Z91: 14 | AA91: 12 | AB91: 5 | AC91: 12 | AD91: 36 | AE91: 26 | AF91: 32 | AG91: =SUM(B91:AF91) -> 698
A92: C5 | B92: 4 | C92: 18 | D92: 16 | E92: 7 | G92: 5 | H92: 12 | I92: 18 | J92: 18 | K92: 14 | L92: 12 | M92: 10 | N92: 3 | O92: 3 | P92: 17 | Q92: 7 | R92: 8 | S92: 15 | T92: 4 | U92: 4 | V92: 2 | W92: 4 | X92: 21 | Y92: 13 | Z92: 5 | AA92: 4 | AB92: 2 | AC92: 6 | AD92: 11 | AE92: 9 | AF92: 16 | AG92: =SUM(B92:AF92) -> 288
A93: TOTAL PACIENTES ATENDIDOS | B93: =+B94+B100 -> 257 | C93: =+C94+C100 -> 225 | D93: =+D94+D100 -> 234 | E93: =+E94+E100 -> 211 | F93: =+F94+F100 -> 204 | G93: =+G94+G100 -> 215 | H93: =+H94+H100 -> 213 | I93: =+I94+I100 -> 215 | ... AF93: =+AF94+AF100 -> 203 | AG93: =SUM(B93:AF93) -> 6766 | AH93: =IF(AG93<>AG28,"*","")
A94: Menor 15 años | B94: =SUM(B95:B99) -> 88 | C94: =SUM(C95:C99) -> 66 | D94: =SUM(D95:D99) -> 67 | E94: =SUM(E95:E99) -> 53 | F94: =SUM(F95:F99) -> 58 | G94: =SUM(G95:G99) -> 64 | H94: =SUM(H95:H99) -> 71 | I94: =SUM(I95:I99) -> 67 | ... AF94: =SUM(AF95:AF99) -> 59 | AG94: =SUM(B94:AF94) -> 1942
A95: Menor 1 Año | C95: 1 | H95: 3 | J95: 3 | K95: 1 | M95: 1 | N95: 2 | O95: 4 | P95: 1 | Q95: 3 | R95: 1 | S95: 2 | T95: 1 | U95: 0 | V95: 1 | W95: 0 | X95: 2 | Y95: 1 | Z95: 1 | AA95: 1 | AB95: 1 | AC95: 2 | AD95: 2 | AE95: 0 | AF95: 0 | AG95: =SUM(B95:AF95) -> 34
A96: 1 Año | B96: 3 | C96: 2 | D96: 1 | E96: 4 | F96: 3 | G96: 2 | I96: 4 | J96: 3 | K96: 1 | L96: 4 | M96: 1 | N96: 2 | O96: 2 | P96: 1 | Q96: 1 | R96: 1 | S96: 0 | T96: 0 | U96: 4 | V96: 4 | W96: 1 | X96: 1 | Y96: 4 | Z96: 6 | AA96: 5 | AB96: 3 | AC96: 3 | AD96: 3 | AE96: 2 | AF96: 3 | AG96: =SUM(B96:AF96) -> 74
A97: 2 - 4 | B97: 22 | C97: 9 | D97: 15 | E97: 9 | F97: 17 | G97: 21 | H97: 20 | I97: 17 | J97: 19 | K97: 10 | L97: 18 | M97: 16 | N97: 17 | O97: 18 | P97: 12 | Q97: 16 | R97: 24 | S97: 13 | T97: 19 | U97: 12 | V97: 13 | W97: 14 | X97: 15 | Y97: 13 | Z97: 14 | AA97: 16 | AB97: 14 | AC97: 14 | AD97: 15 | AE97: 17 | AF97: 14 | AG97: =SUM(B97:AF97) -> 483
A98: 5 - 9 | B98: 38 | C98: 30 | D98: 31 | E98: 23 | F98: 21 | G98: 25 | H98: 27 | I98: 30 | J98: 21 | K98: 24 | L98: 32 | M98: 19 | N98: 20 | O98: 31 | P98: 30 | Q98: 28 | R98: 28 | S98: 25 | T98: 24 | U98: 15 | V98: 24 | W98: 23 | X98: 35 | Y98: 22 | Z98: 26 | AA98: 21 | AB98: 17 | AC98: 26 | AD98: 35 | AE98: 19 | AF98: 26 | AG98: =SUM(B98:AF98) -> 796
A99: 10 - 14 | B99: 25 | C99: 24 | D99: 20 | E99: 17 | F99: 17 | G99: 16 | H99: 21 | I99: 16 | J99: 21 | K99: 15 | L99: 16 | M99: 21 | N99: 16 | O99: 12 | P99: 26 | Q99: 31 | R99: 15 | S99: 26 | T99: 19 | U99: 17 | V99: 12 | W99: 21 | X99: 21 | Y99: 12 | Z99: 14 | AA99: 13 | AB99: 8 | AC99: 14 | AD99: 11 | AE99: 22 | AF99: 16 | AG99: =SUM(B99:AF99) -> 555
A100: Mayor de 15 años | B100: =SUM(B101:B115) -> 169 | C100: =SUM(C101:C115) -> 159 | D100: =SUM(D101:D115) -> 167 | E100: =SUM(E101:E115) -> 158 | F100: =SUM(F101:F115) -> 146 | G100: =SUM(G101:G115) -> 151 | H100: =SUM(H101:H115) -> 142 | I100: =SUM(I101:I115) -> 148 | ... AF100: =SUM(AF101:AF115) -> 144 | AG100: =SUM(B100:AF100) -> 4824
A101: 15 - 19 | B101: 14 | C101: 14 | D101: 17 | E101: 17 | F101: 8 | G101: 10 | H101: 11 | I101: 14 | J101: 22 | K101: 11 | L101: 14 | M101: 11 | N101: 11 | O101: 11 | P101: 22 | Q101: 24 | R101: 19 | S101: 8 | T101: 15 | U101: 21 | V101: 9 | W101: 19 | X101: 11 | Y101: 14 | Z101: 25 | AA101: 11 | AB101: 14 | AC101: 14 | AD101: 16 | AE101: 12 | AF101: 8 | AG101: =SUM(B101:AF101) -> 447
A102: 20 - 24 | B102: 16 | C102: 19 | D102: 11 | E102: 12 | F102: 13 | G102: 14 | H102: 11 | I102: 21 | J102: 25 | K102: 19 | L102: 20 | M102: 13 | N102: 22 | O102: 18 | P102: 15 | Q102: 18 | R102: 14 | S102: 13 | T102: 18 | U102: 10 | V102: 13 | W102: 11 | X102: 13 | Y102: 9 | Z102: 19 | AA102: 16 | AB102: 14 | AC102: 15 | AD102: 16 | AE102: 18 | AF102: 21 | AG102: =SUM(B102:AF102) -> 487
A103: 25 - 29 | B103: 13 | C103: 17 | D103: 15 | E103: 15 | F103: 15 | G103: 11 | H103: 6 | I103: 9 | J103: 20 | K103: 18 | L103: 14 | M103: 17 | N103: 17 | O103: 8 | P103: 20 | Q103: 14 | R103: 17 | S103: 13 | T103: 16 | U103: 19 | V103: 13 | W103: 16 | X103: 14 | Y103: 10 | Z103: 15 | AA103: 6 | AB103: 9 | AC103: 21 | AD103: 12 | AE103: 13 | AF103: 10 | AG103: =SUM(B103:AF103) -> 433
A104: 30 - 34 | B104: 19 | C104: 15 | D104: 15 | E104: 14 | F104: 9 | G104: 19 | H104: 14 | I104: 8 | J104: 19 | K104: 9 | L104: 13 | M104: 11 | N104: 10 | O104: 10 | P104: 13 | Q104: 12 | R104: 10 | S104: 20 | T104: 17 | U104: 12 | V104: 14 | W104: 13 | X104: 11 | Y104: 11 | Z104: 9 | AA104: 17 | AB104: 9 | AC104: 9 | AD104: 12 | AE104: 15 | AF104: 12 | AG104: =SUM(B104:AF104) -> 401
A105: 35 - 39 | B105: 10 | C105: 11 | D105: 13 | E105: 12 | F105: 14 | G105: 11 | H105: 16 | I105: 8 | J105: 13 | K105: 12 | L105: 10 | M105: 7 | N105: 11 | O105: 13 | P105: 10 | Q105: 18 | R105: 10 | S105: 15 | T105: 11 | U105: 11 | V105: 11 | W105: 6 | X105: 6 | Y105: 15 | Z105: 10 | AA105: 9 | AB105: 13 | AC105: 11 | AD105: 17 | AE105: 19 | AF105: 16 | AG105: =SUM(B105:AF105) -> 369
A106: 40 - 44 | B106: 8 | C106: 14 | D106: 8 | E106: 17 | F106: 10 | G106: 14 | H106: 7 | I106: 11 | J106: 7 | K106: 10 | L106: 13 | M106: 19 | N106: 12 | O106: 10 | P106: 19 | Q106: 11 | R106: 13 | S106: 13 | T106: 16 | U106: 7 | V106: 9 | W106: 17 | X106: 14 | Y106: 16 | Z106: 7 | AA106: 9 | AB106: 12 | AC106: 12 | AD106: 7 | AE106: 9 | AF106: 10 | AG106: =SUM(B106:AF106) -> 361
A107: 45 - 49 | B107: 16 | C107: 18 | D107: 14 | E107: 16 | F107: 7 | G107: 14 | H107: 19 | I107: 7 | J107: 12 | K107: 11 | L107: 13 | M107: 8 | N107: 14 | O107: 12 | P107: 9 | Q107: 4 | R107: 8 | S107: 13 | T107: 10 | U107: 9 | V107: 11 | W107: 11 | X107: 11 | Y107: 7 | Z107: 5 | AA107: 9 | AB107: 8 | AC107: 17 | AD107: 16 | AE107: 10 | AF107: 9 | AG107: =SUM(B107:AF107) -> 348
A108: 50 - 54 | B108: 23 | C108: 11 | D108: 20 | E108: 5 | F108: 9 | G108: 9 | H108: 16 | I108: 11 | J108: 13 | K108: 10 | L108: 10 | M108: 12 | N108: 7 | O108: 20 | P108: 9 | Q108: 18 | R108: 15 | S108: 11 | T108: 21 | U108: 13 | V108: 8 | W108: 16 | X108: 17 | Y108: 10 | Z108: 14 | AA108: 16 | AB108: 14 | AC108: 15 | AD108: 11 | AE108: 8 | AF108: 10 | AG108: =SUM(B108:AF108) -> 402
A109: 55 - 59 | B109: 10 | C109: 9 | D109: 14 | E109: 16 | F109: 10 | G109: 14 | H109: 6 | I109: 20 | J109: 11 | K109: 12 | L109: 17 | M109: 23 | N109: 13 | O109: 12 | P109: 12 | Q109: 20 | R109: 9 | S109: 11 | T109: 16 | U109: 14 | V109: 9 | W109: 10 | X109: 11 | Y109: 12 | Z109: 11 | AA109: 17 | AB109: 12 | AC109: 13 | AD109: 7 | AE109: 9 | AF109: 14 | AG109: =SUM(B109:AF109) -> 394
A110: 60 - 64 | B110: 16 | C110: 7 | D110: 9 | E110: 5 | F110: 10 | G110: 10 | H110: 11 | I110: 13 | J110: 6 | K110: 13 | L110: 13 | M110: 19 | N110: 17 | O110: 8 | P110: 18 | Q110: 6 | R110: 14 | S110: 16 | T110: 11 | U110: 11 | V110: 13 | W110: 11 | X110: 5 | Y110: 10 | Z110: 4 | AA110: 9 | AB110: 10 | AC110: 10 | AD110: 9 | AE110: 7 | AF110: 11 | AG110: =SUM(B110:AF110) -> 332
A111: 65 - 69 | B111: 6 | C111: 7 | D111: 7 | E111: 14 | F111: 12 | G111: 9 | H111: 11 | I111: 12 | J111: 9 | K111: 8 | L111: 9 | M111: 10 | N111: 9 | O111: 6 | P111: 3 | Q111: 7 | R111: 11 | S111: 8 | T111: 9 | U111: 6 | V111: 4 | W111: 7 | X111: 5 | Y111: 12 | Z111: 8 | AA111: 11 | AB111: 10 | AC111: 7 | AD111: 13 | AE111: 11 | AF111: 5 | AG111: =SUM(B111:AF111) -> 266
A112: 70 - 74 | B112: 5 | C112: 9 | D112: 11 | E112: 6 | F112: 10 | G112: 6 | H112: 2 | I112: 5 | J112: 3 | K112: 7 | L112: 7 | M112: 8 | N112: 8 | O112: 4 | P112: 3 | Q112: 6 | R112: 3 | S112: 8 | T112: 4 | U112: 10 | V112: 7 | W112: 4 | X112: 11 | Y112: 6 | Z112: 12 | AA112: 7 | AB112: 10 | AC112: 2 | AD112: 5 | AE112: 7 | AF112: 9 | AG112: =SUM(B112:AF112) -> 205
... A114: 80 y mas | B114: 6 | C114: 4 | D114: 10 | E114: 3 | F114: 11 | G114: 5 | H114: 6 | I114: 5 | J114: 7 | K114: 9 | L114: 9 | M114: 8 | N114: 9 | O114: 8 | P114: 7 | Q114: 6 | R114: 10 | S114: 10 | T114: 6 | U114: 8 | V114: 4 | W114: 10 | X114: 8 | Y114: 5 | Z114: 10 | AA114: 8 | AB114: 5 | AC114: 4 | AD114: 1 | AE114: 0 | AF114: 5 | AG114: =SUM(B114:AF114) -> 207
E115: 1 | AG115: =SUM(B115:AF115) -> 1
A116: CENTRO DE SALUD INSCRITO | B116: =SUM(B117:B129) -> 67 | C116: =SUM(C117:C129) -> 94 | D116: =SUM(D117:D129) -> 102 | E116: =SUM(E117:E129) -> 246 | F116: =SUM(F117:F129) -> 65 | G116: =SUM(G117:G129) -> 56 | H116: =SUM(H117:H129) -> 66 | I116: =SUM(I117:I129) -> 108 | ... AF116: =SUM(AF117:AF129) -> 68 | AG116: =SUM(B116:AF116) -> 2471
A117: Violeta Parra | B117: 51 | C117: 73 | D117: 81 | E117: 50 | F117: 51 | G117: 47 | H117: 56 | I117: 85 | J117: 65 | K117: 65 | L117: 66 | M117: 61 | N117: 48 | O117: 11 | P117: 69 | Q117: 72 | R117: 47 | S117: 66 | T117: 65 | U117: 45 | V117: 23 | W117: 73 | X117: 46 | Y117: 55 | Z117: 52 | AA117: 55 | AB117: 42 | AC117: 38 | AD117: 78 | AE117: 71 | AF117: 54 | AG117: =SUM(B117:AF117) -> 1761
A118: Ultraestación | AG118: =SUM(B118:AF118) -> 0
A119: Los Volcanes | AG119: =SUM(B119:AF119) -> 0
A120: Isabel Riquelme | AG120: =SUM(B120:AF120) -> 0
A121: Sol de Oriente | AG121: =SUM(B121:AF121) -> 0
A122: San Ramón Nonato | AG122: =SUM(B122:AF122) -> 0
A123: Federico Puga | AG123: =SUM(B123:AF123) -> 0
A124: Michelle Bachelet | AG124: =SUM(B124:AF124) -> 0
...

Sheet JUNIO
A2: MES | B2: 1 | C2: =+B2+1 -> 2 | D2: =+C2+1 -> 3 | E2: =+D2+1 -> 4 | F2: =+E2+1 -> 5 | G2: =+F2+1 -> 6 | H2: =+G2+1 -> 7 | I2: =+H2+1 -> 8 | J2: =+I2+1 -> 9 | ... AA2: =+Z2+1 -> 26 | AB2: 27 | AC2: =+AB2+1 -> 28 | AD2: 29 | AE2: 30 | AF2: 31 | AG2: TOTAL
A3: Total de Inscritos | B3: =SUM(B4:B27) -> 233 | C3: =SUM(C4:C27) -> 210 | D3: =SUM(D4:D27) -> 201 | E3: =SUM(E4:E27) -> 196 | F3: =SUM(F4:F27) -> 284 | G3: =SUM(G4:G27) -> 271 | H3: =SUM(H4:H27) -> 222 | I3: =SUM(I4:I27) -> 163 | ... AF3: =SUM(AF4:AF27) -> 0 | AG3: =SUM(B3:AF3) -> 5854
A4: 08:00 | B4: 8 | C4: 14 | D4: 17 | E4: 5 | F4: 26 | G4: 22 | H4: 8 | I4: 5 | J4: 4 | K4: 7 | L4: 5 | M4: 9 | N4: 6 | O4: 9 | P4: 11 | Q4: 11 | R4: 6 | S4: 3 | T4: 16 | U4: 11 | V4: 8 | W4: 12 | X4: 10 | Y4: 5 | Z4: 4 | AA4: 4 | AB4: 7 | AC4: 7 | AD4: 12 | AE4: 6 | AG4: =SUM(B4:AF4) -> 278
A5: 09:00 | B5: 22 | C5: 18 | D5: 15 | E5: 9 | F5: 19 | G5: 10 | H5: 13 | I5: 9 | J5: 13 | K5: 14 | L5: 9 | M5: 21 | N5: 8 | O5: 12 | P5: 13 | Q5: 8 | R5: 17 | S5: 13 | T5: 14 | U5: 10 | V5: 8 | W5: 12 | X5: 8 | Y5: 13 | Z5: 6 | AA5: 6 | AB5: 13 | AC5: 7 | AD5: 6 | AE5: 9 | AG5: =SUM(B5:AF5) -> 355
A6: 10:00 | B6: 11 | C6: 18 | D6: 12 | E6: 8 | F6: 21 | G6: 25 | H6: 18 | I6: 10 | J6: 14 | K6: 21 | L6: 7 | M6: 16 | N6: 9 | O6: 11 | P6: 18 | Q6: 14 | R6: 14 | S6: 9 | T6: 14 | U6: 17 | V6: 14 | W6: 14 | X6: 22 | Y6: 12 | Z6: 8 | AA6: 9 | AB6: 16 | AC6: 13 | AD6: 9 | AE6: 13 | AG6: =SUM(B6:AF6) -> 417
A7: 11:00 | B7: 11 | C7: 14 | D7: 24 | E7: 12 | F7: 23 | G7: 13 | H7: 23 | I7: 16 | J7: 15 | K7: 12 | L7: 13 | M7: 19 | N7: 15 | O7: 16 | P7: 24 | Q7: 15 | R7: 10 | S7: 10 | T7: 13 | U7: 11 | V7: 20 | W7: 13 | X7: 11 | Y7: 11 | Z7: 7 | AA7: 14 | AB7: 12 | AC7: 12 | AD7: 16 | AE7: 11 | AG7: =SUM(B7:AF7) -> 436
A8: 12:00 | B8: 23 | C8: 11 | D8: 11 | E8: 20 | F8: 10 | G8: 19 | H8: 10 | I8: 11 | J8: 19 | K8: 10 | L8: 18 | M8: 19 | N8: 9 | O8: 17 | P8: 12 | Q8: 6 | R8: 9 | S8: 11 | T8: 8 | U8: 17 | V8: 15 | W8: 8 | X8: 11 | Y8: 11 | Z8: 14 | AA8: 14 | AB8: 12 | AC8: 9 | AD8: 8 | AE8: 9 | AG8: =SUM(B8:AF8) -> 381
A9: 13:00 | B9: 13 | C9: 7 | D9: 7 | E9: 10 | F9: 20 | G9: 6 | H9: 12 | I9: 6 | J9: 10 | K9: 5 | L9: 12 | M9: 21 | N9: 10 | O9: 8 | P9: 16 | Q9: 5 | R9: 11 | S9: 9 | T9: 15 | U9: 11 | V9: 8 | W9: 9 | X9: 7 | Y9: 7 | Z9: 22 | AA9: 19 | AB9: 17 | AC9: 8 | AD9: 10 | AE9: 8 | AG9: =SUM(B9:AF9) -> 329
A10: 14:00 | B10: 11 | C10: 13 | D10: 9 | E10: 17 | F10: 13 | G10: 22 | H10: 12 | I10: 9 | J10: 12 | K10: 6 | L10: 13 | M10: 13 | N10: 15 | O10: 13 | P10: 7 | Q10: 8 | R10: 9 | S10: 10 | T10: 13 | U10: 12 | V10: 12 | W10: 7 | X10: 15 | Y10: 10 | Z10: 7 | AA10: 8 | AB10: 20 | AC10: 16 | AD10: 14 | AE10: 12 | AG10: =SUM(B10:AF10) -> 358
A11: 15:00 | B11: 14 | C11: 19 | D11: 23 | E11: 11 | F11: 18 | G11: 22 | H11: 16 | I11: 10 | J11: 19 | K11: 8 | L11: 12 | M11: 13 | N11: 14 | O11: 20 | P11: 12 | Q11: 20 | R11: 11 | S11: 12 | T11: 11 | U11: 19 | V11: 21 | W11: 9 | X11: 21 | Y11: 7 | Z11: 13 | AA11: 16 | AB11: 20 | AC11: 12 | AD11: 8 | AE11: 16 | AG11: =SUM(B11:AF11) -> 447
A12: 16:00 | B12: 18 | C12: 18 | D12: 12 | E12: 15 | F12: 13 | G12: 18 | H12: 18 | I12: 5 | J12: 14 | K12: 7 | L12: 10 | M12: 30 | N12: 17 | O12: 14 | P12: 8 | Q12: 12 | R12: 11 | S12: 8 | T12: 18 | U12: 21 | V12: 9 | W12: 14 | X12: 14 | Y12: 9 | Z12: 10 | AA12: 15 | AB12: 16 | AC12: 13 | AD12: 15 | AE12: 10 | AG12: =SUM(B12:AF12) -> 412
A13: 17:00 | B13: 22 | C13: 11 | D13: 6 | E13: 14 | F13: 20 | G13: 21 | H13: 17 | I13: 12 | J13: 13 | K13: 5 | L13: 18 | M13: 23 | N13: 21 | O13: 17 | P13: 11 | Q13: 25 | R13: 5 | S13: 7 | T13: 17 | U13: 24 | V13: 10 | W13: 15 | X13: 13 | Y13: 13 | Z13: 9 | AA13: 19 | AB13: 14 | AC13: 8 | AD13: 21 | AE13: 14 | AG13: =SUM(B13:AF13) -> 445
A14: 18:00 | B14: 13 | C14: 15 | D14: 10 | E14: 14 | F14: 16 | G14: 20 | H14: 14 | I14: 9 | J14: 7 | K14: 10 | L14: 10 | M14: 15 | N14: 11 | O14: 15 | P14: 16 | Q14: 11 | R14: 10 | S14: 8 | T14: 11 | U14: 8 | V14: 12 | W14: 19 | X14: 11 | Y14: 8 | Z14: 6 | AA14: 9 | AB14: 13 | AC14: 8 | AD14: 11 | AE14: 10 | AG14: =SUM(B14:AF14) -> 350
A15: 19:00 | B15: 9 | C15: 10 | D15: 5 | E15: 5 | F15: 22 | G15: 23 | H15: 10 | I15: 13 | J15: 14 | K15: 4 | L15: 3 | M15: 10 | N15: 7 | O15: 13 | P15: 14 | Q15: 13 | R15: 9 | S15: 7 | T15: 23 | U15: 9 | V15: 10 | W15: 10 | X15: 8 | Y15: 4 | Z15: 8 | AA15: 7 | AB15: 10 | AC15: 14 | AD15: 8 | AE15: 11 | AG15: =SUM(B15:AF15) -> 313
... A27: 07:00 | B27: 4 | C27: 1 | D27: 1 | E27: 3 | F27: 5 | G27: 5 | H27: 2 | I27: 2 | J27: 1 | K27: 2 | L27: 2 | M27: 2 | N27: 3 | O27: 2 | P27: 2 | Q27: 3 | R27: 1 | S27: 3 | T27: 3 | U27: 4 | V27: 0 | W27: 1 | X27: 3 | Y27: 1 | Z27: 1 | AA27: 0 | AB27: 2 | AC27: 0 | AD27: 3 | AE27: 2 | AG27: =SUM(B27:AF27) -> 64
A28: Total de atendidos | B28: =SUM(B29:B52) -> 203 | C28: =SUM(C29:C52) -> 167 | D28: =SUM(D29:D52) -> 189 | E28: =SUM(E29:E52) -> 195 | F28: =SUM(F29:F52) -> 214 | G28: =SUM(G29:G52) -> 224 | H28: =SUM(H29:H52) -> 188 | I28: =SUM(I29:I52) -> 158 | ... AF28: =SUM(AF29:AF52) -> 0 | AG28: =SUM(B28:AF28) -> 5310
A29: 08:00 | B29: 1 | C29: 4 | D29: 8 | E29: 4 | F29: 5 | G29: 9 | H29: 7 | I29: 1 | J29: 2 | K29: 11 | L29: 3 | M29: 8 | N29: 2 | O29: 7 | P29: 5 | Q29: 7 | R29: 3 | S29: 2 | T29: 8 | U29: 10 | V29: 5 | W29: 7 | X29: 3 | Y29: 5 | Z29: 0 | AA29: 3 | AB29: 5 | AC29: 1 | AD29: 10 | AE29: 4 | AG29: =SUM(B29:AF29) -> 150
A30: 09:00 | B30: 8 | C30: 8 | D30: 6 | E30: 7 | F30: 3 | G30: 8 | H30: 5 | I30: 8 | J30: 9 | K30: 1 | L30: 6 | M30: 12 | N30: 8 | O30: 9 | P30: 18 | Q30: 5 | R30: 7 | S30: 7 | T30: 8 | U30: 10 | V30: 5 | W30: 11 | X30: 11 | Y30: 12 | Z30: 9 | AA30: 6 | AB30: 9 | AC30: 4 | AD30: 9 | AE30: 8 | AG30: =SUM(B30:AF30) -> 237
A31: 10:00 | B31: 5 | C31: 4 | D31: 16 | E31: 11 | F31: 5 | G31: 9 | H31: 9 | I31: 8 | J31: 11 | K31: 23 | L31: 11 | M31: 11 | N31: 9 | O31: 3 | P31: 12 | Q31: 9 | R31: 16 | S31: 11 | T31: 13 | U31: 8 | V31: 15 | W31: 12 | X31: 6 | Y31: 12 | Z31: 7 | AA31: 6 | AB31: 10 | AC31: 8 | AD31: 4 | AE31: 7 | AG31: =SUM(B31:AF31) -> 291
A32: 11:00 | B32: 7 | C32: 4 | D32: 15 | E32: 12 | F32: 5 | G32: 15 | H32: 6 | I32: 9 | J32: 8 | K32: 15 | L32: 2 | M32: 8 | N32: 10 | O32: 11 | P32: 18 | Q32: 9 | R32: 14 | S32: 11 | T32: 13 | U32: 8 | V32: 16 | W32: 11 | X32: 9 | Y32: 10 | Z32: 9 | AA32: 13 | AB32: 11 | AC32: 4 | AD32: 5 | AE32: 4 | AG32: =SUM(B32:AF32) -> 292
A33: 12:00 | B33: 13 | C33: 5 | D33: 10 | E33: 11 | F33: 2 | G33: 7 | H33: 6 | I33: 8 | J33: 7 | K33: 8 | L33: 9 | M33: 7 | N33: 8 | O33: 4 | P33: 7 | Q33: 10 | R33: 7 | S33: 9 | T33: 11 | U33: 9 | V33: 20 | W33: 13 | X33: 8 | Y33: 10 | Z33: 9 | AA33: 10 | AB33: 7 | AC33: 5 | AD33: 7 | AE33: 14 | AG33: =SUM(B33:AF33) -> 261
A34: 13:00 | B34: 9 | C34: 5 | D34: 12 | E34: 9 | F34: 8 | G34: 4 | H34: 3 | I34: 10 | J34: 8 | K34: 6 | L34: 11 | M34: 8 | N34: 8 | O34: 6 | P34: 5 | Q34: 5 | R34: 11 | S34: 11 | T34: 6 | U34: 4 | V34: 8 | W34: 6 | X34: 5 | Y34: 7 | Z34: 10 | AA34: 6 | AB34: 4 | AC34: 10 | AD34: 8 | AE34: 8 | AG34: =SUM(B34:AF34) -> 221
A35: 14:00 | B35: 15 | C35: 7 | D35: 4 | E35: 12 | F35: 14 | G35: 12 | H35: 14 | I35: 10 | J35: 13 | K35: 6 | L35: 15 | M35: 10 | N35: 10 | O35: 9 | P35: 12 | Q35: 12 | R35: 15 | S35: 10 | T35: 8 | U35: 11 | V35: 7 | W35: 9 | X35: 9 | Y35: 10 | Z35: 8 | AA35: 8 | AB35: 8 | AC35: 6 | AD35: 8 | AE35: 7 | AG35: =SUM(B35:AF35) -> 299
